[2026-10-03 19:38:01,325: INFO/MainProcess] Connected to redis://default:**@whistle-agreement-immune-83193.db.redis.io:15296//
[2026-10-03 19:38:03,043: INFO/MainProcess] mingle: searching for neighbors
[2026-10-03 19:38:11,054: INFO/MainProcess] mingle: all alone
[2026-10-03 19:38:19,210: INFO/MainProcess] celery@LAPTOP-36NJC1OQ ready.
[2026-10-03 19:38:23,575: INFO/MainProcess] Task backend.worker.tasks.evaluate_alerts[223a3bbb-1427-4a9f-a0c0-854b7c3524ad] received
[2026-10-03 19:38:23,590: INFO/MainProcess] Evaluating health alerts...
[2026-10-03 19:38:27,824: INFO/MainProcess] Task backend.worker.tasks.evaluate_alerts[223a3bbb-1427-4a9f-a0c0-854b7c3524ad] succeeded in 4.235000000000582s: None
[2026-10-03 19:38:50,167: INFO/MainProcess] Task backend.worker.tasks.pick_due_actions[e7da98e9-4f5c-48ce-97bf-1adfc834949a] received
[2026-10-03 19:38:50,169: INFO/MainProcess] Worker LAPTOP-36NJC1OQ:30532 polling for due actions...
[2026-10-03 19:38:51,598: INFO/MainProcess] Claimed 0 actions
[2026-10-03 19:38:52,070: INFO/MainProcess] Task backend.worker.tasks.pick_due_actions[e7da98e9-4f5c-48ce-97bf-1adfc834949a] succeeded in 1.9070000000065193s: 'Queued 0 actions'
[2026-10-03 19:39:00,359: INFO/MainProcess] Task backend.worker.tasks.pick_due_actions[5f17c9c4-7b05-4adf-9c30-45bd6d694e43] received
[2026-10-03 19:39:00,370: INFO/MainProcess] Worker LAPTOP-36NJC1OQ:30532 polling for due actions...
[2026-10-03 19:39:01,796: INFO/MainProcess] Claimed 0 actions
[2026-10-03 19:39:02,275: INFO/MainProcess] Task backend.worker.tasks.pick_due_actions[5f17c9c4-7b05-4adf-9c30-45bd6d694e43] succeeded in 1.9069999999919673s: 'Queued 0 actions'
[2026-10-03 19:39:05,746: INFO/MainProcess] Task backend.worker.tasks.evaluate_alerts[1922f702-b8ca-4c06-a4dd-852e1fc55e87] received
[2026-10-03 19:39:05,760: INFO/MainProcess] Evaluating health alerts...
[2026-10-03 19:39:08,431: INFO/MainProcess] Task backend.worker.tasks.evaluate_alerts[1922f702-b8ca-4c06-a4dd-852e1fc55e87] succeeded in 2.6719999999913853s: None
[2026-10-03 19:39:23,559: INFO/MainProcess] Task backend.worker.tasks.evaluate_alerts[091274ed-d032-486f-bb24-3d899c2533ce] received
[2026-10-03 19:39:23,571: INFO/MainProcess] Evaluating health alerts...
[2026-10-03 19:39:26,633: INFO/MainProcess] Task backend.worker.tasks.evaluate_alerts[091274ed-d032-486f-bb24-3d899c2533ce] succeeded in 3.062000000005355s: None
[2026-10-03 19:39:50,190: INFO/MainProcess] Task backend.worker.tasks.pick_due_actions[224e5e4f-3769-4706-b3de-a7fcad612e03] received
[2026-10-03 19:39:50,191: INFO/MainProcess] Worker LAPTOP-36NJC1OQ:30532 polling for due actions...
[2026-10-03 19:39:51,585: INFO/MainProcess] Claimed 0 actions
[2026-10-03 19:39:52,047: INFO/MainProcess] Task backend.worker.tasks.pick_due_actions[224e5e4f-3769-4706-b3de-a7fcad612e03] succeeded in 1.8589999999967404s: 'Queued 0 actions'
[2026-10-03 19:40:00,355: INFO/MainProcess] Task backend.worker.tasks.pick_due_actions[3d34dd9e-7016-478c-b52c-77765ddeb73b] received
[2026-10-03 19:40:00,356: INFO/MainProcess] Worker LAPTOP-36NJC1OQ:30532 polling for due actions...
[2026-10-03 19:40:01,769: INFO/MainProcess] Claimed 0 actions
[2026-10-03 19:40:02,253: INFO/MainProcess] Task backend.worker.tasks.pick_due_actions[3d34dd9e-7016-478c-b52c-77765ddeb73b] succeeded in 1.889999999999418s: 'Queued 0 actions'
[2026-10-03 19:40:06,037: INFO/MainProcess] Task backend.worker.tasks.snapshot_health[5d5f5248-c521-4528-b8f3-826b48acd309] received
[2026-10-03 19:40:06,051: INFO/MainProcess] Generating health snapshots...
[2026-10-03 19:40:08,456: INFO/MainProcess] Task backend.worker.tasks.snapshot_health[5d5f5248-c521-4528-b8f3-826b48acd309] succeeded in 2.4070000000065193s: None
[2026-10-03 19:40:23,558: INFO/MainProcess] Task backend.worker.tasks.evaluate_alerts[098f52e8-292a-47a5-870a-fd4ee8684278] received
[2026-10-03 19:40:23,559: INFO/MainProcess] Evaluating health alerts...
[2026-10-03 19:40:26,587: INFO/MainProcess] Task backend.worker.tasks.evaluate_alerts[098f52e8-292a-47a5-870a-fd4ee8684278] succeeded in 3.0310000000026776s: None
[2026-10-03 19:40:50,196: INFO/MainProcess] Task backend.worker.tasks.pick_due_actions[c03e5a40-e20a-4b9f-965f-dae2a9a04511] received
[2026-10-03 19:40:50,197: INFO/MainProcess] Worker LAPTOP-36NJC1OQ:30532 polling for due actions...
[2026-10-03 19:40:51,595: INFO/MainProcess] Claimed 0 actions
[2026-10-03 19:40:52,060: INFO/MainProcess] Task backend.worker.tasks.pick_due_actions[c03e5a40-e20a-4b9f-965f-dae2a9a04511] succeeded in 1.8589999999967404s: 'Queued 0 actions'
[2026-10-03 19:40:55,683: INFO/MainProcess] Task backend.worker.tasks.retry_stuck_classifications[44e25607-c63c-49d0-b03d-9c40e1ddeb69] received
[2026-10-03 19:40:55,684: INFO/MainProcess] Checking for stuck classifications...
[2026-10-03 19:40:57,580: INFO/MainProcess] Task backend.worker.tasks.retry_stuck_classifications[44e25607-c63c-49d0-b03d-9c40e1ddeb69] succeeded in 1.8910000000032596s: 'Re-queued 0 payments'
[2026-10-03 19:41:00,373: INFO/MainProcess] Task backend.worker.tasks.pick_due_actions[191f624f-d468-4499-bc03-b0fe7a680ca4] received
[2026-10-03 19:41:00,385: INFO/MainProcess] Worker LAPTOP-36NJC1OQ:30532 polling for due actions...
[2026-10-03 19:41:01,591: INFO/MainProcess] Claimed 0 actions
[2026-10-03 19:41:02,068: INFO/MainProcess] Task backend.worker.tasks.pick_due_actions[191f624f-d468-4499-bc03-b0fe7a680ca4] succeeded in 1.687999999994645s: 'Queued 0 actions'
[2026-10-03 19:42:17,146: INFO/MainProcess] Task backend.worker.tasks.snapshot_health[fce6ae4b-8315-4487-8467-a920707825fa] received
[2026-10-03 19:42:17,158: INFO/MainProcess] Generating health snapshots...
[2026-10-03 19:42:19,922: INFO/MainProcess] Task backend.worker.tasks.snapshot_health[fce6ae4b-8315-4487-8467-a920707825fa] succeeded in 2.764999999999418s: None
[2026-10-03 19:42:20,722: INFO/MainProcess] Task backend.worker.tasks.evaluate_alerts[26654d08-282b-4863-a2f9-4adbdba84117] received
[2026-10-03 19:42:20,733: INFO/MainProcess] Evaluating health alerts...
[2026-10-03 19:42:23,709: INFO/MainProcess] Task backend.worker.tasks.evaluate_alerts[26654d08-282b-4863-a2f9-4adbdba84117] succeeded in 2.9839999999967404s: None
[2026-10-03 19:42:24,498: INFO/MainProcess] Task backend.worker.tasks.pick_due_actions[c1864828-5a8a-40af-8310-3b74d6225cda] received
[2026-10-03 19:42:24,511: INFO/MainProcess] Worker LAPTOP-36NJC1OQ:30532 polling for due actions...
[2026-10-03 19:42:25,933: INFO/MainProcess] Claimed 0 actions
[2026-10-03 19:42:26,393: INFO/MainProcess] Task backend.worker.tasks.pick_due_actions[c1864828-5a8a-40af-8310-3b74d6225cda] succeeded in 1.875s: 'Queued 0 actions'
[2026-10-03 19:42:27,189: INFO/MainProcess] Task backend.worker.tasks.snapshot_health[d20ae3c0-9f3a-44db-9f25-c9b8f2fd378a] received
[2026-10-03 19:42:27,190: INFO/MainProcess] Generating health snapshots...
[2026-10-03 19:42:29,614: INFO/MainProcess] Task backend.worker.tasks.snapshot_health[d20ae3c0-9f3a-44db-9f25-c9b8f2fd378a] succeeded in 2.422000000005937s: None
[2026-10-03 19:42:30,394: INFO/MainProcess] Task backend.worker.tasks.pick_due_actions[7950192c-39c9-48c0-818d-70b98a1ae17b] received
[2026-10-03 19:42:30,396: INFO/MainProcess] Worker LAPTOP-36NJC1OQ:30532 polling for due actions...
[2026-10-03 19:42:31,813: INFO/MainProcess] Claimed 0 actions
[2026-10-03 19:42:32,064: INFO/MainProcess] Task backend.worker.tasks.pick_due_actions[7950192c-39c9-48c0-818d-70b98a1ae17b] succeeded in 1.6560000000026776s: 'Queued 0 actions'
[2026-10-03 19:42:32,859: INFO/MainProcess] Task backend.worker.tasks.evaluate_alerts[5894f590-e916-4347-8556-34f3e69ebde1] received
[2026-10-03 19:42:32,870: INFO/MainProcess] Evaluating health alerts...
[2026-10-03 19:42:35,880: INFO/MainProcess] Task backend.worker.tasks.evaluate_alerts[5894f590-e916-4347-8556-34f3e69ebde1] succeeded in 3.0s: None
[2026-10-03 19:42:50,179: INFO/MainProcess] Task backend.worker.tasks.pick_due_actions[3bedccae-b172-4aa7-9901-6e85b15632f5] received
[2026-10-03 19:42:50,180: INFO/MainProcess] Worker LAPTOP-36NJC1OQ:30532 polling for due actions...
[2026-10-03 19:42:51,612: INFO/MainProcess] Claimed 0 actions
[2026-10-03 19:42:52,078: INFO/MainProcess] Task backend.worker.tasks.pick_due_actions[3bedccae-b172-4aa7-9901-6e85b15632f5] succeeded in 1.8910000000032596s: 'Queued 0 actions'
[2026-10-03 19:43:00,358: INFO/MainProcess] Task backend.worker.tasks.pick_due_actions[f6424043-9b9a-4735-aace-54700ff6add2] received
[2026-10-03 19:43:00,360: INFO/MainProcess] Worker LAPTOP-36NJC1OQ:30532 polling for due actions...
[2026-10-03 19:43:01,563: INFO/MainProcess] Claimed 0 actions
[2026-10-03 19:43:02,036: INFO/MainProcess] Task backend.worker.tasks.pick_due_actions[f6424043-9b9a-4735-aace-54700ff6add2] succeeded in 1.6719999999913853s: 'Queued 0 actions'
[2026-10-03 19:43:05,748: INFO/MainProcess] Task backend.worker.tasks.evaluate_alerts[fd265c26-7299-4cc9-9d9b-4435cbe33826] received
[2026-10-03 19:43:05,759: INFO/MainProcess] Evaluating health alerts...
[2026-10-03 19:43:09,060: INFO/MainProcess] Task backend.worker.tasks.evaluate_alerts[fd265c26-7299-4cc9-9d9b-4435cbe33826] succeeded in 3.2969999999913853s: None
[2026-10-03 19:43:23,567: INFO/MainProcess] Task backend.worker.tasks.evaluate_alerts[cb79a769-9aea-448b-ae61-92477e345fe7] received
[2026-10-03 19:43:23,578: INFO/MainProcess] Evaluating health alerts...
[2026-10-03 19:43:26,831: INFO/MainProcess] Task backend.worker.tasks.evaluate_alerts[cb79a769-9aea-448b-ae61-92477e345fe7] succeeded in 3.25s: None
[2026-10-03 19:43:50,234: INFO/MainProcess] Task backend.worker.tasks.pick_due_actions[3a15db48-9ed2-4a60-abc0-d96288b510c3] received
[2026-10-03 19:43:50,236: INFO/MainProcess] Worker LAPTOP-36NJC1OQ:30532 polling for due actions...
[2026-10-03 19:43:51,944: INFO/MainProcess] Claimed 0 actions
[2026-10-03 19:43:52,421: INFO/MainProcess] Task backend.worker.tasks.pick_due_actions[3a15db48-9ed2-4a60-abc0-d96288b510c3] succeeded in 2.186999999990803s: 'Queued 0 actions'
[2026-10-03 19:44:00,606: INFO/MainProcess] Task backend.worker.tasks.pick_due_actions[94304c66-b824-48fb-93ee-1dc30e6816dc] received
[2026-10-03 19:44:00,607: INFO/MainProcess] Worker LAPTOP-36NJC1OQ:30532 polling for due actions...
[2026-10-03 19:44:02,066: INFO/MainProcess] Claimed 0 actions
[2026-10-03 19:44:02,536: INFO/MainProcess] Task backend.worker.tasks.pick_due_actions[94304c66-b824-48fb-93ee-1dc30e6816dc] succeeded in 1.9369999999908032s: 'Queued 0 actions'
[2026-10-03 19:44:05,761: INFO/MainProcess] Task backend.worker.tasks.evaluate_alerts[5db4a415-571e-471a-8c02-cb954c48911c] received
[2026-10-03 19:44:05,762: INFO/MainProcess] Evaluating health alerts...
[2026-10-03 19:44:08,758: INFO/MainProcess] Task backend.worker.tasks.evaluate_alerts[5db4a415-571e-471a-8c02-cb954c48911c] succeeded in 3.0s: None
[2026-10-03 19:44:23,604: INFO/MainProcess] Task backend.worker.tasks.evaluate_alerts[d0b538e3-ed2e-48a8-878b-e3d2cd680222] received
[2026-10-03 19:44:23,617: INFO/MainProcess] Evaluating health alerts...
[2026-10-03 19:44:26,597: INFO/MainProcess] Task backend.worker.tasks.evaluate_alerts[d0b538e3-ed2e-48a8-878b-e3d2cd680222] succeeded in 2.9689999999973224s: None
[2026-10-03 19:45:00,360: INFO/MainProcess] Task backend.worker.tasks.pick_due_actions[72a0f9db-5683-4608-945d-fda1d69e0d15] received
[2026-10-03 19:45:00,371: INFO/MainProcess] Worker LAPTOP-36NJC1OQ:30532 polling for due actions...
[2026-10-03 19:45:02,071: INFO/MainProcess] Claimed 0 actions
[2026-10-03 19:45:02,536: INFO/MainProcess] Task backend.worker.tasks.pick_due_actions[72a0f9db-5683-4608-945d-fda1d69e0d15] succeeded in 2.1719999999913853s: 'Queued 0 actions'
[2026-10-03 19:45:05,746: INFO/MainProcess] Task backend.worker.tasks.evaluate_alerts[4ab87e57-035f-4bf9-9053-0d731819c43f] received
[2026-10-03 19:45:05,758: INFO/MainProcess] Evaluating health alerts...
[2026-10-03 19:45:08,406: INFO/MainProcess] Task backend.worker.tasks.evaluate_alerts[4ab87e57-035f-4bf9-9053-0d731819c43f] succeeded in 2.6409999999887077s: None
[2026-10-03 19:45:12,836: INFO/MainProcess] Task backend.worker.tasks.snapshot_health[ee723fbb-b27e-480e-a210-01d4eef35e3f] received
[2026-10-03 19:45:12,837: INFO/MainProcess] Generating health snapshots...
[2026-10-03 19:45:15,572: INFO/MainProcess] Task backend.worker.tasks.snapshot_health[ee723fbb-b27e-480e-a210-01d4eef35e3f] succeeded in 2.735000000000582s: None
[2026-10-03 19:45:23,573: INFO/MainProcess] Task backend.worker.tasks.evaluate_alerts[4a8700b7-2aa0-4201-9815-7161a12003d7] received
[2026-10-03 19:45:23,585: INFO/MainProcess] Evaluating health alerts...
[2026-10-03 19:45:26,545: INFO/MainProcess] Task backend.worker.tasks.evaluate_alerts[4a8700b7-2aa0-4201-9815-7161a12003d7] succeeded in 2.952999999994063s: None
[2026-10-03 19:45:50,177: INFO/MainProcess] Task backend.worker.tasks.pick_due_actions[48e8dd2f-2a31-4313-a921-e7e9d238661e] received
[2026-10-03 19:45:50,179: INFO/MainProcess] Worker LAPTOP-36NJC1OQ:30532 polling for due actions...
[2026-10-03 19:45:51,587: INFO/MainProcess] Claimed 0 actions
[2026-10-03 19:45:52,053: INFO/MainProcess] Task backend.worker.tasks.pick_due_actions[48e8dd2f-2a31-4313-a921-e7e9d238661e] succeeded in 1.875s: 'Queued 0 actions'
[2026-10-03 19:46:00,357: INFO/MainProcess] Task backend.worker.tasks.pick_due_actions[a5792370-12f6-4c67-8760-2b19f36dffd5] received
[2026-10-03 19:46:00,370: INFO/MainProcess] Worker LAPTOP-36NJC1OQ:30532 polling for due actions...
[2026-10-03 19:46:01,612: INFO/MainProcess] Claimed 0 actions
[2026-10-03 19:46:02,087: INFO/MainProcess] Task backend.worker.tasks.pick_due_actions[a5792370-12f6-4c67-8760-2b19f36dffd5] succeeded in 1.7189999999973224s: 'Queued 0 actions'
[2026-10-03 19:46:07,225: INFO/MainProcess] Task backend.worker.tasks.snapshot_health[d203153b-c1e3-429a-ab06-0ddfecfb4ace] received
[2026-10-03 19:46:07,227: INFO/MainProcess] Generating health snapshots...
[2026-10-03 19:46:09,999: INFO/MainProcess] Task backend.worker.tasks.snapshot_health[d203153b-c1e3-429a-ab06-0ddfecfb4ace] succeeded in 2.764999999999418s: None
[2026-10-03 19:46:12,850: INFO/MainProcess] Task backend.worker.tasks.snapshot_health[bffb927e-f306-4c77-a085-50ead37bfe0c] received
[2026-10-03 19:46:12,852: INFO/MainProcess] Generating health snapshots...
[2026-10-03 19:46:15,540: INFO/MainProcess] Task backend.worker.tasks.snapshot_health[bffb927e-f306-4c77-a085-50ead37bfe0c] succeeded in 2.686999999990803s: None
[2026-10-03 19:46:23,565: INFO/MainProcess] Task backend.worker.tasks.evaluate_alerts[0c5887ad-4dfe-4515-b522-20d5e4e36167] received
[2026-10-03 19:46:23,566: INFO/MainProcess] Evaluating health alerts...
[2026-10-03 19:46:26,605: INFO/MainProcess] Task backend.worker.tasks.evaluate_alerts[0c5887ad-4dfe-4515-b522-20d5e4e36167] succeeded in 3.047000000005937s: None
[2026-10-03 19:46:50,186: INFO/MainProcess] Task backend.worker.tasks.pick_due_actions[dd25a96d-8394-4131-b07f-5fca95c6c3e4] received
[2026-10-03 19:46:50,187: INFO/MainProcess] Worker LAPTOP-36NJC1OQ:30532 polling for due actions...
[2026-10-03 19:46:51,402: INFO/MainProcess] Claimed 0 actions
[2026-10-03 19:46:51,868: INFO/MainProcess] Task backend.worker.tasks.pick_due_actions[dd25a96d-8394-4131-b07f-5fca95c6c3e4] succeeded in 1.687000000005355s: 'Queued 0 actions'
[2026-10-03 19:47:00,360: INFO/MainProcess] Task backend.worker.tasks.pick_due_actions[e0cd1279-993c-46c8-bbad-2a718490fc74] received
[2026-10-03 19:47:00,372: INFO/MainProcess] Worker LAPTOP-36NJC1OQ:30532 polling for due actions...
[2026-10-03 19:47:01,794: INFO/MainProcess] Claimed 0 actions
[2026-10-03 19:47:02,257: INFO/MainProcess] Task backend.worker.tasks.pick_due_actions[e0cd1279-993c-46c8-bbad-2a718490fc74] succeeded in 1.8910000000032596s: 'Queued 0 actions'
[2026-10-03 19:47:05,742: INFO/MainProcess] Task backend.worker.tasks.evaluate_alerts[a580e581-9290-46ac-a5a5-05f83f35f851] received
[2026-10-03 19:47:05,743: INFO/MainProcess] Evaluating health alerts...
[2026-10-03 19:47:10,197: INFO/MainProcess] Task backend.worker.tasks.evaluate_alerts[a580e581-9290-46ac-a5a5-05f83f35f851] succeeded in 4.4539999999979045s: None
[2026-10-03 19:47:12,852: INFO/MainProcess] Task backend.worker.tasks.snapshot_health[0b9b6514-e7a3-47ec-8b69-f5089141c302] received
[2026-10-03 19:47:12,853: INFO/MainProcess] Generating health snapshots...
[2026-10-03 19:47:15,582: INFO/MainProcess] Task backend.worker.tasks.snapshot_health[0b9b6514-e7a3-47ec-8b69-f5089141c302] succeeded in 2.7189999999973224s: None
[2026-10-03 19:48:00,360: INFO/MainProcess] Task backend.worker.tasks.pick_due_actions[1b1f88ac-5a91-472d-b99e-3e29b90f3828] received
[2026-10-03 19:48:00,373: INFO/MainProcess] Worker LAPTOP-36NJC1OQ:30532 polling for due actions...
[2026-10-03 19:48:01,807: INFO/MainProcess] Claimed 0 actions
[2026-10-03 19:48:02,267: INFO/MainProcess] Task backend.worker.tasks.pick_due_actions[1b1f88ac-5a91-472d-b99e-3e29b90f3828] succeeded in 1.8910000000032596s: 'Queued 0 actions'
[2026-10-03 19:48:05,750: INFO/MainProcess] Task backend.worker.tasks.evaluate_alerts[0abce8ca-cad4-4efc-85e3-5b182d49f6b9] received
[2026-10-03 19:48:05,752: INFO/MainProcess] Evaluating health alerts...
[2026-10-03 19:48:10,200: INFO/MainProcess] Task backend.worker.tasks.evaluate_alerts[0abce8ca-cad4-4efc-85e3-5b182d49f6b9] succeeded in 4.4539999999979045s: None
[2026-10-03 19:49:22,346: WARNING/MainProcess] consumer: Connection to broker lost. Trying to re-establish the connection...
Traceback (most recent call last):
  File "D:\RECOVER_AGENT\.venv\Lib\site-packages\redis\_parsers\socket.py", line 64, in _read_from_socket
    data = sock.recv(socket_read_size)
           ^^^^^^^^^^^^^^^^^^^^^^^^^^^
TimeoutError: [WinError 10060] A connection attempt failed because the connected party did not properly respond after a period of time, or established connection failed because connected host has failed to respond

During handling of the above exception, another exception occurred:

Traceback (most recent call last):
  File "D:\RECOVER_AGENT\.venv\Lib\site-packages\kombu\transport\redis.py", line 175, in Mutex
    yield
  File "D:\RECOVER_AGENT\.venv\Lib\site-packages\kombu\transport\redis.py", line 419, in restore_visible
    visible = client.zrevrangebyscore(
              ^^^^^^^^^^^^^^^^^^^^^^^^
  File "D:\RECOVER_AGENT\.venv\Lib\site-packages\redis\commands\core.py", line 9276, in zrevrangebyscore
    return self.execute_command(*pieces, **options)
           ^^^^^^^^^^^^^^^^^^^^^^^^^^^^^^^^^^^^^^^^
  File "D:\RECOVER_AGENT\.venv\Lib\site-packages\redis\client.py", line 867, in execute_command
    return self._execute_command(*args, **options)
           ^^^^^^^^^^^^^^^^^^^^^^^^^^^^^^^^^^^^^^^
  File "D:\RECOVER_AGENT\.venv\Lib\site-packages\redis\client.py", line 889, in _execute_command
    result = conn.retry.call_with_retry(
             ^^^^^^^^^^^^^^^^^^^^^^^^^^^
  File "D:\RECOVER_AGENT\.venv\Lib\site-packages\redis\retry.py", line 132, in call_with_retry
    raise error
  File "D:\RECOVER_AGENT\.venv\Lib\site-packages\redis\retry.py", line 120, in call_with_retry
    return do()
           ^^^^
  File "D:\RECOVER_AGENT\.venv\Lib\site-packages\redis\client.py", line 890, in <lambda>
    lambda: self._send_command_parse_response(
            ^^^^^^^^^^^^^^^^^^^^^^^^^^^^^^^^^^
  File "D:\RECOVER_AGENT\.venv\Lib\site-packages\redis\client.py", line 819, in _send_command_parse_response
    return self.parse_response(conn, command_name, **options)
           ^^^^^^^^^^^^^^^^^^^^^^^^^^^^^^^^^^^^^^^^^^^^^^^^^^
  File "D:\RECOVER_AGENT\.venv\Lib\site-packages\redis\client.py", line 935, in parse_response
    response = connection.read_response()
               ^^^^^^^^^^^^^^^^^^^^^^^^^^
  File "D:\RECOVER_AGENT\.venv\Lib\site-packages\redis\connection.py", line 1407, in read_response
    response = self._parser.read_response(
               ^^^^^^^^^^^^^^^^^^^^^^^^^^^
  File "D:\RECOVER_AGENT\.venv\Lib\site-packages\redis\_parsers\resp3.py", line 40, in read_response
    result = self._read_response(
             ^^^^^^^^^^^^^^^^^^^^
  File "D:\RECOVER_AGENT\.venv\Lib\site-packages\redis\_parsers\resp3.py", line 65, in _read_response
    raw = self._buffer.readline(timeout=timeout)
          ^^^^^^^^^^^^^^^^^^^^^^^^^^^^^^^^^^^^^^
  File "D:\RECOVER_AGENT\.venv\Lib\site-packages\redis\_parsers\socket.py", line 117, in readline
    self._read_from_socket(timeout=timeout)
  File "D:\RECOVER_AGENT\.venv\Lib\site-packages\redis\_parsers\socket.py", line 77, in _read_from_socket
    raise TimeoutError("Timeout reading from socket")
redis.exceptions.TimeoutError: Timeout reading from socket

During handling of the above exception, another exception occurred:

Traceback (most recent call last):
  File "D:\RECOVER_AGENT\.venv\Lib\site-packages\redis\connection.py", line 1055, in connect_check_health
    sock = self._connect()
           ^^^^^^^^^^^^^^^
  File "D:\RECOVER_AGENT\.venv\Lib\site-packages\redis\connection.py", line 1617, in _connect
    raise err
  File "D:\RECOVER_AGENT\.venv\Lib\site-packages\redis\connection.py", line 1601, in _connect
    sock.connect(socket_address)
TimeoutError: [WinError 10060] A connection attempt failed because the connected party did not properly respond after a period of time, or established connection failed because connected host has failed to respond

During handling of the above exception, another exception occurred:

Traceback (most recent call last):
  File "D:\RECOVER_AGENT\.venv\Lib\site-packages\celery\worker\consumer\consumer.py", line 346, in start
    blueprint.start(self)
  File "D:\RECOVER_AGENT\.venv\Lib\site-packages\celery\bootsteps.py", line 116, in start
    step.start(parent)
  File "D:\RECOVER_AGENT\.venv\Lib\site-packages\celery\worker\consumer\consumer.py", line 788, in start
    c.loop(*c.loop_args())
  File "D:\RECOVER_AGENT\.venv\Lib\site-packages\celery\worker\loops.py", line 168, in synloop
    _loop_cycle()
  File "D:\RECOVER_AGENT\.venv\Lib\site-packages\celery\worker\loops.py", line 157, in _loop_cycle
    connection.drain_events(timeout=2.0)
  File "D:\RECOVER_AGENT\.venv\Lib\site-packages\kombu\connection.py", line 343, in drain_events
    return self.transport.drain_events(self.connection, **kwargs)
           ^^^^^^^^^^^^^^^^^^^^^^^^^^^^^^^^^^^^^^^^^^^^^^^^^^^^^^
  File "D:\RECOVER_AGENT\.venv\Lib\site-packages\kombu\transport\virtual\base.py", line 997, in drain_events
    get(self._deliver, timeout=timeout)
  File "D:\RECOVER_AGENT\.venv\Lib\site-packages\kombu\transport\redis.py", line 606, in get
    self.maybe_restore_messages()
  File "D:\RECOVER_AGENT\.venv\Lib\site-packages\kombu\transport\redis.py", line 564, in maybe_restore_messages
    return channel.qos.restore_visible(
           ^^^^^^^^^^^^^^^^^^^^^^^^^^^^
  File "D:\RECOVER_AGENT\.venv\Lib\site-packages\kombu\transport\redis.py", line 417, in restore_visible
    with Mutex(client, self.unacked_mutex_key,
         ^^^^^^^^^^^^^^^^^^^^^^^^^^^^^^^^^^^^^
  File "C:\Users\theha\anaconda3\envs\recovery_agent\Lib\contextlib.py", line 158, in __exit__
    self.gen.throw(value)
  File "D:\RECOVER_AGENT\.venv\Lib\site-packages\kombu\transport\redis.py", line 181, in Mutex
    lock.release()
  File "D:\RECOVER_AGENT\.venv\Lib\site-packages\redis\lock.py", line 276, in release
    self.do_release(expected_token)
  File "D:\RECOVER_AGENT\.venv\Lib\site-packages\redis\lock.py", line 280, in do_release
    self.lua_release(keys=[self.name], args=[expected_token], client=self.redis)
  File "D:\RECOVER_AGENT\.venv\Lib\site-packages\redis\commands\core.py", line 10936, in __call__
    return client.evalsha(self.sha, len(keys), *args)
           ^^^^^^^^^^^^^^^^^^^^^^^^^^^^^^^^^^^^^^^^^^
  File "D:\RECOVER_AGENT\.venv\Lib\site-packages\redis\commands\core.py", line 11294, in evalsha
    return self._evalsha("EVALSHA", sha, numkeys, *keys_and_args)
           ^^^^^^^^^^^^^^^^^^^^^^^^^^^^^^^^^^^^^^^^^^^^^^^^^^^^^^
  File "D:\RECOVER_AGENT\.venv\Lib\site-packages\redis\commands\core.py", line 11262, in _evalsha
    return self.execute_command(command, sha, numkeys, *keys_and_args)
           ^^^^^^^^^^^^^^^^^^^^^^^^^^^^^^^^^^^^^^^^^^^^^^^^^^^^^^^^^^^
  File "D:\RECOVER_AGENT\.venv\Lib\site-packages\redis\client.py", line 867, in execute_command
    return self._execute_command(*args, **options)
           ^^^^^^^^^^^^^^^^^^^^^^^^^^^^^^^^^^^^^^^
  File "D:\RECOVER_AGENT\.venv\Lib\site-packages\redis\client.py", line 873, in _execute_command
    conn = self.connection or pool.get_connection()
                              ^^^^^^^^^^^^^^^^^^^^^
  File "D:\RECOVER_AGENT\.venv\Lib\site-packages\redis\utils.py", line 258, in wrapper
    return func(*args, **kwargs)
           ^^^^^^^^^^^^^^^^^^^^^
  File "D:\RECOVER_AGENT\.venv\Lib\site-packages\redis\connection.py", line 3273, in get_connection
    connection.connect()
  File "D:\RECOVER_AGENT\.venv\Lib\site-packages\redis\connection.py", line 1028, in connect
    self.retry.call_with_retry(
  File "D:\RECOVER_AGENT\.venv\Lib\site-packages\redis\retry.py", line 132, in call_with_retry
    raise error
  File "D:\RECOVER_AGENT\.venv\Lib\site-packages\redis\retry.py", line 120, in call_with_retry
    return do()
           ^^^^
  File "D:\RECOVER_AGENT\.venv\Lib\site-packages\redis\connection.py", line 1029, in <lambda>
    lambda: self.connect_check_health(
            ^^^^^^^^^^^^^^^^^^^^^^^^^^
  File "D:\RECOVER_AGENT\.venv\Lib\site-packages\redis\connection.py", line 1066, in connect_check_health
    raise e
redis.exceptions.TimeoutError: Timeout connecting to server
[2026-10-03 19:50:21,966: INFO/MainProcess] Task backend.worker.tasks.evaluate_alerts[e45b6538-82a5-438c-9db2-bf9beecea461] received
[2026-10-03 19:50:21,968: INFO/MainProcess] Evaluating health alerts...
[2026-10-03 19:50:25,048: WARNING/MainProcess] D:\RECOVER_AGENT\.venv\Lib\site-packages\celery\app\trace.py:784: RuntimeWarning: Exception raised outside body: network:ConnectionError:
Traceback (most recent call last):
  File "D:\RECOVER_AGENT\.venv\Lib\site-packages\redis\_parsers\socket.py", line 64, in _read_from_socket
    data = sock.recv(socket_read_size)
           ^^^^^^^^^^^^^^^^^^^^^^^^^^^
TimeoutError: [WinError 10060] A connection attempt failed because the connected party did not properly respond after a period of time, or established connection failed because connected host has failed to respond

During handling of the above exception, another exception occurred:

Traceback (most recent call last):
  File "D:\RECOVER_AGENT\.venv\Lib\site-packages\kombu\transport\redis.py", line 175, in Mutex
    yield
  File "D:\RECOVER_AGENT\.venv\Lib\site-packages\kombu\transport\redis.py", line 419, in restore_visible
    visible = client.zrevrangebyscore(
              ^^^^^^^^^^^^^^^^^^^^^^^^
  File "D:\RECOVER_AGENT\.venv\Lib\site-packages\redis\commands\core.py", line 9276, in zrevrangebyscore
    return self.execute_command(*pieces, **options)
           ^^^^^^^^^^^^^^^^^^^^^^^^^^^^^^^^^^^^^^^^
  File "D:\RECOVER_AGENT\.venv\Lib\site-packages\redis\client.py", line 867, in execute_command
    return self._execute_command(*args, **options)
           ^^^^^^^^^^^^^^^^^^^^^^^^^^^^^^^^^^^^^^^
  File "D:\RECOVER_AGENT\.venv\Lib\site-packages\redis\client.py", line 889, in _execute_command
    result = conn.retry.call_with_retry(
             ^^^^^^^^^^^^^^^^^^^^^^^^^^^
  File "D:\RECOVER_AGENT\.venv\Lib\site-packages\redis\retry.py", line 132, in call_with_retry
    raise error
  File "D:\RECOVER_AGENT\.venv\Lib\site-packages\redis\retry.py", line 120, in call_with_retry
    return do()
           ^^^^
  File "D:\RECOVER_AGENT\.venv\Lib\site-packages\redis\client.py", line 890, in <lambda>
    lambda: self._send_command_parse_response(
            ^^^^^^^^^^^^^^^^^^^^^^^^^^^^^^^^^^
  File "D:\RECOVER_AGENT\.venv\Lib\site-packages\redis\client.py", line 819, in _send_command_parse_response
    return self.parse_response(conn, command_name, **options)
           ^^^^^^^^^^^^^^^^^^^^^^^^^^^^^^^^^^^^^^^^^^^^^^^^^^
  File "D:\RECOVER_AGENT\.venv\Lib\site-packages\redis\client.py", line 935, in parse_response
    response = connection.read_response()
               ^^^^^^^^^^^^^^^^^^^^^^^^^^
  File "D:\RECOVER_AGENT\.venv\Lib\site-packages\redis\connection.py", line 1407, in read_response
    response = self._parser.read_response(
               ^^^^^^^^^^^^^^^^^^^^^^^^^^^
  File "D:\RECOVER_AGENT\.venv\Lib\site-packages\redis\_parsers\resp3.py", line 40, in read_response
    result = self._read_response(
             ^^^^^^^^^^^^^^^^^^^^
  File "D:\RECOVER_AGENT\.venv\Lib\site-packages\redis\_parsers\resp3.py", line 65, in _read_response
    raw = self._buffer.readline(timeout=timeout)
          ^^^^^^^^^^^^^^^^^^^^^^^^^^^^^^^^^^^^^^
  File "D:\RECOVER_AGENT\.venv\Lib\site-packages\redis\_parsers\socket.py", line 117, in readline
    self._read_from_socket(timeout=timeout)
  File "D:\RECOVER_AGENT\.venv\Lib\site-packages\redis\_parsers\socket.py", line 77, in _read_from_socket
    raise TimeoutError("Timeout reading from socket")
redis.exceptions.TimeoutError: Timeout reading from socket

During handling of the above exception, another exception occurred:

Traceback (most recent call last):
  File "D:\RECOVER_AGENT\.venv\Lib\site-packages\redis\connection.py", line 1055, in connect_check_health
    sock = self._connect()
           ^^^^^^^^^^^^^^^
  File "D:\RECOVER_AGENT\.venv\Lib\site-packages\redis\connection.py", line 1617, in _connect
    raise err
  File "D:\RECOVER_AGENT\.venv\Lib\site-packages\redis\connection.py", line 1601, in _connect
    sock.connect(socket_address)
TimeoutError: [WinError 10060] A connection attempt failed because the connected party did not properly respond after a period of time, or established connection failed because connected host has failed to respond

During handling of the above exception, another exception occurred:

Traceback (most recent call last):
  File "D:\RECOVER_AGENT\.venv\Lib\site-packages\celery\worker\consumer\consumer.py", line 346, in start
    blueprint.start(self)
  File "D:\RECOVER_AGENT\.venv\Lib\site-packages\celery\bootsteps.py", line 116, in start
    step.start(parent)
  File "D:\RECOVER_AGENT\.venv\Lib\site-packages\celery\worker\consumer\consumer.py", line 788, in start
    c.loop(*c.loop_args())
  File "D:\RECOVER_AGENT\.venv\Lib\site-packages\celery\worker\loops.py", line 168, in synloop
    _loop_cycle()
  File "D:\RECOVER_AGENT\.venv\Lib\site-packages\celery\worker\loops.py", line 157, in _loop_cycle
    connection.drain_events(timeout=2.0)
  File "D:\RECOVER_AGENT\.venv\Lib\site-packages\kombu\connection.py", line 343, in drain_events
    return self.transport.drain_events(self.connection, **kwargs)
           ^^^^^^^^^^^^^^^^^^^^^^^^^^^^^^^^^^^^^^^^^^^^^^^^^^^^^^
  File "D:\RECOVER_AGENT\.venv\Lib\site-packages\kombu\transport\virtual\base.py", line 997, in drain_events
    get(self._deliver, timeout=timeout)
  File "D:\RECOVER_AGENT\.venv\Lib\site-packages\kombu\transport\redis.py", line 606, in get
    self.maybe_restore_messages()
  File "D:\RECOVER_AGENT\.venv\Lib\site-packages\kombu\transport\redis.py", line 564, in maybe_restore_messages
    return channel.qos.restore_visible(
           ^^^^^^^^^^^^^^^^^^^^^^^^^^^^
  File "D:\RECOVER_AGENT\.venv\Lib\site-packages\kombu\transport\redis.py", line 417, in restore_visible
    with Mutex(client, self.unacked_mutex_key,
         ^^^^^^^^^^^^^^^^^^^^^^^^^^^^^^^^^^^^^
  File "C:\Users\theha\anaconda3\envs\recovery_agent\Lib\contextlib.py", line 158, in __exit__
    self.gen.throw(value)
  File "D:\RECOVER_AGENT\.venv\Lib\site-packages\kombu\transport\redis.py", line 181, in Mutex
    lock.release()
  File "D:\RECOVER_AGENT\.venv\Lib\site-packages\redis\lock.py", line 276, in release
    self.do_release(expected_token)
  File "D:\RECOVER_AGENT\.venv\Lib\site-packages\redis\lock.py", line 280, in do_release
    self.lua_release(keys=[self.name], args=[expected_token], client=self.redis)
  File "D:\RECOVER_AGENT\.venv\Lib\site-packages\redis\commands\core.py", line 10936, in __call__
    return client.evalsha(self.sha, len(keys), *args)
           ^^^^^^^^^^^^^^^^^^^^^^^^^^^^^^^^^^^^^^^^^^
  File "D:\RECOVER_AGENT\.venv\Lib\site-packages\redis\commands\core.py", line 11294, in evalsha
    return self._evalsha("EVALSHA", sha, numkeys, *keys_and_args)
           ^^^^^^^^^^^^^^^^^^^^^^^^^^^^^^^^^^^^^^^^^^^^^^^^^^^^^^
  File "D:\RECOVER_AGENT\.venv\Lib\site-packages\redis\commands\core.py", line 11262, in _evalsha
    return self.execute_command(command, sha, numkeys, *keys_and_args)
           ^^^^^^^^^^^^^^^^^^^^^^^^^^^^^^^^^^^^^^^^^^^^^^^^^^^^^^^^^^^
  File "D:\RECOVER_AGENT\.venv\Lib\site-packages\redis\client.py", line 867, in execute_command
    return self._execute_command(*args, **options)
           ^^^^^^^^^^^^^^^^^^^^^^^^^^^^^^^^^^^^^^^
  File "D:\RECOVER_AGENT\.venv\Lib\site-packages\redis\client.py", line 873, in _execute_command
    conn = self.connection or pool.get_connection()
                              ^^^^^^^^^^^^^^^^^^^^^
  File "D:\RECOVER_AGENT\.venv\Lib\site-packages\redis\utils.py", line 258, in wrapper
    return func(*args, **kwargs)
           ^^^^^^^^^^^^^^^^^^^^^
  File "D:\RECOVER_AGENT\.venv\Lib\site-packages\redis\connection.py", line 3273, in get_connection
    connection.connect()
  File "D:\RECOVER_AGENT\.venv\Lib\site-packages\redis\connection.py", line 1028, in connect
    self.retry.call_with_retry(
  File "D:\RECOVER_AGENT\.venv\Lib\site-packages\redis\retry.py", line 132, in call_with_retry
    raise error
  File "D:\RECOVER_AGENT\.venv\Lib\site-packages\redis\retry.py", line 120, in call_with_retry
    return do()
           ^^^^
  File "D:\RECOVER_AGENT\.venv\Lib\site-packages\redis\connection.py", line 1029, in <lambda>
    lambda: self.connect_check_health(
            ^^^^^^^^^^^^^^^^^^^^^^^^^^
  File "D:\RECOVER_AGENT\.venv\Lib\site-packages\redis\connection.py", line 1066, in connect_check_health
    raise e
redis.exceptions.TimeoutError: Timeout connecting to server

During handling of the above exception, another exception occurred:

Traceback (most recent call last):
  File "D:\RECOVER_AGENT\.venv\Lib\site-packages\kombu\connection.py", line 381, in collect
    gc_transport = self._transport._collect
                   ^^^^^^^^^^^^^^^^^^^^^^^^
AttributeError: 'Transport' object has no attribute '_collect'

During handling of the above exception, another exception occurred:

Traceback (most recent call last):
  File "D:\RECOVER_AGENT\.venv\Lib\site-packages\redis\connection.py", line 1387, in can_read
    return self._parser.can_read(timeout)
           ^^^^^^^^^^^^^^^^^^^^^^^^^^^^^^
  File "D:\RECOVER_AGENT\.venv\Lib\site-packages\redis\_parsers\base.py", line 169, in can_read
    return self._buffer.can_read(timeout)
           ^^^^^^^^^^^^^^^^^^^^^^^^^^^^^^
  File "D:\RECOVER_AGENT\.venv\Lib\site-packages\redis\_parsers\socket.py", line 97, in can_read
    return bool(self.unread_bytes()) or self._read_from_socket(
                                        ^^^^^^^^^^^^^^^^^^^^^^^
  File "D:\RECOVER_AGENT\.venv\Lib\site-packages\redis\_parsers\socket.py", line 64, in _read_from_socket
    data = sock.recv(socket_read_size)
           ^^^^^^^^^^^^^^^^^^^^^^^^^^^
ConnectionResetError: [WinError 10054] An existing connection was forcibly closed by the remote host

During handling of the above exception, another exception occurred:

Traceback (most recent call last):
  File "D:\RECOVER_AGENT\.venv\Lib\site-packages\redis\connection.py", line 3280, in get_connection
    connection.can_read()
  File "D:\RECOVER_AGENT\.venv\Lib\site-packages\redis\connection.py", line 1391, in can_read
    raise ConnectionError(f"Error while reading from {host_error}: {e.args}")
redis.exceptions.ConnectionError: Error while reading from whistle-agreement-immune-83193.db.redis.io:15296: (10054, 'An existing connection was forcibly closed by the remote host', None, 10054, None)

During handling of the above exception, another exception occurred:

Traceback (most recent call last):
  File "D:\RECOVER_AGENT\.venv\Lib\site-packages\celery\app\trace.py", line 625, in trace_task
    task.backend.mark_as_done(
  File "D:\RECOVER_AGENT\.venv\Lib\site-packages\celery\backends\base.py", line 184, in mark_as_done
    self.store_result(task_id, result, state, request=request)
  File "D:\RECOVER_AGENT\.venv\Lib\site-packages\celery\backends\base.py", line 625, in store_result
    self._store_result(task_id, result, state, traceback,
  File "D:\RECOVER_AGENT\.venv\Lib\site-packages\celery\backends\base.py", line 1090, in _store_result
    current_meta = self._get_task_meta_for(task_id)
                   ^^^^^^^^^^^^^^^^^^^^^^^^^^^^^^^^
  File "D:\RECOVER_AGENT\.venv\Lib\site-packages\celery\backends\base.py", line 1112, in _get_task_meta_for
    meta = self.get(self.get_key_for_task(task_id))
           ^^^^^^^^^^^^^^^^^^^^^^^^^^^^^^^^^^^^^^^^
  File "D:\RECOVER_AGENT\.venv\Lib\site-packages\celery\backends\redis.py", line 405, in get
    return self.client.get(key)
           ^^^^^^^^^^^^^^^^^^^^
  File "D:\RECOVER_AGENT\.venv\Lib\site-packages\redis\commands\core.py", line 3200, in get
    return self.execute_command("GET", name, keys=[name])
           ^^^^^^^^^^^^^^^^^^^^^^^^^^^^^^^^^^^^^^^^^^^^^^
  File "D:\RECOVER_AGENT\.venv\Lib\site-packages\redis\client.py", line 867, in execute_command
    return self._execute_command(*args, **options)
           ^^^^^^^^^^^^^^^^^^^^^^^^^^^^^^^^^^^^^^^
  File "D:\RECOVER_AGENT\.venv\Lib\site-packages\redis\client.py", line 873, in _execute_command
    conn = self.connection or pool.get_connection()
                              ^^^^^^^^^^^^^^^^^^^^^
  File "D:\RECOVER_AGENT\.venv\Lib\site-packages\redis\utils.py", line 258, in wrapper
    return func(*args, **kwargs)
           ^^^^^^^^^^^^^^^^^^^^^
  File "D:\RECOVER_AGENT\.venv\Lib\site-packages\redis\connection.py", line 3287, in get_connection
    connection.connect()
  File "D:\RECOVER_AGENT\.venv\Lib\site-packages\redis\connection.py", line 1028, in connect
    self.retry.call_with_retry(
  File "D:\RECOVER_AGENT\.venv\Lib\site-packages\redis\retry.py", line 132, in call_with_retry
    raise error
  File "D:\RECOVER_AGENT\.venv\Lib\site-packages\redis\retry.py", line 120, in call_with_retry
    return do()
           ^^^^
  File "D:\RECOVER_AGENT\.venv\Lib\site-packages\redis\connection.py", line 1029, in <lambda>
    lambda: self.connect_check_health(
            ^^^^^^^^^^^^^^^^^^^^^^^^^^
  File "D:\RECOVER_AGENT\.venv\Lib\site-packages\redis\connection.py", line 1083, in connect_check_health
    self.on_connect_check_health(check_health=check_health)
  File "D:\RECOVER_AGENT\.venv\Lib\site-packages\redis\connection.py", line 1155, in on_connect_check_health
    self.handshake_metadata = self.read_response()
                              ^^^^^^^^^^^^^^^^^^^^
  File "D:\RECOVER_AGENT\.venv\Lib\site-packages\redis\connection.py", line 1407, in read_response
    response = self._parser.read_response(
               ^^^^^^^^^^^^^^^^^^^^^^^^^^^
  File "D:\RECOVER_AGENT\.venv\Lib\site-packages\redis\_parsers\resp3.py", line 40, in read_response
    result = self._read_response(
             ^^^^^^^^^^^^^^^^^^^^
  File "D:\RECOVER_AGENT\.venv\Lib\site-packages\redis\_parsers\resp3.py", line 80, in _read_response
    raise error
redis.exceptions.ConnectionError: max number of clients reached

  warn(RuntimeWa[2026-10-03 19:50:26,324: INFO/MainProcess] Task backend.worker.tasks.evaluate_alerts[4657de66-28ae-4adf-8d10-bc4d26d6f134] succeeded in 2.735000000000582s: None
[2026-10-03 19:50:31,624: INFO/MainProcess] Task backend.worker.tasks.evaluate_alerts[df413ebc-6739-4f5f-8e2b-130e2864b6da] received
[2026-10-03 19:50:31,634: INFO/MainProcess] Evaluating health alerts...
[2026-10-03 19:50:34,332: INFO/MainProcess] Task backend.worker.tasks.evaluate_alerts[df413ebc-6739-4f5f-8e2b-130e2864b6da] succeeded in 2.687999999994645s: None
[2026-10-03 19:50:35,205: INFO/MainProcess] Task backend.worker.tasks.snapshot_health[bdbd0b77-5dae-4744-8a97-05c027c7eb2e] received
[2026-10-03 19:50:35,206: INFO/MainProcess] Generating health snapshots...
[2026-10-03 19:50:37,905: INFO/MainProcess] Task backend.worker.tasks.snapshot_health[bdbd0b77-5dae-4744-8a97-05c027c7eb2e] succeeded in 2.702999999994063s: None
[2026-10-03 19:50:50,201: INFO/MainProcess] Task backend.worker.tasks.pick_due_actions[db057e4e-9463-4dba-9b87-3393add26ad8] received
[2026-10-03 19:50:50,202: INFO/MainProcess] Worker LAPTOP-36NJC1OQ:24096 polling for due actions...
[2026-10-03 19:50:51,646: INFO/MainProcess] Claimed 0 actions
[2026-10-03 19:50:52,196: INFO/MainProcess] Task backend.worker.tasks.pick_due_actions[db057e4e-9463-4dba-9b87-3393add26ad8] succeeded in 2.0s: 'Queued 0 actions'
[2026-10-03 19:50:55,913: INFO/MainProcess] Task backend.worker.tasks.retry_stuck_classifications[58092d90-e850-4567-9609-23c59a356a0d] received
[2026-10-03 19:50:55,913: INFO/MainProcess] Checking for stuck classifications...
[2026-10-03 19:50:57,686: INFO/MainProcess] Task backend.worker.tasks.retry_stuck_classifications[58092d90-e850-4567-9609-23c59a356a0d] succeeded in 1.7660000000032596s: 'Re-queued 0 payments'
[2026-10-03 19:50:58,546: INFO/MainProcess] Task backend.worker.tasks.retry_stuck_classifications[36f78e1c-3bc1-42ae-8897-30d0419b97c2] received
[2026-10-03 19:50:58,547: INFO/MainProcess] Checking for stuck classifications...
[2026-10-03 19:51:00,307: INFO/MainProcess] Task backend.worker.tasks.retry_stuck_classifications[36f78e1c-3bc1-42ae-8897-30d0419b97c2] succeeded in 1.7660000000032596s: 'Re-queued 0 payments'
[2026-10-03 19:51:01,179: INFO/MainProcess] Task backend.worker.tasks.pick_due_actions[4c46e7ce-e796-4294-a82f-d929fc9726c2] received
[2026-10-03 19:51:01,180: INFO/MainProcess] Worker LAPTOP-36NJC1OQ:24096 polling for due actions...
[2026-10-03 19:51:02,535: INFO/MainProcess] Claimed 0 actions
[2026-10-03 19:51:03,090: INFO/MainProcess] Task backend.worker.tasks.pick_due_actions[4c46e7ce-e796-4294-a82f-d929fc9726c2] succeeded in 1.9060000000026776s: 'Queued 0 actions'
[2026-10-03 19:51:12,890: INFO/MainProcess] Task backend.worker.tasks.snapshot_health[745540b3-d49b-4605-b6ed-3247ca727268] received
[2026-10-03 19:51:12,891: INFO/MainProcess] Generating health snapshots...
[2026-10-03 19:51:15,753: INFO/MainProcess] Task backend.worker.tasks.snapshot_health[745540b3-d49b-4605-b6ed-3247ca727268] succeeded in 2.8589999999967404s: None
[2026-10-03 19:51:23,593: INFO/MainProcess] Task backend.worker.tasks.evaluate_alerts[cfc286be-29d0-4a38-a9df-b0d58d4b7978] received
[2026-10-03 19:51:23,595: INFO/MainProcess] Evaluating health alerts...
[2026-10-03 19:51:27,562: INFO/MainProcess] Task backend.worker.tasks.evaluate_alerts[cfc286be-29d0-4a38-a9df-b0d58d4b7978] succeeded in 3.9689999999973224s: None
[2026-10-03 19:51:31,773: INFO/MainProcess] Task backend.worker.tasks.evaluate_alerts[ee91d5d7-4997-4d87-b88d-a8278e7e0dab] received
[2026-10-03 19:51:31,785: INFO/MainProcess] Evaluating health alerts...
[2026-10-03 19:51:34,492: INFO/MainProcess] Task backend.worker.tasks.evaluate_alerts[ee91d5d7-4997-4d87-b88d-a8278e7e0dab] succeeded in 2.7180000000080327s: None
[2026-10-03 19:51:35,366: INFO/MainProcess] Task backend.worker.tasks.snapshot_health[5db218ea-0ddf-4ffe-b72c-50de5b86fe7f] received
[2026-10-03 19:51:35,367: INFO/MainProcess] Generating health snapshots...
[2026-10-03 19:51:38,065: INFO/MainProcess] Task backend.worker.tasks.snapshot_health[5db218ea-0ddf-4ffe-b72c-50de5b86fe7f] succeeded in 2.687999999994645s: None
[2026-10-03 19:51:50,211: INFO/MainProcess] Task backend.worker.tasks.pick_due_actions[1f1ba68d-1993-447f-804f-982a307d4bd7] received
[2026-10-03 19:51:50,212: INFO/MainProcess] Worker LAPTOP-36NJC1OQ:24096 polling for due actions...
[2026-10-03 19:51:51,646: INFO/MainProcess] Claimed 0 actions
[2026-10-03 19:51:52,206: INFO/MainProcess] Task backend.worker.tasks.pick_due_actions[1f1ba68d-1993-447f-804f-982a307d4bd7] succeeded in 1.985000000000582s: 'Queued 0 actions'
[2026-10-03 19:52:00,409: INFO/MainProcess] Task backend.worker.tasks.pick_due_actions[14809394-6dd6-4963-9e95-395fdb4fed33] received
[2026-10-03 19:52:00,423: INFO/MainProcess] Worker LAPTOP-36NJC1OQ:24096 polling for due actions...
[2026-10-03 19:52:01,876: INFO/MainProcess] Claimed 0 actions
[2026-10-03 19:52:02,433: INFO/MainProcess] Task backend.worker.tasks.pick_due_actions[14809394-6dd6-4963-9e95-395fdb4fed33] succeeded in 2.0160000000032596s: 'Queued 0 actions'
[2026-10-03 19:52:13,437: INFO/MainProcess] Task backend.worker.tasks.snapshot_health[ba009651-1ec0-4ca2-82f1-a0a97af9f325] received
[2026-10-03 19:52:13,438: INFO/MainProcess] Generating health snapshots...
[2026-10-03 19:52:15,896: INFO/MainProcess] Task backend.worker.tasks.snapshot_health[ba009651-1ec0-4ca2-82f1-a0a97af9f325] succeeded in 2.4689999999973224s: None
[2026-10-03 19:52:23,594: INFO/MainProcess] Task backend.worker.tasks.evaluate_alerts[bdadd558-9827-40ac-9f95-19920277f6a9] received
[2026-10-03 19:52:23,595: INFO/MainProcess] Evaluating health alerts...
[2026-10-03 19:52:26,570: INFO/MainProcess] Task backend.worker.tasks.evaluate_alerts[bdadd558-9827-40ac-9f95-19920277f6a9] succeeded in 2.985000000000582s: None
[2026-10-03 19:52:31,616: INFO/MainProcess] Task backend.worker.tasks.evaluate_alerts[5c326bc1-7df2-4088-b47a-734ad7445e0e] received
[2026-10-03 19:52:31,617: INFO/MainProcess] Evaluating health alerts...
[2026-10-03 19:52:34,762: INFO/MainProcess] Task backend.worker.tasks.evaluate_alerts[5c326bc1-7df2-4088-b47a-734ad7445e0e] succeeded in 3.1410000000032596s: None
[2026-10-03 19:52:35,635: INFO/MainProcess] Task backend.worker.tasks.snapshot_health[8584e55d-a960-41db-a5bc-54fa435eeb74] received
[2026-10-03 19:52:35,636: INFO/MainProcess] Generating health snapshots...
[2026-10-03 19:52:38,149: INFO/MainProcess] Task backend.worker.tasks.snapshot_health[8584e55d-a960-41db-a5bc-54fa435eeb74] succeeded in 2.5159999999887077s: None
[2026-10-03 19:52:50,200: INFO/MainProcess] Task backend.worker.tasks.pick_due_actions[6bc19a6b-db6b-4a69-9cd8-dc3bda5e7fc8] received
[2026-10-03 19:52:50,201: INFO/MainProcess] Worker LAPTOP-36NJC1OQ:24096 polling for due actions...
[2026-10-03 19:52:51,657: INFO/MainProcess] Claimed 0 actions
[2026-10-03 19:52:52,320: INFO/MainProcess] Task backend.worker.tasks.pick_due_actions[6bc19a6b-db6b-4a69-9cd8-dc3bda5e7fc8] succeeded in 2.125s: 'Queued 0 actions'
[2026-10-03 19:53:00,381: INFO/MainProcess] Task backend.worker.tasks.pick_due_actions[41fa7de4-c1d9-4099-aed6-109bb0fa8720] received
[2026-10-03 19:53:00,383: INFO/MainProcess] Worker LAPTOP-36NJC1OQ:24096 polling for due actions...
[2026-10-03 19:53:02,132: INFO/MainProcess] Claimed 0 actions
[2026-10-03 19:53:02,688: INFO/MainProcess] Task backend.worker.tasks.pick_due_actions[41fa7de4-c1d9-4099-aed6-109bb0fa8720] succeeded in 2.2969999999913853s: 'Queued 0 actions'
[2026-10-03 19:53:12,899: INFO/MainProcess] Task backend.worker.tasks.snapshot_health[242dae04-ad26-4516-85fe-72830bbfb0ca] received
[2026-10-03 19:53:12,900: INFO/MainProcess] Generating health snapshots...
[2026-10-03 19:53:15,748: INFO/MainProcess] Task backend.worker.tasks.snapshot_health[242dae04-ad26-4516-85fe-72830bbfb0ca] succeeded in 2.8430000000080327s: None
[2026-10-03 19:53:23,584: INFO/MainProcess] Task backend.worker.tasks.evaluate_alerts[4c943411-6dbd-4c95-821d-e2393a597f1e] received
[2026-10-03 19:53:23,595: INFO/MainProcess] Evaluating health alerts...
[2026-10-03 19:53:26,311: INFO/MainProcess] Task backend.worker.tasks.evaluate_alerts[4c943411-6dbd-4c95-821d-e2393a597f1e] succeeded in 2.7189999999973224s: None
[2026-10-03 19:53:31,623: INFO/MainProcess] Task backend.worker.tasks.evaluate_alerts[489c88f7-a246-48a6-8589-57f72d648b46] received
[2026-10-03 19:53:31,624: INFO/MainProcess] Evaluating health alerts...
[2026-10-03 19:53:34,317: INFO/MainProcess] Task backend.worker.tasks.evaluate_alerts[489c88f7-a246-48a6-8589-57f72d648b46] succeeded in 2.687999999994645s: None
[2026-10-03 19:53:35,188: INFO/MainProcess] Task backend.worker.tasks.snapshot_health[e701c50c-180e-4ff1-a793-e9564e1f3a8b] received
[2026-10-03 19:53:35,190: INFO/MainProcess] Generating health snapshots...
[2026-10-03 19:53:37,933: INFO/MainProcess] Task backend.worker.tasks.snapshot_health[e701c50c-180e-4ff1-a793-e9564e1f3a8b] succeeded in 2.75s: None
[2026-10-03 19:53:55,168: INFO/MainProcess] Task backend.worker.tasks.pick_due_actions[14b66c92-dd9a-4cdf-9727-4bfa0b7f1244] received
[2026-10-03 19:53:55,180: INFO/MainProcess] Worker LAPTOP-36NJC1OQ:24096 polling for due actions...
[2026-10-03 19:53:56,624: INFO/MainProcess] Claimed 0 actions
[2026-10-03 19:53:57,177: INFO/MainProcess] Task backend.worker.tasks.pick_due_actions[14b66c92-dd9a-4cdf-9727-4bfa0b7f1244] succeeded in 1.9839999999967404s: 'Queued 0 actions'
[2026-10-03 19:54:00,688: INFO/MainProcess] Task backend.worker.tasks.pick_due_actions[b7f4429f-e269-4b08-9bbd-9b3eb93f1adb] received
[2026-10-03 19:54:00,693: INFO/MainProcess] Worker LAPTOP-36NJC1OQ:24096 polling for due actions...
[2026-10-03 19:54:01,907: INFO/MainProcess] Claimed 0 actions
[2026-10-03 19:54:02,451: INFO/MainProcess] Task backend.worker.tasks.pick_due_actions[b7f4429f-e269-4b08-9bbd-9b3eb93f1adb] succeeded in 1.75s: 'Queued 0 actions'
[2026-10-03 19:54:13,089: INFO/MainProcess] Task backend.worker.tasks.snapshot_health[d6338389-2cfe-4c6b-affb-147a383e155d] received
[2026-10-03 19:54:13,101: INFO/MainProcess] Generating health snapshots...
[2026-10-03 19:54:15,578: INFO/MainProcess] Task backend.worker.tasks.snapshot_health[d6338389-2cfe-4c6b-affb-147a383e155d] succeeded in 2.4689999999973224s: None
[2026-10-03 19:54:28,942: INFO/MainProcess] Task backend.worker.tasks.evaluate_alerts[ad66b07c-ebc8-4e64-8222-46e9f9fc6914] received
[2026-10-03 19:54:28,955: INFO/MainProcess] Evaluating health alerts...
[2026-10-03 19:54:31,988: INFO/MainProcess] Task backend.worker.tasks.evaluate_alerts[ad66b07c-ebc8-4e64-8222-46e9f9fc6914] succeeded in 3.0310000000026776s: None
[2026-10-03 19:54:32,868: INFO/MainProcess] Task backend.worker.tasks.evaluate_alerts[8e247fae-ffde-4e8d-b68a-4fa4e6ef03b2] received
[2026-10-03 19:54:32,870: INFO/MainProcess] Evaluating health alerts...
[2026-10-03 19:54:36,011: INFO/MainProcess] Task backend.worker.tasks.evaluate_alerts[8e247fae-ffde-4e8d-b68a-4fa4e6ef03b2] succeeded in 3.1410000000032596s: None
[2026-10-03 19:54:36,882: INFO/MainProcess] Task backend.worker.tasks.snapshot_health[a2c929c0-9316-4586-a302-9d8d83adfa08] received
[2026-10-03 19:54:36,883: INFO/MainProcess] Generating health snapshots...
[2026-10-03 19:54:39,367: INFO/MainProcess] Task backend.worker.tasks.snapshot_health[a2c929c0-9316-4586-a302-9d8d83adfa08] succeeded in 2.4839999999967404s: None
[2026-10-03 19:54:50,499: INFO/MainProcess] Task backend.worker.tasks.pick_due_actions[ce08703b-b233-4cfa-a0f2-f6807c9be79e] received
[2026-10-03 19:54:50,501: INFO/MainProcess] Worker LAPTOP-36NJC1OQ:24096 polling for due actions...
[2026-10-03 19:54:51,712: INFO/MainProcess] Claimed 0 actions
[2026-10-03 19:54:52,277: INFO/MainProcess] Task backend.worker.tasks.pick_due_actions[ce08703b-b233-4cfa-a0f2-f6807c9be79e] succeeded in 1.7819999999919673s: 'Queued 0 actions'
[2026-10-03 19:55:00,394: INFO/MainProcess] Task backend.worker.tasks.pick_due_actions[8437c269-53a8-4543-a1f8-02941ca77fe8] received
[2026-10-03 19:55:00,405: INFO/MainProcess] Worker LAPTOP-36NJC1OQ:24096 polling for due actions...
[2026-10-03 19:55:01,746: INFO/MainProcess] Claimed 0 actions
[2026-10-03 19:55:02,297: INFO/MainProcess] Task backend.worker.tasks.pick_due_actions[8437c269-53a8-4543-a1f8-02941ca77fe8] succeeded in 1.889999999999418s: 'Queued 0 actions'
[2026-10-03 19:55:12,894: INFO/MainProcess] Task backend.worker.tasks.snapshot_health[a187872b-26b2-4928-93b7-e64619c070c3] received
[2026-10-03 19:55:12,896: INFO/MainProcess] Generating health snapshots...
[2026-10-03 19:55:15,771: INFO/MainProcess] Task backend.worker.tasks.snapshot_health[a187872b-26b2-4928-93b7-e64619c070c3] succeeded in 2.875s: None
[2026-10-03 19:55:23,597: INFO/MainProcess] Task backend.worker.tasks.evaluate_alerts[dbd4ea09-c2d7-439c-a039-ceebf5102fc0] received
[2026-10-03 19:55:23,608: INFO/MainProcess] Evaluating health alerts...
[2026-10-03 19:55:26,382: INFO/MainProcess] Task backend.worker.tasks.evaluate_alerts[dbd4ea09-c2d7-439c-a039-ceebf5102fc0] succeeded in 2.7810000000026776s: None
[2026-10-03 19:55:31,630: INFO/MainProcess] Task backend.worker.tasks.evaluate_alerts[0924651f-e10b-49d9-b3c8-aa4553225222] received
[2026-10-03 19:55:31,642: INFO/MainProcess] Evaluating health alerts...
[2026-10-03 19:55:34,390: INFO/MainProcess] Task backend.worker.tasks.evaluate_alerts[0924651f-e10b-49d9-b3c8-aa4553225222] succeeded in 2.75s: None
[2026-10-03 19:55:35,279: INFO/MainProcess] Task backend.worker.tasks.snapshot_health[3d67db73-c51a-47db-9ef9-5dd6d0cdd0c6] received
[2026-10-03 19:55:35,290: INFO/MainProcess] Generating health snapshots...
[2026-10-03 19:55:38,000: INFO/MainProcess] Task backend.worker.tasks.snapshot_health[3d67db73-c51a-47db-9ef9-5dd6d0cdd0c6] succeeded in 2.7030000000086147s: None
[2026-10-03 19:56:48,122: INFO/MainProcess] Task backend.worker.tasks.pick_due_actions[c4019a76-ee2d-4098-b842-ae658bfc693c] received
[2026-10-03 19:56:48,134: INFO/MainProcess] Worker LAPTOP-36NJC1OQ:24096 polling for due actions...
[2026-10-03 19:56:49,571: INFO/MainProcess] Claimed 0 actions
[2026-10-03 19:56:51,316: INFO/MainProcess] Task backend.worker.tasks.pick_due_actions[c4019a76-ee2d-4098-b842-ae658bfc693c] succeeded in 3.1719999999913853s: 'Queued 0 actions'
[2026-10-03 19:56:52,191: INFO/MainProcess] Task backend.worker.tasks.pick_due_actions[adf5670f-9f08-4f32-8e51-95f9b8f0217e] received
[2026-10-03 19:56:52,204: INFO/MainProcess] Worker LAPTOP-36NJC1OQ:24096 polling for due actions...
[2026-10-03 19:56:53,418: INFO/MainProcess] Claimed 0 actions
[2026-10-03 19:56:53,899: INFO/MainProcess] Task backend.worker.tasks.pick_due_actions[adf5670f-9f08-4f32-8e51-95f9b8f0217e] succeeded in 1.7029999999940628s: 'Queued 0 actions'
[2026-10-03 19:56:54,756: INFO/MainProcess] Task backend.worker.tasks.snapshot_health[5064604a-2e25-4e1b-b530-5440f5579ecd] received
[2026-10-03 19:56:54,768: INFO/MainProcess] Generating health snapshots...
[2026-10-03 19:56:57,194: INFO/MainProcess] Task backend.worker.tasks.snapshot_health[5064604a-2e25-4e1b-b530-5440f5579ecd] succeeded in 2.437999999994645s: None
[2026-10-03 19:56:58,064: INFO/MainProcess] Task backend.worker.tasks.evaluate_alerts[c5f121c5-a52d-4ae0-8092-a46a59a4aa2f] received
[2026-10-03 19:56:58,066: INFO/MainProcess] Evaluating health alerts...
[2026-10-03 19:57:00,984: INFO/MainProcess] Task backend.worker.tasks.evaluate_alerts[c5f121c5-a52d-4ae0-8092-a46a59a4aa2f] succeeded in 2.922000000005937s: None
[2026-10-03 19:57:01,883: INFO/MainProcess] Task backend.worker.tasks.evaluate_alerts[4d1667e4-1adb-42b6-a2de-39a834c5a8fb] received
[2026-10-03 19:57:01,883: INFO/MainProcess] Evaluating health alerts...
[2026-10-03 19:57:04,983: INFO/MainProcess] Task backend.worker.tasks.evaluate_alerts[4d1667e4-1adb-42b6-a2de-39a834c5a8fb] succeeded in 3.0939999999973224s: None
[2026-10-03 19:57:05,863: INFO/MainProcess] Task backend.worker.tasks.pick_due_actions[5e0fdb24-26d1-4416-8b0a-36224555d6e6] received
[2026-10-03 19:57:05,875: INFO/MainProcess] Worker LAPTOP-36NJC1OQ:24096 polling for due actions...
[2026-10-03 19:57:07,102: INFO/MainProcess] Claimed 0 actions
[2026-10-03 19:57:07,604: INFO/MainProcess] Task backend.worker.tasks.pick_due_actions[5e0fdb24-26d1-4416-8b0a-36224555d6e6] succeeded in 1.735000000000582s: 'Queued 0 actions'
[2026-10-03 19:57:08,485: INFO/MainProcess] Task backend.worker.tasks.pick_due_actions[43f40b66-46b8-498e-8fa6-bb8b91a2bfd0] received
[2026-10-03 19:57:08,486: INFO/MainProcess] Worker LAPTOP-36NJC1OQ:24096 polling for due actions...
[2026-10-03 19:57:09,688: INFO/MainProcess] Claimed 0 actions
[2026-10-03 19:57:10,172: INFO/MainProcess] Task backend.worker.tasks.pick_due_actions[43f40b66-46b8-498e-8fa6-bb8b91a2bfd0] succeeded in 1.6869999999908032s: 'Queued 0 actions'
[2026-10-03 19:57:11,045: INFO/MainProcess] Task backend.worker.tasks.snapshot_health[75d38da1-6943-417b-b0a2-3539eba0c820] received
[2026-10-03 19:57:11,058: INFO/MainProcess] Generating health snapshots...
[2026-10-03 19:57:13,717: INFO/MainProcess] Task backend.worker.tasks.snapshot_health[75d38da1-6943-417b-b0a2-3539eba0c820] succeeded in 2.6560000000026776s: None
[2026-10-03 19:57:14,587: INFO/MainProcess] Task backend.worker.tasks.snapshot_health[d66f5235-09ea-418e-80e4-025857b620c0] received
[2026-10-03 19:57:14,598: INFO/MainProcess] Generating health snapshots...
[2026-10-03 19:57:17,391: INFO/MainProcess] Task backend.worker.tasks.snapshot_health[d66f5235-09ea-418e-80e4-025857b620c0] succeeded in 2.797000000005937s: None
[2026-10-03 19:57:23,598: INFO/MainProcess] Task backend.worker.tasks.evaluate_alerts[1ac9cd7f-2224-45dd-87c4-fb046cf14789] received
[2026-10-03 19:57:23,611: INFO/MainProcess] Evaluating health alerts...
[2026-10-03 19:57:26,306: INFO/MainProcess] Task backend.worker.tasks.evaluate_alerts[1ac9cd7f-2224-45dd-87c4-fb046cf14789] succeeded in 2.702999999994063s: None
[2026-10-03 19:57:31,633: INFO/MainProcess] Task backend.worker.tasks.evaluate_alerts[cb9b8715-854f-4a46-8188-8d5c457af07b] received
[2026-10-03 19:57:31,635: INFO/MainProcess] Evaluating health alerts...
[2026-10-03 19:57:34,319: INFO/MainProcess] Task backend.worker.tasks.evaluate_alerts[cb9b8715-854f-4a46-8188-8d5c457af07b] succeeded in 2.687999999994645s: None
[2026-10-03 19:57:35,188: INFO/MainProcess] Task backend.worker.tasks.snapshot_health[172c8cad-8ec0-485e-b6d4-abd74ed6ae9c] received
[2026-10-03 19:57:35,202: INFO/MainProcess] Generating health snapshots...
[2026-10-03 19:57:37,840: INFO/MainProcess] Task backend.worker.tasks.snapshot_health[172c8cad-8ec0-485e-b6d4-abd74ed6ae9c] succeeded in 2.639999999999418s: None
[2026-10-03 19:57:50,279: INFO/MainProcess] Task backend.worker.tasks.pick_due_actions[aca2377b-6921-49cb-812b-0b25d198789f] received
[2026-10-03 19:57:50,280: INFO/MainProcess] Worker LAPTOP-36NJC1OQ:24096 polling for due actions...
[2026-10-03 19:57:51,730: INFO/MainProcess] Claimed 0 actions
[2026-10-03 19:57:52,217: INFO/MainProcess] Task backend.worker.tasks.pick_due_actions[aca2377b-6921-49cb-812b-0b25d198789f] succeeded in 1.937000000005355s: 'Queued 0 actions'
[2026-10-03 19:58:00,386: INFO/MainProcess] Task backend.worker.tasks.pick_due_actions[27633343-fa9d-4e77-8bce-9a4e815f66e4] received
[2026-10-03 19:58:00,398: INFO/MainProcess] Worker LAPTOP-36NJC1OQ:24096 polling for due actions...
[2026-10-03 19:58:01,612: INFO/MainProcess] Claimed 0 actions
[2026-10-03 19:58:02,101: INFO/MainProcess] Task backend.worker.tasks.pick_due_actions[27633343-fa9d-4e77-8bce-9a4e815f66e4] succeeded in 1.7030000000086147s: 'Queued 0 actions'
[2026-10-03 19:58:13,096: INFO/MainProcess] Task backend.worker.tasks.snapshot_health[6b549172-b5ce-44f5-8b22-b4834123f9fc] received
[2026-10-03 19:58:13,107: INFO/MainProcess] Generating health snapshots...
[2026-10-03 19:58:15,521: INFO/MainProcess] Task backend.worker.tasks.snapshot_health[6b549172-b5ce-44f5-8b22-b4834123f9fc] succeeded in 2.4219999999913853s: None
[2026-10-03 19:58:23,717: INFO/MainProcess] Task backend.worker.tasks.evaluate_alerts[b9098871-7f29-420c-88a8-4a61a373920c] received
[2026-10-03 19:58:23,719: INFO/MainProcess] Evaluating health alerts...
[2026-10-03 19:58:26,628: INFO/MainProcess] Task backend.worker.tasks.evaluate_alerts[b9098871-7f29-420c-88a8-4a61a373920c] succeeded in 2.9060000000026776s: None
[2026-10-03 19:58:32,415: INFO/MainProcess] Task backend.worker.tasks.evaluate_alerts[ccacd52f-00e5-49a6-bba9-c3c47af6b5c8] received
[2026-10-03 19:58:32,417: INFO/MainProcess] Evaluating health alerts...
[2026-10-03 19:58:35,500: INFO/MainProcess] Task backend.worker.tasks.evaluate_alerts[ccacd52f-00e5-49a6-bba9-c3c47af6b5c8] succeeded in 3.0780000000086147s: None
[2026-10-03 19:58:36,369: INFO/MainProcess] Task backend.worker.tasks.snapshot_health[20e4228e-3757-4524-9dcc-58f988d8a627] received
[2026-10-03 19:58:36,382: INFO/MainProcess] Generating health snapshots...
[2026-10-03 19:58:38,792: INFO/MainProcess] Task backend.worker.tasks.snapshot_health[20e4228e-3757-4524-9dcc-58f988d8a627] succeeded in 2.4059999999881256s: None
[2026-10-03 19:58:50,221: INFO/MainProcess] Task backend.worker.tasks.pick_due_actions[b986c603-9856-48cd-9d87-523b22166874] received
[2026-10-03 19:58:50,222: INFO/MainProcess] Worker LAPTOP-36NJC1OQ:24096 polling for due actions...
[2026-10-03 19:58:51,424: INFO/MainProcess] Claimed 0 actions
[2026-10-03 19:58:51,914: INFO/MainProcess] Task backend.worker.tasks.pick_due_actions[b986c603-9856-48cd-9d87-523b22166874] succeeded in 1.7029999999940628s: 'Queued 0 actions'
[2026-10-03 19:59:00,395: INFO/MainProcess] Task backend.worker.tasks.pick_due_actions[3bce0b30-d3db-41eb-a2ad-c8b7ed201ef8] received
[2026-10-03 19:59:00,397: INFO/MainProcess] Worker LAPTOP-36NJC1OQ:24096 polling for due actions...
[2026-10-03 19:59:01,779: INFO/MainProcess] Claimed 0 actions
[2026-10-03 19:59:02,269: INFO/MainProcess] Task backend.worker.tasks.pick_due_actions[3bce0b30-d3db-41eb-a2ad-c8b7ed201ef8] succeeded in 1.8590000000112923s: 'Queued 0 actions'
[2026-10-03 19:59:12,905: INFO/MainProcess] Task backend.worker.tasks.snapshot_health[2832161f-58ec-4763-87be-ef5bbbd437b2] received
[2026-10-03 19:59:12,906: INFO/MainProcess] Generating health snapshots...
[2026-10-03 19:59:15,708: INFO/MainProcess] Task backend.worker.tasks.snapshot_health[2832161f-58ec-4763-87be-ef5bbbd437b2] succeeded in 2.797000000005937s: None
[2026-10-03 19:59:23,742: INFO/MainProcess] Task backend.worker.tasks.evaluate_alerts[ff24dab5-7963-428f-af18-4c2035d78a05] received
[2026-10-03 19:59:23,743: INFO/MainProcess] Evaluating health alerts...
[2026-10-03 19:59:26,425: INFO/MainProcess] Task backend.worker.tasks.evaluate_alerts[ff24dab5-7963-428f-af18-4c2035d78a05] succeeded in 2.6719999999913853s: None
[2026-10-03 19:59:31,693: INFO/MainProcess] Task backend.worker.tasks.evaluate_alerts[e675507e-d5fe-4dd0-9f43-73b37e9b3dec] received
[2026-10-03 19:59:31,694: INFO/MainProcess] Evaluating health alerts...
[2026-10-03 19:59:34,334: INFO/MainProcess] Task backend.worker.tasks.evaluate_alerts[e675507e-d5fe-4dd0-9f43-73b37e9b3dec] succeeded in 2.639999999999418s: None
[2026-10-03 19:59:35,199: INFO/MainProcess] Task backend.worker.tasks.snapshot_health[3fc7f05b-07e9-4276-b0a7-de05b935adf9] received
[2026-10-03 19:59:35,201: INFO/MainProcess] Generating health snapshots...
[2026-10-03 19:59:37,850: INFO/MainProcess] Task backend.worker.tasks.snapshot_health[3fc7f05b-07e9-4276-b0a7-de05b935adf9] succeeded in 2.6560000000026776s: None
[2026-10-03 19:59:50,414: INFO/MainProcess] Task backend.worker.tasks.pick_due_actions[ea91924e-3bd8-4355-9bee-7a5b91ff9ecd] received
[2026-10-03 19:59:50,415: INFO/MainProcess] Worker LAPTOP-36NJC1OQ:24096 polling for due actions...
[2026-10-03 19:59:51,867: INFO/MainProcess] Claimed 0 actions
[2026-10-03 19:59:52,344: INFO/MainProcess] Task backend.worker.tasks.pick_due_actions[ea91924e-3bd8-4355-9bee-7a5b91ff9ecd] succeeded in 1.9220000000059372s: 'Queued 0 actions'
[2026-10-03 20:00:00,675: INFO/MainProcess] Task backend.worker.tasks.pick_due_actions[552ea702-4521-4ea5-bcc9-cfd4717ecf5f] received
[2026-10-03 20:00:00,688: INFO/MainProcess] Worker LAPTOP-36NJC1OQ:24096 polling for due actions...
[2026-10-03 20:00:01,908: INFO/MainProcess] Claimed 0 actions
[2026-10-03 20:00:02,400: INFO/MainProcess] Task backend.worker.tasks.pick_due_actions[552ea702-4521-4ea5-bcc9-cfd4717ecf5f] succeeded in 1.7189999999973224s: 'Queued 0 actions'
[2026-10-03 20:00:12,910: INFO/MainProcess] Task backend.worker.tasks.snapshot_health[1436bf5f-a80e-4542-9d13-41b88884fb1d] received
[2026-10-03 20:00:12,911: INFO/MainProcess] Generating health snapshots...
[2026-10-03 20:00:15,465: INFO/MainProcess] Task backend.worker.tasks.snapshot_health[1436bf5f-a80e-4542-9d13-41b88884fb1d] succeeded in 2.562000000005355s: None
[2026-10-03 20:00:23,609: INFO/MainProcess] Task backend.worker.tasks.evaluate_alerts[281895cc-655f-482d-9d84-131add18aace] received
[2026-10-03 20:00:23,610: INFO/MainProcess] Evaluating health alerts...
[2026-10-03 20:00:26,530: INFO/MainProcess] Task backend.worker.tasks.evaluate_alerts[281895cc-655f-482d-9d84-131add18aace] succeeded in 2.9219999999913853s: None
[2026-10-03 20:00:31,634: INFO/MainProcess] Task backend.worker.tasks.evaluate_alerts[d84fd421-f744-47cc-984a-9f49f3891aef] received
[2026-10-03 20:00:31,645: INFO/MainProcess] Evaluating health alerts...
[2026-10-03 20:00:34,743: INFO/MainProcess] Task backend.worker.tasks.evaluate_alerts[d84fd421-f744-47cc-984a-9f49f3891aef] succeeded in 3.1089999999967404s: None
[2026-10-03 20:00:35,617: INFO/MainProcess] Task backend.worker.tasks.snapshot_health[23867215-eec7-435a-84e7-faea075f8198] received
[2026-10-03 20:00:35,628: INFO/MainProcess] Generating health snapshots...
[2026-10-03 20:00:38,081: INFO/MainProcess] Task backend.worker.tasks.snapshot_health[23867215-eec7-435a-84e7-faea075f8198] succeeded in 2.4539999999979045s: None
[2026-10-03 20:00:50,204: INFO/MainProcess] Task backend.worker.tasks.pick_due_actions[3c8c2241-d31f-4d5b-9b6d-0cfce8a6a974] received
[2026-10-03 20:00:50,206: INFO/MainProcess] Worker LAPTOP-36NJC1OQ:24096 polling for due actions...
[2026-10-03 20:00:51,409: INFO/MainProcess] Claimed 0 actions
[2026-10-03 20:00:51,904: INFO/MainProcess] Task backend.worker.tasks.pick_due_actions[3c8c2241-d31f-4d5b-9b6d-0cfce8a6a974] succeeded in 1.7029999999940628s: 'Queued 0 actions'
[2026-10-03 20:00:55,696: INFO/MainProcess] Task backend.worker.tasks.retry_stuck_classifications[2e54c92d-1eb1-475a-93bd-bacbbf58d0d2] received
[2026-10-03 20:00:55,698: INFO/MainProcess] Checking for stuck classifications...
[2026-10-03 20:00:57,542: INFO/MainProcess] Task backend.worker.tasks.retry_stuck_classifications[2e54c92d-1eb1-475a-93bd-bacbbf58d0d2] succeeded in 1.8429999999934807s: 'Re-queued 0 payments'
[2026-10-03 20:00:58,419: INFO/MainProcess] Task backend.worker.tasks.retry_stuck_classifications[f113f17d-5c17-48d3-84ef-c7f41d05624f] received
[2026-10-03 20:00:58,420: INFO/MainProcess] Checking for stuck classifications...
[2026-10-03 20:01:00,383: INFO/MainProcess] Task backend.worker.tasks.retry_stuck_classifications[f113f17d-5c17-48d3-84ef-c7f41d05624f] succeeded in 1.9690000000118744s: 'Re-queued 0 payments'
[2026-10-03 20:01:01,536: INFO/MainProcess] Task backend.worker.tasks.pick_due_actions[7e4c29aa-066f-4e6a-afd8-9644d4be44d3] received
[2026-10-03 20:01:01,550: INFO/MainProcess] Worker LAPTOP-36NJC1OQ:24096 polling for due actions...
[2026-10-03 20:01:02,799: INFO/MainProcess] Claimed 0 actions
[2026-10-03 20:01:03,290: INFO/MainProcess] Task backend.worker.tasks.pick_due_actions[7e4c29aa-066f-4e6a-afd8-9644d4be44d3] succeeded in 1.75s: 'Queued 0 actions'
[2026-10-03 20:01:12,908: INFO/MainProcess] Task backend.worker.tasks.snapshot_health[79d76ba7-ac47-4da7-b6fc-7764ca63f4af] received
[2026-10-03 20:01:12,909: INFO/MainProcess] Generating health snapshots...
[2026-10-03 20:01:15,343: INFO/MainProcess] Task backend.worker.tasks.snapshot_health[79d76ba7-ac47-4da7-b6fc-7764ca63f4af] succeeded in 2.437000000005355s: None
[2026-10-03 20:01:23,633: INFO/MainProcess] Task backend.worker.tasks.evaluate_alerts[11059097-b4b5-4b7b-a68e-fdb5f652309b] received
[2026-10-03 20:01:23,645: INFO/MainProcess] Evaluating health alerts...
[2026-10-03 20:01:26,555: INFO/MainProcess] Task backend.worker.tasks.evaluate_alerts[11059097-b4b5-4b7b-a68e-fdb5f652309b] succeeded in 2.9219999999913853s: None
[2026-10-03 20:01:32,006: INFO/MainProcess] Task backend.worker.tasks.evaluate_alerts[c4b9c30a-0a4a-4525-a11b-1c4543311ee5] received
[2026-10-03 20:01:32,019: INFO/MainProcess] Evaluating health alerts...
[2026-10-03 20:01:35,099: INFO/MainProcess] Task backend.worker.tasks.evaluate_alerts[c4b9c30a-0a4a-4525-a11b-1c4543311ee5] succeeded in 3.0939999999973224s: None
[2026-10-03 20:01:35,978: INFO/MainProcess] Task backend.worker.tasks.snapshot_health[ea25b2bb-5884-45f2-af3d-b8cbab686b13] received
[2026-10-03 20:01:35,979: INFO/MainProcess] Generating health snapshots...
[2026-10-03 20:01:38,409: INFO/MainProcess] Task backend.worker.tasks.snapshot_health[ea25b2bb-5884-45f2-af3d-b8cbab686b13] succeeded in 2.4219999999913853s: None
[2026-10-03 20:01:50,220: INFO/MainProcess] Task backend.worker.tasks.pick_due_actions[028c7835-0803-471e-a313-adeaf7ffeb6c] received
[2026-10-03 20:01:50,232: INFO/MainProcess] Worker LAPTOP-36NJC1OQ:24096 polling for due actions...
[2026-10-03 20:01:51,424: INFO/MainProcess] Claimed 0 actions
[2026-10-03 20:01:51,907: INFO/MainProcess] Task backend.worker.tasks.pick_due_actions[028c7835-0803-471e-a313-adeaf7ffeb6c] succeeded in 1.6719999999913853s: 'Queued 0 actions'
[2026-10-03 20:02:00,624: INFO/MainProcess] Task backend.worker.tasks.pick_due_actions[ee0c461c-4296-4e4d-a079-554624451f51] received
[2026-10-03 20:02:00,626: INFO/MainProcess] Worker LAPTOP-36NJC1OQ:24096 polling for due actions...
[2026-10-03 20:02:01,986: INFO/MainProcess] Claimed 0 actions
[2026-10-03 20:02:02,481: INFO/MainProcess] Task backend.worker.tasks.pick_due_actions[ee0c461c-4296-4e4d-a079-554624451f51] succeeded in 1.860000000000582s: 'Queued 0 actions'
[2026-10-03 20:02:12,908: INFO/MainProcess] Task backend.worker.tasks.snapshot_health[f3abb678-5bad-4654-a7e0-c707b4ad58db] received
[2026-10-03 20:02:12,920: INFO/MainProcess] Generating health snapshots...
[2026-10-03 20:02:15,727: INFO/MainProcess] Task backend.worker.tasks.snapshot_health[f3abb678-5bad-4654-a7e0-c707b4ad58db] succeeded in 2.813000000009197s: None
[2026-10-03 20:02:23,635: INFO/MainProcess] Task backend.worker.tasks.evaluate_alerts[5707eebc-1d82-40ff-af6f-a77adb80419e] received
[2026-10-03 20:02:23,647: INFO/MainProcess] Evaluating health alerts...
[2026-10-03 20:02:26,316: INFO/MainProcess] Task backend.worker.tasks.evaluate_alerts[5707eebc-1d82-40ff-af6f-a77adb80419e] succeeded in 2.6560000000026776s: None
[2026-10-03 20:02:31,651: INFO/MainProcess] Task backend.worker.tasks.evaluate_alerts[9e80b863-7b38-404e-9554-4dad297b4d46] received
[2026-10-03 20:02:31,663: INFO/MainProcess] Evaluating health alerts...
[2026-10-03 20:02:34,322: INFO/MainProcess] Task backend.worker.tasks.evaluate_alerts[9e80b863-7b38-404e-9554-4dad297b4d46] succeeded in 2.6570000000065193s: None
[2026-10-03 20:02:35,213: INFO/MainProcess] Task backend.worker.tasks.snapshot_health[fc3513e1-68fa-4ae4-92bb-0e36759252c6] received
[2026-10-03 20:02:35,224: INFO/MainProcess] Generating health snapshots...
[2026-10-03 20:02:37,869: INFO/MainProcess] Task backend.worker.tasks.snapshot_health[fc3513e1-68fa-4ae4-92bb-0e36759252c6] succeeded in 2.639999999999418s: None
[2026-10-03 20:02:50,471: INFO/MainProcess] Task backend.worker.tasks.pick_due_actions[b694e0e2-ffaf-463a-85f1-f19c526a19aa] received
[2026-10-03 20:02:50,471: INFO/MainProcess] Worker LAPTOP-36NJC1OQ:24096 polling for due actions...
[2026-10-03 20:02:51,917: INFO/MainProcess] Claimed 0 actions
[2026-10-03 20:02:52,397: INFO/MainProcess] Task backend.worker.tasks.pick_due_actions[b694e0e2-ffaf-463a-85f1-f19c526a19aa] succeeded in 1.9220000000059372s: 'Queued 0 actions'
[2026-10-03 20:03:12,195: INFO/MainProcess] Task backend.worker.tasks.pick_due_actions[909cde8a-0c29-470e-a46c-8e45f6fdb539] received
[2026-10-03 20:03:12,196: INFO/MainProcess] Worker LAPTOP-36NJC1OQ:24096 polling for due actions...
[2026-10-03 20:03:30,769: INFO/MainProcess] Claimed 0 actions
[2026-10-03 20:03:33,574: INFO/MainProcess] Task backend.worker.tasks.pick_due_actions[909cde8a-0c29-470e-a46c-8e45f6fdb539] succeeded in 21.375s: 'Queued 0 actions'
[2026-10-03 20:03:36,773: INFO/MainProcess] Task backend.worker.tasks.snapshot_health[02a04f69-c172-42eb-8ebc-159cca50d4a7] received
[2026-10-03 20:03:36,776: INFO/MainProcess] Generating health snapshots...
[2026-10-03 20:03:59,174: INFO/MainProcess] Task backend.worker.tasks.snapshot_health[02a04f69-c172-42eb-8ebc-159cca50d4a7] succeeded in 22.389999999999418s: None
[2026-10-03 20:04:00,037: INFO/MainProcess] Task backend.worker.tasks.evaluate_alerts[88da7f61-3586-4f81-a179-86cd376a55d6] received
[2026-10-03 20:04:00,049: INFO/MainProcess] Evaluating health alerts...
[2026-10-03 20:04:02,964: INFO/MainProcess] Task backend.worker.tasks.evaluate_alerts[88da7f61-3586-4f81-a179-86cd376a55d6] succeeded in 2.922000000005937s: None
[2026-10-03 20:04:03,839: INFO/MainProcess] Task backend.worker.tasks.evaluate_alerts[ad9c164f-7ead-4a36-bd6c-c1adbc66c77c] received
[2026-10-03 20:04:03,840: INFO/MainProcess] Evaluating health alerts...
[2026-10-03 20:04:07,011: INFO/MainProcess] Task backend.worker.tasks.evaluate_alerts[ad9c164f-7ead-4a36-bd6c-c1adbc66c77c] succeeded in 3.172000000005937s: None
[2026-10-03 20:04:07,889: INFO/MainProcess] Task backend.worker.tasks.snapshot_health[308fa2a8-f75d-43c1-ba28-12770ec58d94] received
[2026-10-03 20:04:07,903: INFO/MainProcess] Generating health snapshots...
[2026-10-03 20:04:10,345: INFO/MainProcess] Task backend.worker.tasks.snapshot_health[308fa2a8-f75d-43c1-ba28-12770ec58d94] succeeded in 2.437000000005355s: None
[2026-10-03 20:04:11,207: INFO/MainProcess] Task backend.worker.tasks.pick_due_actions[530554cf-e8a6-45f9-b4d6-934cd50b7a64] received
[2026-10-03 20:04:11,220: INFO/MainProcess] Worker LAPTOP-36NJC1OQ:24096 polling for due actions...
[2026-10-03 20:04:12,423: INFO/MainProcess] Claimed 0 actions
[2026-10-03 20:04:12,901: INFO/MainProcess] Task backend.worker.tasks.pick_due_actions[530554cf-e8a6-45f9-b4d6-934cd50b7a64] succeeded in 1.687999999994645s: 'Queued 0 actions'
[2026-10-03 20:04:13,797: INFO/MainProcess] Task backend.worker.tasks.pick_due_actions[133a2b95-938b-4204-b9aa-ca0f416f54f2] received
[2026-10-03 20:04:13,809: INFO/MainProcess] Worker LAPTOP-36NJC1OQ:24096 polling for due actions...
[2026-10-03 20:04:15,157: INFO/MainProcess] Claimed 0 actions
[2026-10-03 20:04:15,638: INFO/MainProcess] Task backend.worker.tasks.pick_due_actions[133a2b95-938b-4204-b9aa-ca0f416f54f2] succeeded in 1.8280000000086147s: 'Queued 0 actions'
[2026-10-03 20:04:16,513: INFO/MainProcess] Task backend.worker.tasks.snapshot_health[44c5fea4-36bf-4dd4-b749-2d6225790a71] received
[2026-10-03 20:04:16,514: INFO/MainProcess] Generating health snapshots...
[2026-10-03 20:04:19,299: INFO/MainProcess] Task backend.worker.tasks.snapshot_health[44c5fea4-36bf-4dd4-b749-2d6225790a71] succeeded in 2.7809999999881256s: None
[2026-10-03 20:04:23,651: INFO/MainProcess] Task backend.worker.tasks.evaluate_alerts[d3cbf0f6-f565-479d-86b2-143544454652] received
[2026-10-03 20:04:23,652: INFO/MainProcess] Evaluating health alerts...
[2026-10-03 20:04:26,369: INFO/MainProcess] Task backend.worker.tasks.evaluate_alerts[d3cbf0f6-f565-479d-86b2-143544454652] succeeded in 2.7180000000080327s: None
[2026-10-03 20:04:31,870: INFO/MainProcess] Task backend.worker.tasks.evaluate_alerts[ddfef956-eaeb-4872-b0e1-436c787f3730] received
[2026-10-03 20:04:31,883: INFO/MainProcess] Evaluating health alerts...
[2026-10-03 20:04:34,538: INFO/MainProcess] Task backend.worker.tasks.evaluate_alerts[ddfef956-eaeb-4872-b0e1-436c787f3730] succeeded in 2.6559999999881256s: None
[2026-10-03 20:04:35,408: INFO/MainProcess] Task backend.worker.tasks.snapshot_health[e96a7ce1-3bfb-42d7-843d-96c10976547a] received
[2026-10-03 20:04:35,420: INFO/MainProcess] Generating health snapshots...
[2026-10-03 20:04:38,066: INFO/MainProcess] Task backend.worker.tasks.snapshot_health[e96a7ce1-3bfb-42d7-843d-96c10976547a] succeeded in 2.6410000000032596s: None
[2026-10-03 20:04:50,224: INFO/MainProcess] Task backend.worker.tasks.pick_due_actions[ebab74a0-0668-45a8-845a-1e4926764666] received
[2026-10-03 20:04:50,226: INFO/MainProcess] Worker LAPTOP-36NJC1OQ:24096 polling for due actions...
[2026-10-03 20:04:51,667: INFO/MainProcess] Claimed 0 actions
[2026-10-03 20:04:52,143: INFO/MainProcess] Task backend.worker.tasks.pick_due_actions[ebab74a0-0668-45a8-845a-1e4926764666] succeeded in 1.9060000000026776s: 'Queued 0 actions'
[2026-10-03 20:05:00,387: INFO/MainProcess] Task backend.worker.tasks.pick_due_actions[58757a9e-96db-4acc-8250-eedc131be4a6] received
[2026-10-03 20:05:00,389: INFO/MainProcess] Worker LAPTOP-36NJC1OQ:24096 polling for due actions...
[2026-10-03 20:05:01,597: INFO/MainProcess] Claimed 0 actions
[2026-10-03 20:05:02,085: INFO/MainProcess] Task backend.worker.tasks.pick_due_actions[58757a9e-96db-4acc-8250-eedc131be4a6] succeeded in 1.7029999999940628s: 'Queued 0 actions'
[2026-10-03 20:05:13,092: INFO/MainProcess] Task backend.worker.tasks.snapshot_health[13320221-a5e9-41cf-9b9b-4ffd91aab0b4] received
[2026-10-03 20:05:13,094: INFO/MainProcess] Generating health snapshots...
[2026-10-03 20:05:15,528: INFO/MainProcess] Task backend.worker.tasks.snapshot_health[13320221-a5e9-41cf-9b9b-4ffd91aab0b4] succeeded in 2.437999999994645s: None
[2026-10-03 20:05:23,651: INFO/MainProcess] Task backend.worker.tasks.evaluate_alerts[60774660-4f7c-4b81-8ab7-a7a16f3f00f8] received
[2026-10-03 20:05:23,663: INFO/MainProcess] Evaluating health alerts...
[2026-10-03 20:05:26,577: INFO/MainProcess] Task backend.worker.tasks.evaluate_alerts[60774660-4f7c-4b81-8ab7-a7a16f3f00f8] succeeded in 2.9070000000065193s: None
[2026-10-03 20:05:31,909: INFO/MainProcess] Task backend.worker.tasks.evaluate_alerts[33b29b24-d796-4481-80ac-3f89c0651ae6] received
[2026-10-03 20:05:31,910: INFO/MainProcess] Evaluating health alerts...
[2026-10-03 20:05:34,995: INFO/MainProcess] Task backend.worker.tasks.evaluate_alerts[33b29b24-d796-4481-80ac-3f89c0651ae6] succeeded in 3.0930000000080327s: None
[2026-10-03 20:05:35,874: INFO/MainProcess] Task backend.worker.tasks.snapshot_health[20f1a611-f192-41fc-af77-1d1f9756e87b] received
[2026-10-03 20:05:35,885: INFO/MainProcess] Generating health snapshots...
[2026-10-03 20:05:38,311: INFO/MainProcess] Task backend.worker.tasks.snapshot_health[20f1a611-f192-41fc-af77-1d1f9756e87b] succeeded in 2.4219999999913853s: None
[2026-10-03 20:05:50,224: INFO/MainProcess] Task backend.worker.tasks.pick_due_actions[85805ed3-af3f-46a0-8511-d88aa77cd430] received
[2026-10-03 20:05:50,226: INFO/MainProcess] Worker LAPTOP-36NJC1OQ:24096 polling for due actions...
[2026-10-03 20:05:51,452: INFO/MainProcess] Claimed 0 actions
[2026-10-03 20:05:51,940: INFO/MainProcess] Task backend.worker.tasks.pick_due_actions[85805ed3-af3f-46a0-8511-d88aa77cd430] succeeded in 1.7029999999940628s: 'Queued 0 actions'
[2026-10-03 20:06:00,387: INFO/MainProcess] Task backend.worker.tasks.pick_due_actions[6c0636d0-2549-4350-8ce9-d2f85f8f7140] received
[2026-10-03 20:06:00,399: INFO/MainProcess] Worker LAPTOP-36NJC1OQ:24096 polling for due actions...
[2026-10-03 20:06:01,750: INFO/MainProcess] Claimed 0 actions
[2026-10-03 20:06:02,229: INFO/MainProcess] Task backend.worker.tasks.pick_due_actions[6c0636d0-2549-4350-8ce9-d2f85f8f7140] succeeded in 1.8280000000086147s: 'Queued 0 actions'
[2026-10-03 20:06:12,929: INFO/MainProcess] Task backend.worker.tasks.snapshot_health[f6409421-803b-432b-8f2d-68b2b93cf60a] received
[2026-10-03 20:06:12,941: INFO/MainProcess] Generating health snapshots...
[2026-10-03 20:06:15,724: INFO/MainProcess] Task backend.worker.tasks.snapshot_health[f6409421-803b-432b-8f2d-68b2b93cf60a] succeeded in 2.797000000005937s: None
[2026-10-03 20:06:23,654: INFO/MainProcess] Task backend.worker.tasks.evaluate_alerts[4e1bd892-f99e-412b-8043-b398404b7878] received
[2026-10-03 20:06:23,665: INFO/MainProcess] Evaluating health alerts...
[2026-10-03 20:06:26,366: INFO/MainProcess] Task backend.worker.tasks.evaluate_alerts[4e1bd892-f99e-412b-8043-b398404b7878] succeeded in 2.7030000000086147s: None
[2026-10-03 20:06:31,632: INFO/MainProcess] Task backend.worker.tasks.evaluate_alerts[471e2e5a-c2df-4261-b858-899c34aba34d] received
[2026-10-03 20:06:31,643: INFO/MainProcess] Evaluating health alerts...
[2026-10-03 20:06:34,302: INFO/MainProcess] Task backend.worker.tasks.evaluate_alerts[471e2e5a-c2df-4261-b858-899c34aba34d] succeeded in 2.6559999999881256s: None
[2026-10-03 20:06:35,180: INFO/MainProcess] Task backend.worker.tasks.snapshot_health[5f9bb50f-c7ca-4758-a34f-27855eab1aee] received
[2026-10-03 20:06:35,181: INFO/MainProcess] Generating health snapshots...
[2026-10-03 20:06:37,833: INFO/MainProcess] Task backend.worker.tasks.snapshot_health[5f9bb50f-c7ca-4758-a34f-27855eab1aee] succeeded in 2.6410000000032596s: None
[2026-10-03 20:06:50,204: INFO/MainProcess] Task backend.worker.tasks.pick_due_actions[1262da9e-fe10-41da-b968-33d5df1a693d] received
[2026-10-03 20:06:50,204: INFO/MainProcess] Worker LAPTOP-36NJC1OQ:24096 polling for due actions...
[2026-10-03 20:06:51,649: INFO/MainProcess] Claimed 0 actions
[2026-10-03 20:06:52,129: INFO/MainProcess] Task backend.worker.tasks.pick_due_actions[1262da9e-fe10-41da-b968-33d5df1a693d] succeeded in 1.9210000000020955s: 'Queued 0 actions'
[2026-10-03 20:07:00,384: INFO/MainProcess] Task backend.worker.tasks.pick_due_actions[b415cbec-e8b4-4c0d-b0c7-e52c7ecb6612] received
[2026-10-03 20:07:00,385: INFO/MainProcess] Worker LAPTOP-36NJC1OQ:24096 polling for due actions...
[2026-10-03 20:07:01,591: INFO/MainProcess] Claimed 0 actions
[2026-10-03 20:07:02,064: INFO/MainProcess] Task backend.worker.tasks.pick_due_actions[b415cbec-e8b4-4c0d-b0c7-e52c7ecb6612] succeeded in 1.6719999999913853s: 'Queued 0 actions'
[2026-10-03 20:07:12,901: INFO/MainProcess] Task backend.worker.tasks.snapshot_health[e45d02ad-d8a3-4790-84e7-7c52113384c3] received
[2026-10-03 20:07:12,902: INFO/MainProcess] Generating health snapshots...
[2026-10-03 20:07:15,394: INFO/MainProcess] Task backend.worker.tasks.snapshot_health[e45d02ad-d8a3-4790-84e7-7c52113384c3] succeeded in 2.4840000000112923s: None
[2026-10-03 20:07:23,645: INFO/MainProcess] Task backend.worker.tasks.evaluate_alerts[7065334d-4deb-4083-a3b1-e2d8f9334437] received
[2026-10-03 20:07:23,647: INFO/MainProcess] Evaluating health alerts...
[2026-10-03 20:07:26,573: INFO/MainProcess] Task backend.worker.tasks.evaluate_alerts[7065334d-4deb-4083-a3b1-e2d8f9334437] succeeded in 2.922000000005937s: None
[2026-10-03 20:07:31,664: INFO/MainProcess] Task backend.worker.tasks.evaluate_alerts[0864cf56-74e3-473c-8d04-70c7224608c2] received
[2026-10-03 20:07:31,665: INFO/MainProcess] Evaluating health alerts...
[2026-10-03 20:07:34,731: INFO/MainProcess] Task backend.worker.tasks.evaluate_alerts[0864cf56-74e3-473c-8d04-70c7224608c2] succeeded in 3.063000000009197s: None
[2026-10-03 20:07:35,599: INFO/MainProcess] Task backend.worker.tasks.snapshot_health[e6b2f125-0a94-448a-89c0-5d6e815dfdef] received
[2026-10-03 20:07:35,600: INFO/MainProcess] Generating health snapshots...
[2026-10-03 20:07:38,059: INFO/MainProcess] Task backend.worker.tasks.snapshot_health[e6b2f125-0a94-448a-89c0-5d6e815dfdef] succeeded in 2.452999999994063s: None
[2026-10-03 20:07:50,360: INFO/MainProcess] Task backend.worker.tasks.pick_due_actions[4c6de4f2-4aa0-4088-aedf-1c5cc0c1cd26] received
[2026-10-03 20:07:50,373: INFO/MainProcess] Worker LAPTOP-36NJC1OQ:24096 polling for due actions...
[2026-10-03 20:07:51,567: INFO/MainProcess] Claimed 0 actions
[2026-10-03 20:07:52,054: INFO/MainProcess] Task backend.worker.tasks.pick_due_actions[4c6de4f2-4aa0-4088-aedf-1c5cc0c1cd26] succeeded in 1.687999999994645s: 'Queued 0 actions'
[2026-10-03 20:08:00,393: INFO/MainProcess] Task backend.worker.tasks.pick_due_actions[69b0e909-0599-4a8f-8174-2b3142da86f1] received
[2026-10-03 20:08:00,407: INFO/MainProcess] Worker LAPTOP-36NJC1OQ:24096 polling for due actions...
[2026-10-03 20:08:01,756: INFO/MainProcess] Claimed 0 actions
[2026-10-03 20:08:02,258: INFO/MainProcess] Task backend.worker.tasks.pick_due_actions[69b0e909-0599-4a8f-8174-2b3142da86f1] succeeded in 1.8590000000112923s: 'Queued 0 actions'
[2026-10-03 20:08:12,902: INFO/MainProcess] Task backend.worker.tasks.snapshot_health[db523d0d-cd93-4f91-a1d1-da6ca8aecc60] received
[2026-10-03 20:08:12,914: INFO/MainProcess] Generating health snapshots...
[2026-10-03 20:08:15,721: INFO/MainProcess] Task backend.worker.tasks.snapshot_health[db523d0d-cd93-4f91-a1d1-da6ca8aecc60] succeeded in 2.797000000005937s: None
[2026-10-03 20:08:23,799: INFO/MainProcess] Task backend.worker.tasks.evaluate_alerts[248451ce-5f0a-42c0-8a14-83745436ac87] received
[2026-10-03 20:08:23,801: INFO/MainProcess] Evaluating health alerts...
[2026-10-03 20:08:26,484: INFO/MainProcess] Task backend.worker.tasks.evaluate_alerts[248451ce-5f0a-42c0-8a14-83745436ac87] succeeded in 2.688000000009197s: None
[2026-10-03 20:08:31,626: INFO/MainProcess] Task backend.worker.tasks.evaluate_alerts[de7bcdb4-1d51-48a0-94f4-86f2e1b90077] received
[2026-10-03 20:08:31,628: INFO/MainProcess] Evaluating health alerts...
[2026-10-03 20:08:34,293: INFO/MainProcess] Task backend.worker.tasks.evaluate_alerts[de7bcdb4-1d51-48a0-94f4-86f2e1b90077] succeeded in 2.6719999999913853s: None
[2026-10-03 20:08:35,153: INFO/MainProcess] Task backend.worker.tasks.snapshot_health[58cf6eed-9032-4f1d-876c-bc8849d2a498] received
[2026-10-03 20:08:35,154: INFO/MainProcess] Generating health snapshots...
[2026-10-03 20:08:37,808: INFO/MainProcess] Task backend.worker.tasks.snapshot_health[58cf6eed-9032-4f1d-876c-bc8849d2a498] succeeded in 2.6560000000026776s: None
[2026-10-03 20:08:50,220: INFO/MainProcess] Task backend.worker.tasks.pick_due_actions[40aed68c-3f25-49e3-bd09-8c8f3b65f59e] received
[2026-10-03 20:08:50,222: INFO/MainProcess] Worker LAPTOP-36NJC1OQ:24096 polling for due actions...
[2026-10-03 20:08:51,668: INFO/MainProcess] Claimed 0 actions
[2026-10-03 20:08:52,152: INFO/MainProcess] Task backend.worker.tasks.pick_due_actions[40aed68c-3f25-49e3-bd09-8c8f3b65f59e] succeeded in 1.937999999994645s: 'Queued 0 actions'
[2026-10-03 20:09:00,517: INFO/MainProcess] Task backend.worker.tasks.pick_due_actions[195ba4fb-6fdd-4319-b4cd-d42eb8befea0] received
[2026-10-03 20:09:00,530: INFO/MainProcess] Worker LAPTOP-36NJC1OQ:24096 polling for due actions...
[2026-10-03 20:09:01,733: INFO/MainProcess] Claimed 0 actions
[2026-10-03 20:09:02,207: INFO/MainProcess] Task backend.worker.tasks.pick_due_actions[195ba4fb-6fdd-4319-b4cd-d42eb8befea0] succeeded in 1.6720000000059372s: 'Queued 0 actions'
[2026-10-03 20:09:12,914: INFO/MainProcess] Task backend.worker.tasks.snapshot_health[3affaa95-a749-4eaf-ac6f-2db4bef63418] received
[2026-10-03 20:09:12,915: INFO/MainProcess] Generating health snapshots...
[2026-10-03 20:09:15,351: INFO/MainProcess] Task backend.worker.tasks.snapshot_health[3affaa95-a749-4eaf-ac6f-2db4bef63418] succeeded in 2.438000000009197s: None
e by default. The setting will be set to True by default in Celery 6.0.

  warnings.warn(CANCEL_TASKS_BY_DEFAULT, CPendingDeprecationWarning)

[2026-10-03 19:51:54,534: INFO/MainProcess] Connected to redis://default:**@whistle-agreement-immune-83193.db.redis.io:15296//
[2026-10-03 19:51:56,273: INFO/MainProcess] mingle: searching for neighbors
[2026-10-03 19:52:00,851: INFO/MainProcess] mingle: all alone
[2026-10-03 19:52:07,258: WARNING/MainProcess] consumer: Connection to broker lost. Trying to re-establish the connection...
Traceback (most recent call last):
  File "D:\RECOVER_AGENT\.venv\Lib\site-packages\celery\worker\consumer\consumer.py", line 346, in start
    blueprint.start(self)
  File "D:\RECOVER_AGENT\.venv\Lib\site-packages\celery\bootsteps.py", line 116, in start
    step.start(parent)
  File "D:\RECOVER_AGENT\.venv\Lib\site-packages\celery\worker\pidbox.py", line 53, in start
    self.consumer = self.node.listen(callback=self.on_message)
                    ^^^^^^^^^^^^^^^^^^^^^^^^^^^^^^^^^^^^^^^^^^
  File "D:\RECOVER_AGENT\.venv\Lib\site-packages\kombu\pidbox.py", line 89, in listen
    consumer = self.Consumer(channel=channel,
               ^^^^^^^^^^^^^^^^^^^^^^^^^^^^^^
  File "D:\RECOVER_AGENT\.venv\Lib\site-packages\kombu\pidbox.py", line 75, in Consumer
    return Consumer(
           ^^^^^^^^^
  File "D:\RECOVER_AGENT\.venv\Lib\site-packages\kombu\messaging.py", line 414, in __init__
    self.revive(self.channel)
  File "D:\RECOVER_AGENT\.venv\Lib\site-packages\kombu\messaging.py", line 436, in revive
    self.declare()
  File "D:\RECOVER_AGENT\.venv\Lib\site-packages\kombu\messaging.py", line 450, in declare
    queue.declare()
  File "D:\RECOVER_AGENT\.venv\Lib\site-packages\kombu\entity.py", line 617, in declare
    self._create_queue(nowait=nowait, channel=channel)
  File "D:\RECOVER_AGENT\.venv\Lib\site-packages\kombu\entity.py", line 626, in _create_queue
    self.queue_declare(nowait=nowait, passive=False, channel=channel)
  File "D:\RECOVER_AGENT\.venv\Lib\site-packages\kombu\entity.py", line 655, in queue_declare
    ret = channel.queue_declare(
          ^^^^^^^^^^^^^^^^^^^^^^
  File "D:\RECOVER_AGENT\.venv\Lib\site-packages\kombu\transport\virtual\base.py", line 538, in queue_declare
    return queue_declare_ok_t(queue, self._size(queue), 0)
                                     ^^^^^^^^^^^^^^^^^
  File "D:\RECOVER_AGENT\.venv\Lib\site-packages\kombu\transport\redis.py", line 1020, in _size
    sizes = pipe.execute()
            ^^^^^^^^^^^^^^
  File "D:\RECOVER_AGENT\.venv\Lib\site-packages\redis\client.py", line 2214, in execute
    conn = self.connection_pool.get_connection()
           ^^^^^^^^^^^^^^^^^^^^^^^^^^^^^^^^^^^^^
  File "D:\RECOVER_AGENT\.venv\Lib\site-packages\redis\utils.py", line 258, in wrapper
    return func(*args, **kwargs)
           ^^^^^^^^^^^^^^^^^^^^^
  File "D:\RECOVER_AGENT\.venv\Lib\site-packages\redis\connection.py", line 3273, in get_connection
    connection.connect()
  File "D:\RECOVER_AGENT\.venv\Lib\site-packages\redis\connection.py", line 1028, in connect
    self.retry.call_with_retry(
  File "D:\RECOVER_AGENT\.venv\Lib\site-packages\redis\retry.py", line 132, in call_with_retry
    raise error
  File "D:\RECOVER_AGENT\.venv\Lib\site-packages\redis\retry.py", line 120, in call_with_retry
    return do()
           ^^^^
  File "D:\RECOVER_AGENT\.venv\Lib\site-packages\redis\connection.py", line 1029, in <lambda>
    lambda: self.connect_check_health(
            ^^^^^^^^^^^^^^^^^^^^^^^^^^
  File "D:\RECOVER_AGENT\.venv\Lib\site-packages\redis\connection.py", line 1083, in connect_check_health
    self.on_connect_check_health(check_health=check_health)
  File "D:\RECOVER_AGENT\.venv\Lib\site-packages\redis\connection.py", line 1155, in on_connect_check_health
    self.handshake_metadata = self.read_response()
                              ^^^^^^^^^^^^^^^^^^^^
  File "D:\RECOVER_AGENT\.venv\Lib\site-packages\redis\connection.py", line 1407, in read_response
    response = self._parser.read_response(
               ^^^^^^^^^^^^^^^^^^^^^^^^^^^
  File "D:\RECOVER_AGENT\.venv\Lib\site-packages\redis\_parsers\resp3.py", line 40, in read_response
    result = self._read_response(
             ^^^^^^^^^^^^^^^^^^^^
  File "D:\RECOVER_AGENT\.venv\Lib\site-packages\redis\_parsers\resp3.py", line 80, in _read_response
    raise error
redis.exceptions.ConnectionError: max number of clients reached
[2026-10-03 19:52:07,818: WARNING/MainProcess] D:\RECOVER_AGENT\.venv\Lib\site-packages\celery\worker\consumer\consumer.py:397: CPendingDeprecationWarning: 
In Celery 5.1 we introduced an optional breaking change which
on connection loss cancels all currently executed tasks with late acknowledgement enabled.
These tasks cannot be acknowledged as the connection is gone, and the tasks are automatically redelivered
back to the queue. You can enable this behavior using the worker_cancel_long_running_tasks_on_connection_loss
setting. In Celery 5.1 it is set to False by default. The setting will be set to True by default in Celery 6.0.

  warnings.warn(CANCEL_TASKS_BY_DEFAULT, CPendingDeprecationWarning)

[2026-10-03 19:52:09,197: INFO/MainProcess] Connected to redis://default:**@whistle-agreement-immune-83193.db.redis.io:15296//
[2026-10-03 19:52:10,581: INFO/MainProcess] mingle: searching for neighbors
[2026-10-03 19:52:14,876: INFO/MainProcess] mingle: all alone
[2026-10-03 19:52:20,690: WARNING/MainProcess] consumer: Connection to broker lost. Trying to re-establish the connection...
Traceback (most recent call last):
  File "D:\RECOVER_AGENT\.venv\Lib\site-packages\celery\worker\consumer\consumer.py", line 346, in start
    blueprint.start(self)
  File "D:\RECOVER_AGENT\.venv\Lib\site-packages\celery\bootsteps.py", line 116, in start
    step.start(parent)
  File "D:\RECOVER_AGENT\.venv\Lib\site-packages\celery\worker\pidbox.py", line 53, in start
    self.consumer = self.node.listen(callback=self.on_message)
                    ^^^^^^^^^^^^^^^^^^^^^^^^^^^^^^^^^^^^^^^^^^
  File "D:\RECOVER_AGENT\.venv\Lib\site-packages\kombu\pidbox.py", line 89, in listen
    consumer = self.Consumer(channel=channel,
               ^^^^^^^^^^^^^^^^^^^^^^^^^^^^^^
  File "D:\RECOVER_AGENT\.venv\Lib\site-packages\kombu\pidbox.py", line 75, in Consumer
    return Consumer(
           ^^^^^^^^^
  File "D:\RECOVER_AGENT\.venv\Lib\site-packages\kombu\messaging.py", line 414, in __init__
    self.revive(self.channel)
  File "D:\RECOVER_AGENT\.venv\Lib\site-packages\kombu\messaging.py", line 436, in revive
    self.declare()
  File "D:\RECOVER_AGENT\.venv\Lib\site-packages\kombu\messaging.py", line 450, in declare
    queue.declare()
  File "D:\RECOVER_AGENT\.venv\Lib\site-packages\kombu\entity.py", line 617, in declare
    self._create_queue(nowait=nowait, channel=channel)
  File "D:\RECOVER_AGENT\.venv\Lib\site-packages\kombu\entity.py", line 626, in _create_queue
    self.queue_declare(nowait=nowait, passive=False, channel=channel)
  File "D:\RECOVER_AGENT\.venv\Lib\site-packages\kombu\entity.py", line 655, in queue_declare
    ret = channel.queue_declare(
          ^^^^^^^^^^^^^^^^^^^^^^
  File "D:\RECOVER_AGENT\.venv\Lib\site-packages\kombu\transport\virtual\base.py", line 538, in queue_declare
    return queue_declare_ok_t(queue, self._size(queue), 0)
                                     ^^^^^^^^^^^^^^^^^
  File "D:\RECOVER_AGENT\.venv\Lib\site-packages\kombu\transport\redis.py", line 1020, in _size
    sizes = pipe.execute()
            ^^^^^^^^^^^^^^
  File "D:\RECOVER_AGENT\.venv\Lib\site-packages\redis\client.py", line 2214, in execute
    conn = self.connection_pool.get_connection()
           ^^^^^^^^^^^^^^^^^^^^^^^^^^^^^^^^^^^^^
  File "D:\RECOVER_AGENT\.venv\Lib\site-packages\redis\utils.py", line 258, in wrapper
    return func(*args, **kwargs)
           ^^^^^^^^^^^^^^^^^^^^^
  File "D:\RECOVER_AGENT\.venv\Lib\site-packages\redis\connection.py", line 3273, in get_connection
    connection.connect()
  File "D:\RECOVER_AGENT\.venv\Lib\site-packages\redis\connection.py", line 1028, in connect
    self.retry.call_with_retry(
  File "D:\RECOVER_AGENT\.venv\Lib\site-packages\redis\retry.py", line 132, in call_with_retry
    raise error
  File "D:\RECOVER_AGENT\.venv\Lib\site-packages\redis\retry.py", line 120, in call_with_retry
    return do()
           ^^^^
  File "D:\RECOVER_AGENT\.venv\Lib\site-packages\redis\connection.py", line 1029, in <lambda>
    lambda: self.connect_check_health(
            ^^^^^^^^^^^^^^^^^^^^^^^^^^
  File "D:\RECOVER_AGENT\.venv\Lib\site-packages\redis\connection.py", line 1083, in connect_check_health
    self.on_connect_check_health(check_health=check_health)
  File "D:\RECOVER_AGENT\.venv\Lib\site-packages\redis\connection.py", line 1155, in on_connect_check_health
    self.handshake_metadata = self.read_response()
                              ^^^^^^^^^^^^^^^^^^^^
  File "D:\RECOVER_AGENT\.venv\Lib\site-packages\redis\connection.py", line 1407, in read_response
    response = self._parser.read_response(
               ^^^^^^^^^^^^^^^^^^^^^^^^^^^
  File "D:\RECOVER_AGENT\.venv\Lib\site-packages\redis\_parsers\resp3.py", line 40, in read_response
    result = self._read_response(
             ^^^^^^^^^^^^^^^^^^^^
  File "D:\RECOVER_AGENT\.venv\Lib\site-packages\redis\_parsers\resp3.py", line 80, in _read_response
    raise error
redis.exceptions.ConnectionError: max number of clients reached
[2026-10-03 19:52:21,166: WARNING/MainProcess] D:\RECOVER_AGENT\.venv\Lib\site-packages\celery\worker\consumer\consumer.py:397: CPendingDeprecationWarning: 
In Celery 5.1 we introduced an optional breaking change which
on connection loss cancels all currently executed tasks with late acknowledgement enabled.
These tasks cannot be acknowledged as the connection is gone, and the tasks are automatically redelivered
back to the queue. You can enable this behavior using the worker_cancel_long_running_tasks_on_connection_loss
setting. In Celery 5.1 it is set to False by default. The setting will be set to True by default in Celery 6.0.

  warnings.warn(CANCEL_TASKS_BY_DEFAULT, CPendingDeprecationWarning)

[2026-10-03 19:52:22,616: INFO/MainProcess] Connected to redis://default:**@whistle-agreement-immune-83193.db.redis.io:15296//
[2026-10-03 19:52:24,308: INFO/MainProcess] mingle: searching for neighbors
[2026-10-03 19:52:29,276: INFO/MainProcess] mingle: all alone
[2026-10-03 19:52:35,355: WARNING/MainProcess] consumer: Connection to broker lost. Trying to re-establish the connection...
Traceback (most recent call last):
  File "D:\RECOVER_AGENT\.venv\Lib\site-packages\celery\worker\consumer\consumer.py", line 346, in start
    blueprint.start(self)
  File "D:\RECOVER_AGENT\.venv\Lib\site-packages\celery\bootsteps.py", line 116, in start
    step.start(parent)
  File "D:\RECOVER_AGENT\.venv\Lib\site-packages\celery\worker\pidbox.py", line 53, in start
    self.consumer = self.node.listen(callback=self.on_message)
                    ^^^^^^^^^^^^^^^^^^^^^^^^^^^^^^^^^^^^^^^^^^
  File "D:\RECOVER_AGENT\.venv\Lib\site-packages\kombu\pidbox.py", line 89, in listen
    consumer = self.Consumer(channel=channel,
               ^^^^^^^^^^^^^^^^^^^^^^^^^^^^^^
  File "D:\RECOVER_AGENT\.venv\Lib\site-packages\kombu\pidbox.py", line 75, in Consumer
    return Consumer(
           ^^^^^^^^^
  File "D:\RECOVER_AGENT\.venv\Lib\site-packages\kombu\messaging.py", line 414, in __init__
    self.revive(self.channel)
  File "D:\RECOVER_AGENT\.venv\Lib\site-packages\kombu\messaging.py", line 436, in revive
    self.declare()
  File "D:\RECOVER_AGENT\.venv\Lib\site-packages\kombu\messaging.py", line 450, in declare
    queue.declare()
  File "D:\RECOVER_AGENT\.venv\Lib\site-packages\kombu\entity.py", line 617, in declare
    self._create_queue(nowait=nowait, channel=channel)
  File "D:\RECOVER_AGENT\.venv\Lib\site-packages\kombu\entity.py", line 626, in _create_queue
    self.queue_declare(nowait=nowait, passive=False, channel=channel)
  File "D:\RECOVER_AGENT\.venv\Lib\site-packages\kombu\entity.py", line 655, in queue_declare
    ret = channel.queue_declare(
          ^^^^^^^^^^^^^^^^^^^^^^
  File "D:\RECOVER_AGENT\.venv\Lib\site-packages\kombu\transport\virtual\base.py", line 538, in queue_declare
    return queue_declare_ok_t(queue, self._size(queue), 0)
                                     ^^^^^^^^^^^^^^^^^
  File "D:\RECOVER_AGENT\.venv\Lib\site-packages\kombu\transport\redis.py", line 1020, in _size
    sizes = pipe.execute()
            ^^^^^^^^^^^^^^
  File "D:\RECOVER_AGENT\.venv\Lib\site-packages\redis\client.py", line 2214, in execute
    conn = self.connection_pool.get_connection()
           ^^^^^^^^^^^^^^^^^^^^^^^^^^^^^^^^^^^^^
  File "D:\RECOVER_AGENT\.venv\Lib\site-packages\redis\utils.py", line 258, in wrapper
    return func(*args, **kwargs)
           ^^^^^^^^^^^^^^^^^^^^^
  File "D:\RECOVER_AGENT\.venv\Lib\site-packages\redis\connection.py", line 3273, in get_connection
    connection.connect()
  File "D:\RECOVER_AGENT\.venv\Lib\site-packages\redis\connection.py", line 1028, in connect
    self.retry.call_with_retry(
  File "D:\RECOVER_AGENT\.venv\Lib\site-packages\redis\retry.py", line 132, in call_with_retry
    raise error
  File "D:\RECOVER_AGENT\.venv\Lib\site-packages\redis\retry.py", line 120, in call_with_retry
    return do()
           ^^^^
  File "D:\RECOVER_AGENT\.venv\Lib\site-packages\redis\connection.py", line 1029, in <lambda>
    lambda: self.connect_check_health(
            ^^^^^^^^^^^^^^^^^^^^^^^^^^
  File "D:\RECOVER_AGENT\.venv\Lib\site-packages\redis\connection.py", line 1083, in connect_check_health
    self.on_connect_check_health(check_health=check_health)
  File "D:\RECOVER_AGENT\.venv\Lib\site-packages\redis\connection.py", line 1155, in on_connect_check_health
    self.handshake_metadata = self.read_response()
                              ^^^^^^^^^^^^^^^^^^^^
  File "D:\RECOVER_AGENT\.venv\Lib\site-packages\redis\connection.py", line 1407, in read_response
    response = self._parser.read_response(
               ^^^^^^^^^^^^^^^^^^^^^^^^^^^
  File "D:\RECOVER_AGENT\.venv\Lib\site-packages\redis\_parsers\resp3.py", line 40, in read_response
    result = self._read_response(
             ^^^^^^^^^^^^^^^^^^^^
  File "D:\RECOVER_AGENT\.venv\Lib\site-packages\redis\_parsers\resp3.py", line 80, in _read_response
    raise error
redis.exceptions.ConnectionError: max number of clients reached
[2026-10-03 19:52:35,826: WARNING/MainProcess] D:\RECOVER_AGENT\.venv\Lib\site-packages\celery\worker\consumer\consumer.py:397: CPendingDeprecationWarning: 
In Celery 5.1 we introduced an optional breaking change which
on connection loss cancels all currently executed tasks with late acknowledgement enabled.
These tasks cannot be acknowledged as the connection is gone, and the tasks are automatically redelivered
back to the queue. You can enable this behavior using the worker_cancel_long_running_tasks_on_connection_loss
setting. In Celery 5.1 it is set to False by default. The setting will be set to True by default in Celery 6.0.

  warnings.warn(CANCEL_TASKS_BY_DEFAULT, CPendingDeprecationWarning)

[2026-10-03 19:52:37,423: INFO/MainProcess] Connected to redis://default:**@whistle-agreement-immune-83193.db.redis.io:15296//
[2026-10-03 19:52:39,098: INFO/MainProcess] mingle: searching for neighbors
[2026-10-03 19:52:43,716: INFO/MainProcess] mingle: all alone
[2026-10-03 19:52:50,304: WARNING/MainProcess] consumer: Connection to broker lost. Trying to re-establish the connection...
Traceback (most recent call last):
  File "D:\RECOVER_AGENT\.venv\Lib\site-packages\celery\worker\consumer\consumer.py", line 346, in start
    blueprint.start(self)
  File "D:\RECOVER_AGENT\.venv\Lib\site-packages\celery\bootsteps.py", line 116, in start
    step.start(parent)
  File "D:\RECOVER_AGENT\.venv\Lib\site-packages\celery\worker\pidbox.py", line 53, in start
    self.consumer = self.node.listen(callback=self.on_message)
                    ^^^^^^^^^^^^^^^^^^^^^^^^^^^^^^^^^^^^^^^^^^
  File "D:\RECOVER_AGENT\.venv\Lib\site-packages\kombu\pidbox.py", line 89, in listen
    consumer = self.Consumer(channel=channel,
               ^^^^^^^^^^^^^^^^^^^^^^^^^^^^^^
  File "D:\RECOVER_AGENT\.venv\Lib\site-packages\kombu\pidbox.py", line 75, in Consumer
    return Consumer(
           ^^^^^^^^^
  File "D:\RECOVER_AGENT\.venv\Lib\site-packages\kombu\messaging.py", line 414, in __init__
    self.revive(self.channel)
  File "D:\RECOVER_AGENT\.venv\Lib\site-packages\kombu\messaging.py", line 436, in revive
    self.declare()
  File "D:\RECOVER_AGENT\.venv\Lib\site-packages\kombu\messaging.py", line 450, in declare
    queue.declare()
  File "D:\RECOVER_AGENT\.venv\Lib\site-packages\kombu\entity.py", line 617, in declare
    self._create_queue(nowait=nowait, channel=channel)
  File "D:\RECOVER_AGENT\.venv\Lib\site-packages\kombu\entity.py", line 626, in _create_queue
    self.queue_declare(nowait=nowait, passive=False, channel=channel)
  File "D:\RECOVER_AGENT\.venv\Lib\site-packages\kombu\entity.py", line 655, in queue_declare
    ret = channel.queue_declare(
          ^^^^^^^^^^^^^^^^^^^^^^
  File "D:\RECOVER_AGENT\.venv\Lib\site-packages\kombu\transport\virtual\base.py", line 538, in queue_declare
    return queue_declare_ok_t(queue, self._size(queue), 0)
                                     ^^^^^^^^^^^^^^^^^
  File "D:\RECOVER_AGENT\.venv\Lib\site-packages\kombu\transport\redis.py", line 1020, in _size
    sizes = pipe.execute()
            ^^^^^^^^^^^^^^
  File "D:\RECOVER_AGENT\.venv\Lib\site-packages\redis\client.py", line 2214, in execute
    conn = self.connection_pool.get_connection()
           ^^^^^^^^^^^^^^^^^^^^^^^^^^^^^^^^^^^^^
  File "D:\RECOVER_AGENT\.venv\Lib\site-packages\redis\utils.py", line 258, in wrapper
    return func(*args, **kwargs)
           ^^^^^^^^^^^^^^^^^^^^^
  File "D:\RECOVER_AGENT\.venv\Lib\site-packages\redis\connection.py", line 3273, in get_connection
    connection.connect()
  File "D:\RECOVER_AGENT\.venv\Lib\site-packages\redis\connection.py", line 1028, in connect
    self.retry.call_with_retry(
  File "D:\RECOVER_AGENT\.venv\Lib\site-packages\redis\retry.py", line 132, in call_with_retry
    raise error
  File "D:\RECOVER_AGENT\.venv\Lib\site-packages\redis\retry.py", line 120, in call_with_retry
    return do()
           ^^^^
  File "D:\RECOVER_AGENT\.venv\Lib\site-packages\redis\connection.py", line 1029, in <lambda>
    lambda: self.connect_check_health(
            ^^^^^^^^^^^^^^^^^^^^^^^^^^
  File "D:\RECOVER_AGENT\.venv\Lib\site-packages\redis\connection.py", line 1083, in connect_check_health
    self.on_connect_check_health(check_health=check_health)
  File "D:\RECOVER_AGENT\.venv\Lib\site-packages\redis\connection.py", line 1155, in on_connect_check_health
    self.handshake_metadata = self.read_response()
                              ^^^^^^^^^^^^^^^^^^^^
  File "D:\RECOVER_AGENT\.venv\Lib\site-packages\redis\connection.py", line 1407, in read_response
    response = self._parser.read_response(
               ^^^^^^^^^^^^^^^^^^^^^^^^^^^
  File "D:\RECOVER_AGENT\.venv\Lib\site-packages\redis\_parsers\resp3.py", line 40, in read_response
    result = self._read_response(
             ^^^^^^^^^^^^^^^^^^^^
  File "D:\RECOVER_AGENT\.venv\Lib\site-packages\redis\_parsers\resp3.py", line 80, in _read_response
    raise error
redis.exceptions.ConnectionError: max number of clients reached
[2026-10-03 19:52:50,885: WARNING/MainProcess] D:\RECOVER_AGENT\.venv\Lib\site-packages\celery\worker\consumer\consumer.py:397: CPendingDeprecationWarning: 
In Celery 5.1 we introduced an optional breaking change which
on connection loss cancels all currently executed tasks with late acknowledgement enabled.
These tasks cannot be acknowledged as the connection is gone, and the tasks are automatically redelivered
back to the queue. You can enable this behavior using the worker_cancel_long_running_tasks_on_connection_loss
setting. In Celery 5.1 it is set to False by default. The setting will be set to True by default in Celery 6.0.

  warnings.warn(CANCEL_TASKS_BY_DEFAULT, CPendingDeprecationWarning)

[2026-10-03 19:52:52,375: INFO/MainProcess] Connected to redis://default:**@whistle-agreement-immune-83193.db.redis.io:15296//
[2026-10-03 19:52:53,735: INFO/MainProcess] mingle: searching for neighbors
[2026-10-03 19:52:58,399: INFO/MainProcess] mingle: all alone
[2026-10-03 19:53:05,413: WARNING/MainProcess] consumer: Connection to broker lost. Trying to re-establish the connection...
Traceback (most recent call last):
  File "D:\RECOVER_AGENT\.venv\Lib\site-packages\celery\worker\consumer\consumer.py", line 346, in start
    blueprint.start(self)
  File "D:\RECOVER_AGENT\.venv\Lib\site-packages\celery\bootsteps.py", line 116, in start
    step.start(parent)
  File "D:\RECOVER_AGENT\.venv\Lib\site-packages\celery\worker\pidbox.py", line 53, in start
    self.consumer = self.node.listen(callback=self.on_message)
                    ^^^^^^^^^^^^^^^^^^^^^^^^^^^^^^^^^^^^^^^^^^
  File "D:\RECOVER_AGENT\.venv\Lib\site-packages\kombu\pidbox.py", line 89, in listen
    consumer = self.Consumer(channel=channel,
               ^^^^^^^^^^^^^^^^^^^^^^^^^^^^^^
  File "D:\RECOVER_AGENT\.venv\Lib\site-packages\kombu\pidbox.py", line 75, in Consumer
    return Consumer(
           ^^^^^^^^^
  File "D:\RECOVER_AGENT\.venv\Lib\site-packages\kombu\messaging.py", line 414, in __init__
    self.revive(self.channel)
  File "D:\RECOVER_AGENT\.venv\Lib\site-packages\kombu\messaging.py", line 436, in revive
    self.declare()
  File "D:\RECOVER_AGENT\.venv\Lib\site-packages\kombu\messaging.py", line 450, in declare
    queue.declare()
  File "D:\RECOVER_AGENT\.venv\Lib\site-packages\kombu\entity.py", line 617, in declare
    self._create_queue(nowait=nowait, channel=channel)
  File "D:\RECOVER_AGENT\.venv\Lib\site-packages\kombu\entity.py", line 626, in _create_queue
    self.queue_declare(nowait=nowait, passive=False, channel=channel)
  File "D:\RECOVER_AGENT\.venv\Lib\site-packages\kombu\entity.py", line 655, in queue_declare
    ret = channel.queue_declare(
          ^^^^^^^^^^^^^^^^^^^^^^
  File "D:\RECOVER_AGENT\.venv\Lib\site-packages\kombu\transport\virtual\base.py", line 538, in queue_declare
    return queue_declare_ok_t(queue, self._size(queue), 0)
                                     ^^^^^^^^^^^^^^^^^
  File "D:\RECOVER_AGENT\.venv\Lib\site-packages\kombu\transport\redis.py", line 1020, in _size
    sizes = pipe.execute()
            ^^^^^^^^^^^^^^
  File "D:\RECOVER_AGENT\.venv\Lib\site-packages\redis\client.py", line 2214, in execute
    conn = self.connection_pool.get_connection()
           ^^^^^^^^^^^^^^^^^^^^^^^^^^^^^^^^^^^^^
  File "D:\RECOVER_AGENT\.venv\Lib\site-packages\redis\utils.py", line 258, in wrapper
    return func(*args, **kwargs)
           ^^^^^^^^^^^^^^^^^^^^^
  File "D:\RECOVER_AGENT\.venv\Lib\site-packages\redis\connection.py", line 3273, in get_connection
    connection.connect()
  File "D:\RECOVER_AGENT\.venv\Lib\site-packages\redis\connection.py", line 1028, in connect
    self.retry.call_with_retry(
  File "D:\RECOVER_AGENT\.venv\Lib\site-packages\redis\retry.py", line 132, in call_with_retry
    raise error
  File "D:\RECOVER_AGENT\.venv\Lib\site-packages\redis\retry.py", line 120, in call_with_retry
    return do()
           ^^^^
  File "D:\RECOVER_AGENT\.venv\Lib\site-packages\redis\connection.py", line 1029, in <lambda>
    lambda: self.connect_check_health(
            ^^^^^^^^^^^^^^^^^^^^^^^^^^
  File "D:\RECOVER_AGENT\.venv\Lib\site-packages\redis\connection.py", line 1083, in connect_check_health
    self.on_connect_check_health(check_health=check_health)
  File "D:\RECOVER_AGENT\.venv\Lib\site-packages\redis\connection.py", line 1155, in on_connect_check_health
    self.handshake_metadata = self.read_response()
                              ^^^^^^^^^^^^^^^^^^^^
  File "D:\RECOVER_AGENT\.venv\Lib\site-packages\redis\connection.py", line 1407, in read_response
    response = self._parser.read_response(
               ^^^^^^^^^^^^^^^^^^^^^^^^^^^
  File "D:\RECOVER_AGENT\.venv\Lib\site-packages\redis\_parsers\resp3.py", line 40, in read_response
    result = self._read_response(
             ^^^^^^^^^^^^^^^^^^^^
  File "D:\RECOVER_AGENT\.venv\Lib\site-packages\redis\_parsers\resp3.py", line 80, in _read_response
    raise error
redis.exceptions.ConnectionError: max number of clients reached
[2026-10-03 19:53:05,987: WARNING/MainProcess] D:\RECOVER_AGENT\.venv\Lib\site-packages\celery\worker\consumer\consumer.py:397: CPendingDeprecationWarning: 
In Celery 5.1 we introduced an optional breaking change which
on connection loss cancels all currently executed tasks with late acknowledgement enabled.
These tasks cannot be acknowledged as the connection is gone, and the tasks are automatically redelivered
back to the queue. You can enable this behavior using the worker_cancel_long_running_tasks_on_connection_loss
setting. In Celery 5.1 it is set to False by default. The setting will be set to True by default in Celery 6.0.

  warnings.warn(CANCEL_TASKS_BY_DEFAULT, CPendingDeprecationWarning)

[2026-10-03 19:53:07,673: INFO/MainProcess] Connected to redis://default:**@whistle-agreement-immune-83193.db.redis.io:15296//
[2026-10-03 19:53:09,322: INFO/MainProcess] mingle: searching for neighbors
[2026-10-03 19:53:14,081: INFO/MainProcess] mingle: all alone
[2026-10-03 19:53:20,658: WARNING/MainProcess] consumer: Connection to broker lost. Trying to re-establish the connection...
Traceback (most recent call last):
  File "D:\RECOVER_AGENT\.venv\Lib\site-packages\celery\worker\consumer\consumer.py", line 346, in start
    blueprint.start(self)
  File "D:\RECOVER_AGENT\.venv\Lib\site-packages\celery\bootsteps.py", line 116, in start
    step.start(parent)
  File "D:\RECOVER_AGENT\.venv\Lib\site-packages\celery\worker\pidbox.py", line 53, in start
    self.consumer = self.node.listen(callback=self.on_message)
                    ^^^^^^^^^^^^^^^^^^^^^^^^^^^^^^^^^^^^^^^^^^
  File "D:\RECOVER_AGENT\.venv\Lib\site-packages\kombu\pidbox.py", line 89, in listen
    consumer = self.Consumer(channel=channel,
               ^^^^^^^^^^^^^^^^^^^^^^^^^^^^^^
  File "D:\RECOVER_AGENT\.venv\Lib\site-packages\kombu\pidbox.py", line 75, in Consumer
    return Consumer(
           ^^^^^^^^^
  File "D:\RECOVER_AGENT\.venv\Lib\site-packages\kombu\messaging.py", line 414, in __init__
    self.revive(self.channel)
  File "D:\RECOVER_AGENT\.venv\Lib\site-packages\kombu\messaging.py", line 436, in revive
    self.declare()
  File "D:\RECOVER_AGENT\.venv\Lib\site-packages\kombu\messaging.py", line 450, in declare
    queue.declare()
  File "D:\RECOVER_AGENT\.venv\Lib\site-packages\kombu\entity.py", line 617, in declare
    self._create_queue(nowait=nowait, channel=channel)
  File "D:\RECOVER_AGENT\.venv\Lib\site-packages\kombu\entity.py", line 626, in _create_queue
    self.queue_declare(nowait=nowait, passive=False, channel=channel)
  File "D:\RECOVER_AGENT\.venv\Lib\site-packages\kombu\entity.py", line 655, in queue_declare
    ret = channel.queue_declare(
          ^^^^^^^^^^^^^^^^^^^^^^
  File "D:\RECOVER_AGENT\.venv\Lib\site-packages\kombu\transport\virtual\base.py", line 538, in queue_declare
    return queue_declare_ok_t(queue, self._size(queue), 0)
                                     ^^^^^^^^^^^^^^^^^
  File "D:\RECOVER_AGENT\.venv\Lib\site-packages\kombu\transport\redis.py", line 1020, in _size
    sizes = pipe.execute()
            ^^^^^^^^^^^^^^
  File "D:\RECOVER_AGENT\.venv\Lib\site-packages\redis\client.py", line 2214, in execute
    conn = self.connection_pool.get_connection()
           ^^^^^^^^^^^^^^^^^^^^^^^^^^^^^^^^^^^^^
  File "D:\RECOVER_AGENT\.venv\Lib\site-packages\redis\utils.py", line 258, in wrapper
    return func(*args, **kwargs)
           ^^^^^^^^^^^^^^^^^^^^^
  File "D:\RECOVER_AGENT\.venv\Lib\site-packages\redis\connection.py", line 3273, in get_connection
    connection.connect()
  File "D:\RECOVER_AGENT\.venv\Lib\site-packages\redis\connection.py", line 1028, in connect
    self.retry.call_with_retry(
  File "D:\RECOVER_AGENT\.venv\Lib\site-packages\redis\retry.py", line 132, in call_with_retry
    raise error
  File "D:\RECOVER_AGENT\.venv\Lib\site-packages\redis\retry.py", line 120, in call_with_retry
    return do()
           ^^^^
  File "D:\RECOVER_AGENT\.venv\Lib\site-packages\redis\connection.py", line 1029, in <lambda>
    lambda: self.connect_check_health(
            ^^^^^^^^^^^^^^^^^^^^^^^^^^
  File "D:\RECOVER_AGENT\.venv\Lib\site-packages\redis\connection.py", line 1083, in connect_check_health
    self.on_connect_check_health(check_health=check_health)
  File "D:\RECOVER_AGENT\.venv\Lib\site-packages\redis\connection.py", line 1155, in on_connect_check_health
    self.handshake_metadata = self.read_response()
                              ^^^^^^^^^^^^^^^^^^^^
  File "D:\RECOVER_AGENT\.venv\Lib\site-packages\redis\connection.py", line 1407, in read_response
    response = self._parser.read_response(
               ^^^^^^^^^^^^^^^^^^^^^^^^^^^
  File "D:\RECOVER_AGENT\.venv\Lib\site-packages\redis\_parsers\resp3.py", line 40, in read_response
    result = self._read_response(
             ^^^^^^^^^^^^^^^^^^^^
  File "D:\RECOVER_AGENT\.venv\Lib\site-packages\redis\_parsers\resp3.py", line 80, in _read_response
    raise error
redis.exceptions.ConnectionError: max number of clients reached
[2026-10-03 19:53:21,237: WARNING/MainProcess] D:\RECOVER_AGENT\.venv\Lib\site-packages\celery\worker\consumer\consumer.py:397: CPendingDeprecationWarning: 
In Celery 5.1 we introduced an optional breaking change which
on connection loss cancels all currently executed tasks with late acknowledgement enabled.
These tasks cannot be acknowledged as the connection is gone, and the tasks are automatically redelivered
back to the queue. You can enable this behavior using the worker_cancel_long_running_tasks_on_connection_loss
setting. In Celery 5.1 it is set to False by default. The setting will be set to True by default in Celery 6.0.

  warnings.warn(CANCEL_TASKS_BY_DEFAULT, CPendingDeprecationWarning)

[2026-10-03 19:53:22,857: INFO/MainProcess] Connected to redis://default:**@whistle-agreement-immune-83193.db.redis.io:15296//
[2026-10-03 19:53:24,301: INFO/MainProcess] mingle: searching for neighbors
[2026-10-03 19:53:28,881: INFO/MainProcess] mingle: all alone
[2026-10-03 19:53:50,134: INFO/MainProcess] Task backend.worker.tasks.pick_due_actions[14b66c92-dd9a-4cdf-9727-4bfa0b7f1244] received
[2026-10-03 19:53:50,136: INFO/MainProcess] Worker LAPTOP-36NJC1OQ:30532 polling for due actions...
[2026-10-03 19:53:51,545: INFO/MainProcess] Claimed 0 actions
[2026-10-03 19:53:52,056: WARNING/MainProcess] D:\RECOVER_AGENT\.venv\Lib\site-packages\celery\app\trace.py:784: RuntimeWarning: Exception raised outside body: network:ConnectionError:
Traceback (most recent call last):
  File "D:\RECOVER_AGENT\.venv\Lib\site-packages\celery\app\trace.py", line 625, in trace_task
    task.backend.mark_as_done(
  File "D:\RECOVER_AGENT\.venv\Lib\site-packages\celery\backends\base.py", line 184, in mark_as_done
    self.store_result(task_id, result, state, request=request)
  File "D:\RECOVER_AGENT\.venv\Lib\site-packages\celery\backends\base.py", line 625, in store_result
    self._store_result(task_id, result, state, traceback,
  File "D:\RECOVER_AGENT\.venv\Lib\site-packages\celery\backends\base.py", line 1090, in _store_result
    current_meta = self._get_task_meta_for(task_id)
                   ^^^^^^^^^^^^^^^^^^^^^^^^^^^^^^^^
  File "D:\RECOVER_AGENT\.venv\Lib\site-packages\celery\backends\base.py", line 1112, in _get_task_meta_for
    meta = self.get(self.get_key_for_task(task_id))
           ^^^^^^^^^^^^^^^^^^^^^^^^^^^^^^^^^^^^^^^^
  File "D:\RECOVER_AGENT\.venv\Lib\site-packages\celery\backends\redis.py", line 405, in get
    return self.client.get(key)
           ^^^^^^^^^^^^^^^^^^^^
  File "D:\RECOVER_AGENT\.venv\Lib\site-packages\redis\commands\core.py", line 3200, in get
    return self.execute_command("GET", name, keys=[name])
           ^^^^^^^^^^^^^^^^^^^^^^^^^^^^^^^^^^^^^^^^^^^^^^
  File "D:\RECOVER_AGENT\.venv\Lib\site-packages\redis\client.py", line 867, in execute_command
    return self._execute_command(*args, **options)
           ^^^^^^^^^^^^^^^^^^^^^^^^^^^^^^^^^^^^^^^
  File "D:\RECOVER_AGENT\.venv\Lib\site-packages\redis\client.py", line 873, in _execute_command
    conn = self.connection or pool.get_connection()
                              ^^^^^^^^^^^^^^^^^^^^^
  File "D:\RECOVER_AGENT\.venv\Lib\site-packages\redis\utils.py", line 258, in wrapper
    return func(*args, **kwargs)
           ^^^^^^^^^^^^^^^^^^^^^
  File "D:\RECOVER_AGENT\.venv\Lib\site-packages\redis\connection.py", line 3273, in get_connection
    connection.connect()
  File "D:\RECOVER_AGENT\.venv\Lib\site-packages\redis\connection.py", line 1028, in connect
    self.retry.call_with_retry(
  File "D:\RECOVER_AGENT\.venv\Lib\site-packages\redis\retry.py", line 132, in call_with_retry
    raise error
  File "D:\RECOVER_AGENT\.venv\Lib\site-packages\redis\retry.py", line 120, in call_with_retry
    return do()
           ^^^^
  File "D:\RECOVER_AGENT\.venv\Lib\site-packages\redis\connection.py", line 1029, in <lambda>
    lambda: self.connect_check_health(
            ^^^^^^^^^^^^^^^^^^^^^^^^^^
  File "D:\RECOVER_AGENT\.venv\Lib\site-packages\redis\connection.py", line 1083, in connect_check_health
    self.on_connect_check_health(check_health=check_health)
  File "D:\RECOVER_AGENT\.venv\Lib\site-packages\redis\connection.py", line 1155, in on_connect_check_health
    self.handshake_metadata = self.read_response()
                              ^^^^^^^^^^^^^^^^^^^^
  File "D:\RECOVER_AGENT\.venv\Lib\site-packages\redis\connection.py", line 1407, in read_response
    response = self._parser.read_response(
               ^^^^^^^^^^^^^^^^^^^^^^^^^^^
  File "D:\RECOVER_AGENT\.venv\Lib\site-packages\redis\_parsers\resp3.py", line 40, in read_response
    result = self._read_response(
             ^^^^^^^^^^^^^^^^^^^^
  File "D:\RECOVER_AGENT\.venv\Lib\site-packages\redis\_parsers\resp3.py", line 80, in _read_response
    raise error
redis.exceptions.ConnectionError: max number of clients reached

  warn(RuntimeWarning(

[2026-10-03 19:53:52,541: WARNING/MainProcess] consumer: Connection to broker lost. Trying to re-establish the connection...
Traceback (most recent call last):
  File "D:\RECOVER_AGENT\.venv\Lib\site-packages\celery\app\trace.py", line 625, in trace_task
    task.backend.mark_as_done(
  File "D:\RECOVER_AGENT\.venv\Lib\site-packages\celery\backends\base.py", line 184, in mark_as_done
    self.store_result(task_id, result, state, request=request)
  File "D:\RECOVER_AGENT\.venv\Lib\site-packages\celery\backends\base.py", line 625, in store_result
    self._store_result(task_id, result, state, traceback,
  File "D:\RECOVER_AGENT\.venv\Lib\site-packages\celery\backends\base.py", line 1090, in _store_result
    current_meta = self._get_task_meta_for(task_id)
                   ^^^^^^^^^^^^^^^^^^^^^^^^^^^^^^^^
  File "D:\RECOVER_AGENT\.venv\Lib\site-packages\celery\backends\base.py", line 1112, in _get_task_meta_for
    meta = self.get(self.get_key_for_task(task_id))
           ^^^^^^^^^^^^^^^^^^^^^^^^^^^^^^^^^^^^^^^^
  File "D:\RECOVER_AGENT\.venv\Lib\site-packages\celery\backends\redis.py", line 405, in get
    return self.client.get(key)
           ^^^^^^^^^^^^^^^^^^^^
  File "D:\RECOVER_AGENT\.venv\Lib\site-packages\redis\commands\core.py", line 3200, in get
    return self.execute_command("GET", name, keys=[name])
           ^^^^^^^^^^^^^^^^^^^^^^^^^^^^^^^^^^^^^^^^^^^^^^
  File "D:\RECOVER_AGENT\.venv\Lib\site-packages\redis\client.py", line 867, in execute_command
    return self._execute_command(*args, **options)
           ^^^^^^^^^^^^^^^^^^^^^^^^^^^^^^^^^^^^^^^
  File "D:\RECOVER_AGENT\.venv\Lib\site-packages\redis\client.py", line 873, in _execute_command
    conn = self.connection or pool.get_connection()
                              ^^^^^^^^^^^^^^^^^^^^^
  File "D:\RECOVER_AGENT\.venv\Lib\site-packages\redis\utils.py", line 258, in wrapper
    return func(*args, **kwargs)
           ^^^^^^^^^^^^^^^^^^^^^
  File "D:\RECOVER_AGENT\.venv\Lib\site-packages\redis\connection.py", line 3273, in get_connection
    connection.connect()
  File "D:\RECOVER_AGENT\.venv\Lib\site-packages\redis\connection.py", line 1028, in connect
    self.retry.call_with_retry(
  File "D:\RECOVER_AGENT\.venv\Lib\site-packages\redis\retry.py", line 132, in call_with_retry
    raise error
  File "D:\RECOVER_AGENT\.venv\Lib\site-packages\redis\retry.py", line 120, in call_with_retry
    return do()
           ^^^^
  File "D:\RECOVER_AGENT\.venv\Lib\site-packages\redis\connection.py", line 1029, in <lambda>
    lambda: self.connect_check_health(
            ^^^^^^^^^^^^^^^^^^^^^^^^^^
  File "D:\RECOVER_AGENT\.venv\Lib\site-packages\redis\connection.py", line 1083, in connect_check_health
    self.on_connect_check_health(check_health=check_health)
  File "D:\RECOVER_AGENT\.venv\Lib\site-packages\redis\connection.py", line 1155, in on_connect_check_health
    self.handshake_metadata = self.read_response()
                              ^^^^^^^^^^^^^^^^^^^^
  File "D:\RECOVER_AGENT\.venv\Lib\site-packages\redis\connection.py", line 1407, in read_response
    response = self._parser.read_response(
               ^^^^^^^^^^^^^^^^^^^^^^^^^^^
  File "D:\RECOVER_AGENT\.venv\Lib\site-packages\redis\_parsers\resp3.py", line 40, in read_response
    result = self._read_response(
             ^^^^^^^^^^^^^^^^^^^^
  File "D:\RECOVER_AGENT\.venv\Lib\site-packages\redis\_parsers\resp3.py", line 80, in _read_response
    raise error
redis.exceptions.ConnectionError: max number of clients reached

During handling of the above exception, another exception occurred:

Traceback (most recent call last):
  File "D:\RECOVER_AGENT\.venv\Lib\site-packages\celery\worker\consumer\consumer.py", line 346, in start
    blueprint.start(self)
  File "D:\RECOVER_AGENT\.venv\Lib\site-packages\celery\bootsteps.py", line 116, in start
    step.start(parent)
  File "D:\RECOVER_AGENT\.venv\Lib\site-packages\celery\worker\consumer\consumer.py", line 788, in start
    c.loop(*c.loop_args())
  File "D:\RECOVER_AGENT\.venv\Lib\site-packages\celery\worker\loops.py", line 168, in synloop
    _loop_cycle()
  File "D:\RECOVER_AGENT\.venv\Lib\site-packages\celery\worker\loops.py", line 157, in _loop_cycle
    connection.drain_events(timeout=2.0)
  File "D:\RECOVER_AGENT\.venv\Lib\site-packages\kombu\connection.py", line 343, in drain_events
    return self.transport.drain_events(self.connection, **kwargs)
           ^^^^^^^^^^^^^^^^^^^^^^^^^^^^^^^^^^^^^^^^^^^^^^^^^^^^^^
  File "D:\RECOVER_AGENT\.venv\Lib\site-packages\kombu\transport\virtual\base.py", line 997, in drain_events
    get(self._deliver, timeout=timeout)
  File "D:\RECOVER_AGENT\.venv\Lib\site-packages\kombu\transport\redis.py", line 601, in get
    ret = self.handle_event(fileno, event)
          ^^^^^^^^^^^^^^^^^^^^^^^^^^^^^^^^
  File "D:\RECOVER_AGENT\.venv\Lib\site-packages\kombu\transport\redis.py", line 583, in handle_event
    return self.on_readable(fileno), self
           ^^^^^^^^^^^^^^^^^^^^^^^^
  File "D:\RECOVER_AGENT\.venv\Lib\site-packages\kombu\transport\redis.py", line 579, in on_readable
    chan.handlers[type]()
  File "D:\RECOVER_AGENT\.venv\Lib\site-packages\kombu\transport\redis.py", line 994, in _brpop_read
    self.connection._deliver(loads(bytes_to_str(item)), dest)
  File "D:\RECOVER_AGENT\.venv\Lib\site-packages\kombu\transport\virtual\base.py", line 1017, in _deliver
    callback(message)
  File "D:\RECOVER_AGENT\.venv\Lib\site-packages\kombu\transport\virtual\base.py", line 639, in _callback
    return callback(message)
           ^^^^^^^^^^^^^^^^^
  File "D:\RECOVER_AGENT\.venv\Lib\site-packages\kombu\messaging.py", line 668, in _receive_callback
    return on_m(message) if on_m else self.receive(decoded, message)
           ^^^^^^^^^^^^^
  File "D:\RECOVER_AGENT\.venv\Lib\site-packages\celery\worker\consumer\consumer.py", line 694, in on_task_received
    strategy(
  File "D:\RECOVER_AGENT\.venv\Lib\site-packages\celery\worker\strategy.py", line 208, in task_message_handler
    handle(req)
  File "D:\RECOVER_AGENT\.venv\Lib\site-packages\celery\worker\worker.py", line 226, in _process_task
    req.execute_using_pool(self.pool)
  File "D:\RECOVER_AGENT\.venv\Lib\site-packages\celery\worker\request.py", line 770, in execute_using_pool
    result = apply_async(
             ^^^^^^^^^^^^
  File "D:\RECOVER_AGENT\.venv\Lib\site-packages\celery\concurrency\base.py", line 153, in apply_async
    return self.on_apply(target, args, kwargs,
           ^^^^^^^^^^^^^^^^^^^^^^^^^^^^^^^^^^^
  File "D:\RECOVER_AGENT\.venv\Lib\site-packages\celery\concurrency\base.py", line 30, in apply_target
    ret = target(*args, **kwargs)
          ^^^^^^^^^^^^^^^^^^^^^^^
  File "D:\RECOVER_AGENT\.venv\Lib\site-packages\celery\app\trace.py", line 773, in fast_trace_task
    R, I, T, Rstr = tasks[task].__trace__(
                    ^^^^^^^^^^^^^^^^^^^^^^
  File "D:\RECOVER_AGENT\.venv\Lib\site-packages\celery\app\trace.py", line 683, in trace_task
    I, _, _, _ = on_error(task_request, exc)
                 ^^^^^^^^^^^^^^^^^^^^^^^^^^^
  File "D:\RECOVER_AGENT\.venv\Lib\site-packages\celery\app\trace.py", line 421, in on_error
    R = I.handle_error_state(
        ^^^^^^^^^^^^^^^^^^^^^
  File "D:\RECOVER_AGENT\.venv\Lib\site-packages\celery\app\trace.py", line 199, in handle_error_state
    return {
           ^
  File "D:\RECOVER_AGENT\.venv\Lib\site-packages\celery\app\trace.py", line 260, in handle_failure
    task.backend.mark_as_failure(
  File "D:\RECOVER_AGENT\.venv\Lib\site-packages\celery\backends\base.py", line 194, in mark_as_failure
    self.store_result(task_id, exc, state,
  File "D:\RECOVER_AGENT\.venv\Lib\site-packages\celery\backends\base.py", line 625, in store_result
    self._store_result(task_id, result, state, traceback,
  File "D:\RECOVER_AGENT\.venv\Lib\site-packages\celery\backends\base.py", line 1090, in _store_result
    current_meta = self._get_task_meta_for(task_id)
                   ^^^^^^^^^^^^^^^^^^^^^^^^^^^^^^^^
  File "D:\RECOVER_AGENT\.venv\Lib\site-packages\celery\backends\base.py", line 1112, in _get_task_meta_for
    meta = self.get(self.get_key_for_task(task_id))
           ^^^^^^^^^^^^^^^^^^^^^^^^^^^^^^^^^^^^^^^^
  File "D:\RECOVER_AGENT\.venv\Lib\site-packages\celery\backends\redis.py", line 405, in get
    return self.client.get(key)
           ^^^^^^^^^^^^^^^^^^^^
  File "D:\RECOVER_AGENT\.venv\Lib\site-packages\redis\commands\core.py", line 3200, in get
    return self.execute_command("GET", name, keys=[name])
           ^^^^^^^^^^^^^^^^^^^^^^^^^^^^^^^^^^^^^^^^^^^^^^
  File "D:\RECOVER_AGENT\.venv\Lib\site-packages\redis\client.py", line 867, in execute_command
    return self._execute_command(*args, **options)
           ^^^^^^^^^^^^^^^^^^^^^^^^^^^^^^^^^^^^^^^
  File "D:\RECOVER_AGENT\.venv\Lib\site-packages\redis\client.py", line 873, in _execute_command
    conn = self.connection or pool.get_connection()
                              ^^^^^^^^^^^^^^^^^^^^^
  File "D:\RECOVER_AGENT\.venv\Lib\site-packages\redis\utils.py", line 258, in wrapper
    return func(*args, **kwargs)
           ^^^^^^^^^^^^^^^^^^^^^
  File "D:\RECOVER_AGENT\.venv\Lib\site-packages\redis\connection.py", line 3273, in get_connection
    connection.connect()
  File "D:\RECOVER_AGENT\.venv\Lib\site-packages\redis\connection.py", line 1028, in connect
    self.retry.call_with_retry(
  File "D:\RECOVER_AGENT\.venv\Lib\site-packages\redis\retry.py", line 132, in call_with_retry
    raise error
  File "D:\RECOVER_AGENT\.venv\Lib\site-packages\redis\retry.py", line 120, in call_with_retry
    return do()
           ^^^^
  File "D:\RECOVER_AGENT\.venv\Lib\site-packages\redis\connection.py", line 1029, in <lambda>
    lambda: self.connect_check_health(
            ^^^^^^^^^^^^^^^^^^^^^^^^^^
  File "D:\RECOVER_AGENT\.venv\Lib\site-packages\redis\connection.py", line 1083, in connect_check_health
    self.on_connect_check_health(check_health=check_health)
  File "D:\RECOVER_AGENT\.venv\Lib\site-packages\redis\connection.py", line 1155, in on_connect_check_health
    self.handshake_metadata = self.read_response()
                              ^^^^^^^^^^^^^^^^^^^^
  File "D:\RECOVER_AGENT\.venv\Lib\site-packages\redis\connection.py", line 1407, in read_response
    response = self._parser.read_response(
               ^^^^^^^^^^^^^^^^^^^^^^^^^^^
  File "D:\RECOVER_AGENT\.venv\Lib\site-packages\redis\_parsers\resp3.py", line 40, in read_response
    result = self._read_response(
             ^^^^^^^^^^^^^^^^^^^^
  File "D:\RECOVER_AGENT\.venv\Lib\site-packages\redis\_parsers\resp3.py", line 80, in _read_response
    raise error
redis.exceptions.ConnectionError: max number of clients reached
[2026-10-03 19:53:52,596: WARNING/MainProcess] Restoring 1 unacknowledged message(s)
[2026-10-03 19:53:58,828: WARNING/MainProcess] D:\RECOVER_AGENT\.venv\Lib\site-packages\celery\worker\consumer\consumer.py:397: CPendingDeprecationWarning: 
In Celery 5.1 we introduced an optional breaking change which
on connection loss cancels all currently executed tasks with late acknowledgement enabled.
These tasks cannot be acknowledged as the connection is gone, and the tasks are automatically redelivered
back to the queue. You can enable this behavior using the worker_cancel_long_running_tasks_on_connection_loss
setting. In Celery 5.1 it is set to False by default. The setting will be set to True by default in Celery 6.0.

  warnings.warn(CANCEL_TASKS_BY_DEFAULT, CPendingDeprecationWarning)

[2026-10-03 19:54:00,680: INFO/MainProcess] Connected to redis://default:**@whistle-agreement-immune-83193.db.redis.io:15296//
[2026-10-03 19:54:02,325: INFO/MainProcess] mingle: searching for neighbors
[2026-10-03 19:54:07,613: INFO/MainProcess] mingle: all alone
[2026-10-03 19:54:23,583: INFO/MainProcess] Task backend.worker.tasks.evaluate_alerts[ad66b07c-ebc8-4e64-8222-46e9f9fc6914] received
[2026-10-03 19:54:23,594: INFO/MainProcess] Evaluating health alerts...
[2026-10-03 19:54:26,748: WARNING/MainProcess] consumer: Connection to broker lost. Trying to re-establish the connection...
Traceback (most recent call last):
  File "D:\RECOVER_AGENT\.venv\Lib\site-packages\celery\app\trace.py", line 625, in trace_task
    task.backend.mark_as_done(
  File "D:\RECOVER_AGENT\.venv\Lib\site-packages\celery\backends\base.py", line 184, in mark_as_done
    self.store_result(task_id, result, state, request=request)
  File "D:\RECOVER_AGENT\.venv\Lib\site-packages\celery\backends\base.py", line 625, in store_result
    self._store_result(task_id, result, state, traceback,
  File "D:\RECOVER_AGENT\.venv\Lib\site-packages\celery\backends\base.py", line 1090, in _store_result
    current_meta = self._get_task_meta_for(task_id)
                   ^^^^^^^^^^^^^^^^^^^^^^^^^^^^^^^^
  File "D:\RECOVER_AGENT\.venv\Lib\site-packages\celery\backends\base.py", line 1112, in _get_task_meta_for
    meta = self.get(self.get_key_for_task(task_id))
           ^^^^^^^^^^^^^^^^^^^^^^^^^^^^^^^^^^^^^^^^
  File "D:\RECOVER_AGENT\.venv\Lib\site-packages\celery\backends\redis.py", line 405, in get
    return self.client.get(key)
           ^^^^^^^^^^^^^^^^^^^^
  File "D:\RECOVER_AGENT\.venv\Lib\site-packages\redis\commands\core.py", line 3200, in get
    return self.execute_command("GET", name, keys=[name])
           ^^^^^^^^^^^^^^^^^^^^^^^^^^^^^^^^^^^^^^^^^^^^^^
  File "D:\RECOVER_AGENT\.venv\Lib\site-packages\redis\client.py", line 867, in execute_command
    return self._execute_command(*args, **options)
           ^^^^^^^^^^^^^^^^^^^^^^^^^^^^^^^^^^^^^^^
  File "D:\RECOVER_AGENT\.venv\Lib\site-packages\redis\client.py", line 873, in _execute_command
    conn = self.connection or pool.get_connection()
                              ^^^^^^^^^^^^^^^^^^^^^
  File "D:\RECOVER_AGENT\.venv\Lib\site-packages\redis\utils.py", line 258, in wrapper
    return func(*args, **kwargs)
           ^^^^^^^^^^^^^^^^^^^^^
  File "D:\RECOVER_AGENT\.venv\Lib\site-packages\redis\connection.py", line 3273, in get_connection
    connection.connect()
  File "D:\RECOVER_AGENT\.venv\Lib\site-packages\redis\connection.py", line 1028, in connect
    self.retry.call_with_retry(
  File "D:\RECOVER_AGENT\.venv\Lib\site-packages\redis\retry.py", line 132, in call_with_retry
    raise error
  File "D:\RECOVER_AGENT\.venv\Lib\site-packages\redis\retry.py", line 120, in call_with_retry
    return do()
           ^^^^
  File "D:\RECOVER_AGENT\.venv\Lib\site-packages\redis\connection.py", line 1029, in <lambda>
    lambda: self.connect_check_health(
            ^^^^^^^^^^^^^^^^^^^^^^^^^^
  File "D:\RECOVER_AGENT\.venv\Lib\site-packages\redis\connection.py", line 1083, in connect_check_health
    self.on_connect_check_health(check_health=check_health)
  File "D:\RECOVER_AGENT\.venv\Lib\site-packages\redis\connection.py", line 1155, in on_connect_check_health
    self.handshake_metadata = self.read_response()
                              ^^^^^^^^^^^^^^^^^^^^
  File "D:\RECOVER_AGENT\.venv\Lib\site-packages\redis\connection.py", line 1407, in read_response
    response = self._parser.read_response(
               ^^^^^^^^^^^^^^^^^^^^^^^^^^^
  File "D:\RECOVER_AGENT\.venv\Lib\site-packages\redis\_parsers\resp3.py", line 40, in read_response
    result = self._read_response(
             ^^^^^^^^^^^^^^^^^^^^
  File "D:\RECOVER_AGENT\.venv\Lib\site-packages\redis\_parsers\resp3.py", line 80, in _read_response
    raise error
redis.exceptions.ConnectionError: max number of clients reached

During handling of the above exception, another exception occurred:

Traceback (most recent call last):
  File "D:\RECOVER_AGENT\.venv\Lib\site-packages\celery\worker\consumer\consumer.py", line 346, in start
    blueprint.start(self)
  File "D:\RECOVER_AGENT\.venv\Lib\site-packages\celery\bootsteps.py", line 116, in start
    step.start(parent)
  File "D:\RECOVER_AGENT\.venv\Lib\site-packages\celery\worker\consumer\consumer.py", line 788, in start
    c.loop(*c.loop_args())
  File "D:\RECOVER_AGENT\.venv\Lib\site-packages\celery\worker\loops.py", line 168, in synloop
    _loop_cycle()
  File "D:\RECOVER_AGENT\.venv\Lib\site-packages\celery\worker\loops.py", line 157, in _loop_cycle
    connection.drain_events(timeout=2.0)
  File "D:\RECOVER_AGENT\.venv\Lib\site-packages\kombu\connection.py", line 343, in drain_events
    return self.transport.drain_events(self.connection, **kwargs)
           ^^^^^^^^^^^^^^^^^^^^^^^^^^^^^^^^^^^^^^^^^^^^^^^^^^^^^^
  File "D:\RECOVER_AGENT\.venv\Lib\site-packages\kombu\transport\virtual\base.py", line 997, in drain_events
    get(self._deliver, timeout=timeout)
  File "D:\RECOVER_AGENT\.venv\Lib\site-packages\kombu\transport\redis.py", line 601, in get
    ret = self.handle_event(fileno, event)
          ^^^^^^^^^^^^^^^^^^^^^^^^^^^^^^^^
  File "D:\RECOVER_AGENT\.venv\Lib\site-packages\kombu\transport\redis.py", line 583, in handle_event
    return self.on_readable(fileno), self
           ^^^^^^^^^^^^^^^^^^^^^^^^
  File "D:\RECOVER_AGENT\.venv\Lib\site-packages\kombu\transport\redis.py", line 579, in on_readable
    chan.handlers[type]()
  File "D:\RECOVER_AGENT\.venv\Lib\site-packages\kombu\transport\redis.py", line 994, in _brpop_read
    self.connection._deliver(loads(bytes_to_str(item)), dest)
  File "D:\RECOVER_AGENT\.venv\Lib\site-packages\kombu\transport\virtual\base.py", line 1017, in _deliver
    callback(message)
  File "D:\RECOVER_AGENT\.venv\Lib\site-packages\kombu\transport\virtual\base.py", line 639, in _callback
    return callback(message)
           ^^^^^^^^^^^^^^^^^
  File "D:\RECOVER_AGENT\.venv\Lib\site-packages\kombu\messaging.py", line 668, in _receive_callback
    return on_m(message) if on_m else self.receive(decoded, message)
           ^^^^^^^^^^^^^
  File "D:\RECOVER_AGENT\.venv\Lib\site-packages\celery\worker\consumer\consumer.py", line 694, in on_task_received
    strategy(
  File "D:\RECOVER_AGENT\.venv\Lib\site-packages\celery\worker\strategy.py", line 208, in task_message_handler
    handle(req)
  File "D:\RECOVER_AGENT\.venv\Lib\site-packages\celery\worker\worker.py", line 226, in _process_task
    req.execute_using_pool(self.pool)
  File "D:\RECOVER_AGENT\.venv\Lib\site-packages\celery\worker\request.py", line 770, in execute_using_pool
    result = apply_async(
             ^^^^^^^^^^^^
  File "D:\RECOVER_AGENT\.venv\Lib\site-packages\celery\concurrency\base.py", line 153, in apply_async
    return self.on_apply(target, args, kwargs,
           ^^^^^^^^^^^^^^^^^^^^^^^^^^^^^^^^^^^
  File "D:\RECOVER_AGENT\.venv\Lib\site-packages\celery\concurrency\base.py", line 30, in apply_target
    ret = target(*args, **kwargs)
          ^^^^^^^^^^^^^^^^^^^^^^^
  File "D:\RECOVER_AGENT\.venv\Lib\site-packages\celery\app\trace.py", line 773, in fast_trace_task
    R, I, T, Rstr = tasks[task].__trace__(
                    ^^^^^^^^^^^^^^^^^^^^^^
  File "D:\RECOVER_AGENT\.venv\Lib\site-packages\celery\app\trace.py", line 683, in trace_task
    I, _, _, _ = on_error(task_request, exc)
                 ^^^^^^^^^^^^^^^^^^^^^^^^^^^
  File "D:\RECOVER_AGENT\.venv\Lib\site-packages\celery\app\trace.py", line 421, in on_error
    R = I.handle_error_state(
        ^^^^^^^^^^^^^^^^^^^^^
  File "D:\RECOVER_AGENT\.venv\Lib\site-packages\celery\app\trace.py", line 199, in handle_error_state
    return {
           ^
  File "D:\RECOVER_AGENT\.venv\Lib\site-packages\celery\app\trace.py", line 260, in handle_failure
    task.backend.mark_as_failure(
  File "D:\RECOVER_AGENT\.venv\Lib\site-packages\celery\backends\base.py", line 194, in mark_as_failure
    self.store_result(task_id, exc, state,
  File "D:\RECOVER_AGENT\.venv\Lib\site-packages\celery\backends\base.py", line 625, in store_result
    self._store_result(task_id, result, state, traceback,
  File "D:\RECOVER_AGENT\.venv\Lib\site-packages\celery\backends\base.py", line 1090, in _store_result
    current_meta = self._get_task_meta_for(task_id)
                   ^^^^^^^^^^^^^^^^^^^^^^^^^^^^^^^^
  File "D:\RECOVER_AGENT\.venv\Lib\site-packages\celery\backends\base.py", line 1112, in _get_task_meta_for
    meta = self.get(self.get_key_for_task(task_id))
           ^^^^^^^^^^^^^^^^^^^^^^^^^^^^^^^^^^^^^^^^
  File "D:\RECOVER_AGENT\.venv\Lib\site-packages\celery\backends\redis.py", line 405, in get
    return self.client.get(key)
           ^^^^^^^^^^^^^^^^^^^^
  File "D:\RECOVER_AGENT\.venv\Lib\site-packages\redis\commands\core.py", line 3200, in get
    return self.execute_command("GET", name, keys=[name])
           ^^^^^^^^^^^^^^^^^^^^^^^^^^^^^^^^^^^^^^^^^^^^^^
  File "D:\RECOVER_AGENT\.venv\Lib\site-packages\redis\client.py", line 867, in execute_command
    return self._execute_command(*args, **options)
           ^^^^^^^^^^^^^^^^^^^^^^^^^^^^^^^^^^^^^^^
  File "D:\RECOVER_AGENT\.venv\Lib\site-packages\redis\client.py", line 873, in _execute_command
    conn = self.connection or pool.get_connection()
                              ^^^^^^^^^^^^^^^^^^^^^
  File "D:\RECOVER_AGENT\.venv\Lib\site-packages\redis\utils.py", line 258, in wrapper
    return func(*args, **kwargs)
           ^^^^^^^^^^^^^^^^^^^^^
  File "D:\RECOVER_AGENT\.venv\Lib\site-packages\redis\connection.py", line 3273, in get_connection
    connection.connect()
  File "D:\RECOVER_AGENT\.venv\Lib\site-packages\redis\connection.py", line 1028, in connect
    self.retry.call_with_retry(
  File "D:\RECOVER_AGENT\.venv\Lib\site-packages\redis\retry.py", line 132, in call_with_retry
    raise error
  File "D:\RECOVER_AGENT\.venv\Lib\site-packages\redis\retry.py", line 120, in call_with_retry
    return do()
           ^^^^
  File "D:\RECOVER_AGENT\.venv\Lib\site-packages\redis\connection.py", line 1029, in <lambda>
    lambda: self.connect_check_health(
            ^^^^^^^^^^^^^^^^^^^^^^^^^^
  File "D:\RECOVER_AGENT\.venv\Lib\site-packages\redis\connection.py", line 1083, in connect_check_health
    self.on_connect_check_health(check_health=check_health)
  File "D:\RECOVER_AGENT\.venv\Lib\site-packages\redis\connection.py", line 1155, in on_connect_check_health
    self.handshake_metadata = self.read_response()
                              ^^^^^^^^^^^^^^^^^^^^
  File "D:\RECOVER_AGENT\.venv\Lib\site-packages\redis\connection.py", line 1407, in read_response
    response = self._parser.read_response(
               ^^^^^^^^^^^^^^^^^^^^^^^^^^^
  File "D:\RECOVER_AGENT\.venv\Lib\site-packages\redis\_parsers\resp3.py", line 40, in read_response
    result = self._read_response(
             ^^^^^^^^^^^^^^^^^^^^
  File "D:\RECOVER_AGENT\.venv\Lib\site-packages\redis\_parsers\resp3.py", line 80, in _read_response
    raise error
redis.exceptions.ConnectionError: max number of clients reached
[2026-10-03 19:54:26,768: WARNING/MainProcess] Restoring 1 unacknowledged message(s)
[2026-10-03 19:54:29,137: WARNING/MainProcess] D:\RECOVER_AGENT\.venv\Lib\site-packages\celery\worker\consumer\consumer.py:397: CPendingDeprecationWarning: 
In Celery 5.1 we introduced an optional breaking change which
on connection loss cancels all currently executed tasks with late acknowledgement enabled.
These tasks cannot be acknowledged as the connection is gone, and the tasks are automatically redelivered
back to the queue. You can enable this behavior using the worker_cancel_long_running_tasks_on_connection_loss
setting. In Celery 5.1 it is set to False by default. The setting will be set to True by default in Celery 6.0.

  warnings.warn(CANCEL_TASKS_BY_DEFAULT, CPendingDeprecationWarning)

[2026-10-03 19:54:32,394: INFO/MainProcess] Connected to redis://default:**@whistle-agreement-immune-83193.db.redis.io:15296//
[2026-10-03 19:54:35,573: INFO/MainProcess] mingle: searching for neighbors
[2026-10-03 19:54:39,992: INFO/MainProcess] mingle: all alone
[2026-10-03 19:54:44,084: WARNING/MainProcess] consumer: Connection to broker lost. Trying to re-establish the connection...
Traceback (most recent call last):
  File "D:\RECOVER_AGENT\.venv\Lib\site-packages\kombu\transport\virtual\base.py", line 951, in create_channel
    return self._avail_channels.pop()
           ^^^^^^^^^^^^^^^^^^^^^^^^^^
IndexError: pop from empty list

During handling of the above exception, another exception occurred:

Traceback (most recent call last):
  File "D:\RECOVER_AGENT\.venv\Lib\site-packages\celery\worker\consumer\consumer.py", line 346, in start
    blueprint.start(self)
  File "D:\RECOVER_AGENT\.venv\Lib\site-packages\celery\bootsteps.py", line 116, in start
    step.start(parent)
  File "D:\RECOVER_AGENT\.venv\Lib\site-packages\celery\worker\pidbox.py", line 52, in start
    self.node.channel = c.connection.channel()
                        ^^^^^^^^^^^^^^^^^^^^^^
  File "D:\RECOVER_AGENT\.venv\Lib\site-packages\kombu\connection.py", line 305, in channel
    chan = self.transport.create_channel(self.connection)
           ^^^^^^^^^^^^^^^^^^^^^^^^^^^^^^^^^^^^^^^^^^^^^^
  File "D:\RECOVER_AGENT\.venv\Lib\site-packages\kombu\transport\virtual\base.py", line 953, in create_channel
    channel = self.Channel(connection)
              ^^^^^^^^^^^^^^^^^^^^^^^^
  File "D:\RECOVER_AGENT\.venv\Lib\site-packages\kombu\transport\redis.py", line 757, in __init__
    self.client.ping()
  File "D:\RECOVER_AGENT\.venv\Lib\site-packages\redis\commands\core.py", line 2037, in ping
    return self.execute_command("PING", **kwargs)
           ^^^^^^^^^^^^^^^^^^^^^^^^^^^^^^^^^^^^^^
  File "D:\RECOVER_AGENT\.venv\Lib\site-packages\redis\client.py", line 867, in execute_command
    return self._execute_command(*args, **options)
           ^^^^^^^^^^^^^^^^^^^^^^^^^^^^^^^^^^^^^^^
  File "D:\RECOVER_AGENT\.venv\Lib\site-packages\redis\client.py", line 873, in _execute_command
    conn = self.connection or pool.get_connection()
                              ^^^^^^^^^^^^^^^^^^^^^
  File "D:\RECOVER_AGENT\.venv\Lib\site-packages\redis\utils.py", line 258, in wrapper
    return func(*args, **kwargs)
           ^^^^^^^^^^^^^^^^^^^^^
  File "D:\RECOVER_AGENT\.venv\Lib\site-packages\redis\connection.py", line 3273, in get_connection
    connection.connect()
  File "D:\RECOVER_AGENT\.venv\Lib\site-packages\redis\connection.py", line 1028, in connect
    self.retry.call_with_retry(
  File "D:\RECOVER_AGENT\.venv\Lib\site-packages\redis\retry.py", line 132, in call_with_retry
    raise error
  File "D:\RECOVER_AGENT\.venv\Lib\site-packages\redis\retry.py", line 120, in call_with_retry
    return do()
           ^^^^
  File "D:\RECOVER_AGENT\.venv\Lib\site-packages\redis\connection.py", line 1029, in <lambda>
    lambda: self.connect_check_health(
            ^^^^^^^^^^^^^^^^^^^^^^^^^^
  File "D:\RECOVER_AGENT\.venv\Lib\site-packages\redis\connection.py", line 1083, in connect_check_health
    self.on_connect_check_health(check_health=check_health)
  File "D:\RECOVER_AGENT\.venv\Lib\site-packages\redis\connection.py", line 1155, in on_connect_check_health
    self.handshake_metadata = self.read_response()
                              ^^^^^^^^^^^^^^^^^^^^
  File "D:\RECOVER_AGENT\.venv\Lib\site-packages\redis\connection.py", line 1407, in read_response
    response = self._parser.read_response(
               ^^^^^^^^^^^^^^^^^^^^^^^^^^^
  File "D:\RECOVER_AGENT\.venv\Lib\site-packages\redis\_parsers\resp3.py", line 40, in read_response
    result = self._read_response(
             ^^^^^^^^^^^^^^^^^^^^
  File "D:\RECOVER_AGENT\.venv\Lib\site-packages\redis\_parsers\resp3.py", line 80, in _read_response
    raise error
redis.exceptions.ConnectionError: max number of clients reached
[2026-10-03 19:54:44,563: WARNING/MainProcess] D:\RECOVER_AGENT\.venv\Lib\site-packages\celery\worker\consumer\consumer.py:397: CPendingDeprecationWarning: 
In Celery 5.1 we introduced an optional breaking change which
on connection loss cancels all currently executed tasks with late acknowledgement enabled.
These tasks cannot be acknowledged as the connection is gone, and the tasks are automatically redelivered
back to the queue. You can enable this behavior using the worker_cancel_long_running_tasks_on_connection_loss
setting. In Celery 5.1 it is set to False by default. The setting will be set to True by default in Celery 6.0.

  warnings.warn(CANCEL_TASKS_BY_DEFAULT, CPendingDeprecationWarning)

[2026-10-03 19:54:46,006: INFO/MainProcess] Connected to redis://default:**@whistle-agreement-immune-83193.db.redis.io:15296//
[2026-10-03 19:54:47,517: INFO/MainProcess] mingle: searching for neighbors
[2026-10-03 19:54:52,073: INFO/MainProcess] mingle: all alone
[2026-10-03 19:54:58,591: WARNING/MainProcess] consumer: Connection to broker lost. Trying to re-establish the connection...
Traceback (most recent call last):
  File "D:\RECOVER_AGENT\.venv\Lib\site-packages\celery\worker\consumer\consumer.py", line 346, in start
    blueprint.start(self)
  File "D:\RECOVER_AGENT\.venv\Lib\site-packages\celery\bootsteps.py", line 116, in start
    step.start(parent)
  File "D:\RECOVER_AGENT\.venv\Lib\site-packages\celery\worker\pidbox.py", line 53, in start
    self.consumer = self.node.listen(callback=self.on_message)
                    ^^^^^^^^^^^^^^^^^^^^^^^^^^^^^^^^^^^^^^^^^^
  File "D:\RECOVER_AGENT\.venv\Lib\site-packages\kombu\pidbox.py", line 89, in listen
    consumer = self.Consumer(channel=channel,
               ^^^^^^^^^^^^^^^^^^^^^^^^^^^^^^
  File "D:\RECOVER_AGENT\.venv\Lib\site-packages\kombu\pidbox.py", line 75, in Consumer
    return Consumer(
           ^^^^^^^^^
  File "D:\RECOVER_AGENT\.venv\Lib\site-packages\kombu\messaging.py", line 414, in __init__
    self.revive(self.channel)
  File "D:\RECOVER_AGENT\.venv\Lib\site-packages\kombu\messaging.py", line 436, in revive
    self.declare()
  File "D:\RECOVER_AGENT\.venv\Lib\site-packages\kombu\messaging.py", line 450, in declare
    queue.declare()
  File "D:\RECOVER_AGENT\.venv\Lib\site-packages\kombu\entity.py", line 617, in declare
    self._create_queue(nowait=nowait, channel=channel)
  File "D:\RECOVER_AGENT\.venv\Lib\site-packages\kombu\entity.py", line 626, in _create_queue
    self.queue_declare(nowait=nowait, passive=False, channel=channel)
  File "D:\RECOVER_AGENT\.venv\Lib\site-packages\kombu\entity.py", line 655, in queue_declare
    ret = channel.queue_declare(
          ^^^^^^^^^^^^^^^^^^^^^^
  File "D:\RECOVER_AGENT\.venv\Lib\site-packages\kombu\transport\virtual\base.py", line 538, in queue_declare
    return queue_declare_ok_t(queue, self._size(queue), 0)
                                     ^^^^^^^^^^^^^^^^^
  File "D:\RECOVER_AGENT\.venv\Lib\site-packages\kombu\transport\redis.py", line 1020, in _size
    sizes = pipe.execute()
            ^^^^^^^^^^^^^^
  File "D:\RECOVER_AGENT\.venv\Lib\site-packages\redis\client.py", line 2214, in execute
    conn = self.connection_pool.get_connection()
           ^^^^^^^^^^^^^^^^^^^^^^^^^^^^^^^^^^^^^
  File "D:\RECOVER_AGENT\.venv\Lib\site-packages\redis\utils.py", line 258, in wrapper
    return func(*args, **kwargs)
           ^^^^^^^^^^^^^^^^^^^^^
  File "D:\RECOVER_AGENT\.venv\Lib\site-packages\redis\connection.py", line 3273, in get_connection
    connection.connect()
  File "D:\RECOVER_AGENT\.venv\Lib\site-packages\redis\connection.py", line 1028, in connect
    self.retry.call_with_retry(
  File "D:\RECOVER_AGENT\.venv\Lib\site-packages\redis\retry.py", line 132, in call_with_retry
    raise error
  File "D:\RECOVER_AGENT\.venv\Lib\site-packages\redis\retry.py", line 120, in call_with_retry
    return do()
           ^^^^
  File "D:\RECOVER_AGENT\.venv\Lib\site-packages\redis\connection.py", line 1029, in <lambda>
    lambda: self.connect_check_health(
            ^^^^^^^^^^^^^^^^^^^^^^^^^^
  File "D:\RECOVER_AGENT\.venv\Lib\site-packages\redis\connection.py", line 1083, in connect_check_health
    self.on_connect_check_health(check_health=check_health)
  File "D:\RECOVER_AGENT\.venv\Lib\site-packages\redis\connection.py", line 1155, in on_connect_check_health
    self.handshake_metadata = self.read_response()
                              ^^^^^^^^^^^^^^^^^^^^
  File "D:\RECOVER_AGENT\.venv\Lib\site-packages\redis\connection.py", line 1407, in read_response
    response = self._parser.read_response(
               ^^^^^^^^^^^^^^^^^^^^^^^^^^^
  File "D:\RECOVER_AGENT\.venv\Lib\site-packages\redis\_parsers\resp3.py", line 40, in read_response
    result = self._read_response(
             ^^^^^^^^^^^^^^^^^^^^
  File "D:\RECOVER_AGENT\.venv\Lib\site-packages\redis\_parsers\resp3.py", line 80, in _read_response
    raise error
redis.exceptions.ConnectionError: max number of clients reached
[2026-10-03 19:54:59,151: WARNING/MainProcess] D:\RECOVER_AGENT\.venv\Lib\site-packages\celery\worker\consumer\consumer.py:397: CPendingDeprecationWarning: 
In Celery 5.1 we introduced an optional breaking change which
on connection loss cancels all currently executed tasks with late acknowledgement enabled.
These tasks cannot be acknowledged as the connection is gone, and the tasks are automatically redelivered
back to the queue. You can enable this behavior using the worker_cancel_long_running_tasks_on_connection_loss
setting. In Celery 5.1 it is set to False by default. The setting will be set to True by default in Celery 6.0.

  warnings.warn(CANCEL_TASKS_BY_DEFAULT, CPendingDeprecationWarning)

[2026-10-03 19:55:00,904: INFO/MainProcess] Connected to redis://default:**@whistle-agreement-immune-83193.db.redis.io:15296//
[2026-10-03 19:55:02,523: INFO/MainProcess] mingle: searching for neighbors
[2026-10-03 19:55:07,131: INFO/MainProcess] mingle: all alone
[2026-10-03 19:55:12,584: WARNING/MainProcess] consumer: Connection to broker lost. Trying to re-establish the connection...
Traceback (most recent call last):
  File "D:\RECOVER_AGENT\.venv\Lib\site-packages\celery\worker\consumer\consumer.py", line 346, in start
    blueprint.start(self)
  File "D:\RECOVER_AGENT\.venv\Lib\site-packages\celery\bootsteps.py", line 116, in start
    step.start(parent)
  File "D:\RECOVER_AGENT\.venv\Lib\site-packages\celery\worker\pidbox.py", line 53, in start
    self.consumer = self.node.listen(callback=self.on_message)
                    ^^^^^^^^^^^^^^^^^^^^^^^^^^^^^^^^^^^^^^^^^^
  File "D:\RECOVER_AGENT\.venv\Lib\site-packages\kombu\pidbox.py", line 89, in listen
    consumer = self.Consumer(channel=channel,
               ^^^^^^^^^^^^^^^^^^^^^^^^^^^^^^
  File "D:\RECOVER_AGENT\.venv\Lib\site-packages\kombu\pidbox.py", line 75, in Consumer
    return Consumer(
           ^^^^^^^^^
  File "D:\RECOVER_AGENT\.venv\Lib\site-packages\kombu\messaging.py", line 414, in __init__
    self.revive(self.channel)
  File "D:\RECOVER_AGENT\.venv\Lib\site-packages\kombu\messaging.py", line 436, in revive
    self.declare()
  File "D:\RECOVER_AGENT\.venv\Lib\site-packages\kombu\messaging.py", line 450, in declare
    queue.declare()
  File "D:\RECOVER_AGENT\.venv\Lib\site-packages\kombu\entity.py", line 617, in declare
    self._create_queue(nowait=nowait, channel=channel)
  File "D:\RECOVER_AGENT\.venv\Lib\site-packages\kombu\entity.py", line 626, in _create_queue
    self.queue_declare(nowait=nowait, passive=False, channel=channel)
  File "D:\RECOVER_AGENT\.venv\Lib\site-packages\kombu\entity.py", line 655, in queue_declare
    ret = channel.queue_declare(
          ^^^^^^^^^^^^^^^^^^^^^^
  File "D:\RECOVER_AGENT\.venv\Lib\site-packages\kombu\transport\virtual\base.py", line 538, in queue_declare
    return queue_declare_ok_t(queue, self._size(queue), 0)
                                     ^^^^^^^^^^^^^^^^^
  File "D:\RECOVER_AGENT\.venv\Lib\site-packages\kombu\transport\redis.py", line 1020, in _size
    sizes = pipe.execute()
            ^^^^^^^^^^^^^^
  File "D:\RECOVER_AGENT\.venv\Lib\site-packages\redis\client.py", line 2214, in execute
    conn = self.connection_pool.get_connection()
           ^^^^^^^^^^^^^^^^^^^^^^^^^^^^^^^^^^^^^
  File "D:\RECOVER_AGENT\.venv\Lib\site-packages\redis\utils.py", line 258, in wrapper
    return func(*args, **kwargs)
           ^^^^^^^^^^^^^^^^^^^^^
  File "D:\RECOVER_AGENT\.venv\Lib\site-packages\redis\connection.py", line 3273, in get_connection
    connection.connect()
  File "D:\RECOVER_AGENT\.venv\Lib\site-packages\redis\connection.py", line 1028, in connect
    self.retry.call_with_retry(
  File "D:\RECOVER_AGENT\.venv\Lib\site-packages\redis\retry.py", line 132, in call_with_retry
    raise error
  File "D:\RECOVER_AGENT\.venv\Lib\site-packages\redis\retry.py", line 120, in call_with_retry
    return do()
           ^^^^
  File "D:\RECOVER_AGENT\.venv\Lib\site-packages\redis\connection.py", line 1029, in <lambda>
    lambda: self.connect_check_health(
            ^^^^^^^^^^^^^^^^^^^^^^^^^^
  File "D:\RECOVER_AGENT\.venv\Lib\site-packages\redis\connection.py", line 1083, in connect_check_health
    self.on_connect_check_health(check_health=check_health)
  File "D:\RECOVER_AGENT\.venv\Lib\site-packages\redis\connection.py", line 1155, in on_connect_check_health
    self.handshake_metadata = self.read_response()
                              ^^^^^^^^^^^^^^^^^^^^
  File "D:\RECOVER_AGENT\.venv\Lib\site-packages\redis\connection.py", line 1407, in read_response
    response = self._parser.read_response(
               ^^^^^^^^^^^^^^^^^^^^^^^^^^^
  File "D:\RECOVER_AGENT\.venv\Lib\site-packages\redis\_parsers\resp3.py", line 40, in read_response
    result = self._read_response(
             ^^^^^^^^^^^^^^^^^^^^
  File "D:\RECOVER_AGENT\.venv\Lib\site-packages\redis\_parsers\resp3.py", line 80, in _read_response
    raise error
redis.exceptions.ConnectionError: max number of clients reached
[2026-10-03 19:55:13,066: WARNING/MainProcess] D:\RECOVER_AGENT\.venv\Lib\site-packages\celery\worker\consumer\consumer.py:397: CPendingDeprecationWarning: 
In Celery 5.1 we introduced an optional breaking change which
on connection loss cancels all currently executed tasks with late acknowledgement enabled.
These tasks cannot be acknowledged as the connection is gone, and the tasks are automatically redelivered
back to the queue. You can enable this behavior using the worker_cancel_long_running_tasks_on_connection_loss
setting. In Celery 5.1 it is set to False by default. The setting will be set to True by default in Celery 6.0.

  warnings.warn(CANCEL_TASKS_BY_DEFAULT, CPendingDeprecationWarning)

[2026-10-03 19:55:14,535: INFO/MainProcess] Connected to redis://default:**@whistle-agreement-immune-83193.db.redis.io:15296//
[2026-10-03 19:55:15,917: INFO/MainProcess] mingle: searching for neighbors
[2026-10-03 19:55:20,499: INFO/MainProcess] mingle: all alone
[2026-10-03 19:55:26,802: WARNING/MainProcess] consumer: Connection to broker lost. Trying to re-establish the connection...
Traceback (most recent call last):
  File "D:\RECOVER_AGENT\.venv\Lib\site-packages\celery\worker\consumer\consumer.py", line 346, in start
    blueprint.start(self)
  File "D:\RECOVER_AGENT\.venv\Lib\site-packages\celery\bootsteps.py", line 116, in start
    step.start(parent)
  File "D:\RECOVER_AGENT\.venv\Lib\site-packages\celery\worker\pidbox.py", line 53, in start
    self.consumer = self.node.listen(callback=self.on_message)
                    ^^^^^^^^^^^^^^^^^^^^^^^^^^^^^^^^^^^^^^^^^^
  File "D:\RECOVER_AGENT\.venv\Lib\site-packages\kombu\pidbox.py", line 89, in listen
    consumer = self.Consumer(channel=channel,
               ^^^^^^^^^^^^^^^^^^^^^^^^^^^^^^
  File "D:\RECOVER_AGENT\.venv\Lib\site-packages\kombu\pidbox.py", line 75, in Consumer
    return Consumer(
           ^^^^^^^^^
  File "D:\RECOVER_AGENT\.venv\Lib\site-packages\kombu\messaging.py", line 414, in __init__
    self.revive(self.channel)
  File "D:\RECOVER_AGENT\.venv\Lib\site-packages\kombu\messaging.py", line 436, in revive
    self.declare()
  File "D:\RECOVER_AGENT\.venv\Lib\site-packages\kombu\messaging.py", line 450, in declare
    queue.declare()
  File "D:\RECOVER_AGENT\.venv\Lib\site-packages\kombu\entity.py", line 617, in declare
    self._create_queue(nowait=nowait, channel=channel)
  File "D:\RECOVER_AGENT\.venv\Lib\site-packages\kombu\entity.py", line 626, in _create_queue
    self.queue_declare(nowait=nowait, passive=False, channel=channel)
  File "D:\RECOVER_AGENT\.venv\Lib\site-packages\kombu\entity.py", line 655, in queue_declare
    ret = channel.queue_declare(
          ^^^^^^^^^^^^^^^^^^^^^^
  File "D:\RECOVER_AGENT\.venv\Lib\site-packages\kombu\transport\virtual\base.py", line 538, in queue_declare
    return queue_declare_ok_t(queue, self._size(queue), 0)
                                     ^^^^^^^^^^^^^^^^^
  File "D:\RECOVER_AGENT\.venv\Lib\site-packages\kombu\transport\redis.py", line 1020, in _size
    sizes = pipe.execute()
            ^^^^^^^^^^^^^^
  File "D:\RECOVER_AGENT\.venv\Lib\site-packages\redis\client.py", line 2214, in execute
    conn = self.connection_pool.get_connection()
           ^^^^^^^^^^^^^^^^^^^^^^^^^^^^^^^^^^^^^
  File "D:\RECOVER_AGENT\.venv\Lib\site-packages\redis\utils.py", line 258, in wrapper
    return func(*args, **kwargs)
           ^^^^^^^^^^^^^^^^^^^^^
  File "D:\RECOVER_AGENT\.venv\Lib\site-packages\redis\connection.py", line 3273, in get_connection
    connection.connect()
  File "D:\RECOVER_AGENT\.venv\Lib\site-packages\redis\connection.py", line 1028, in connect
    self.retry.call_with_retry(
  File "D:\RECOVER_AGENT\.venv\Lib\site-packages\redis\retry.py", line 132, in call_with_retry
    raise error
  File "D:\RECOVER_AGENT\.venv\Lib\site-packages\redis\retry.py", line 120, in call_with_retry
    return do()
           ^^^^
  File "D:\RECOVER_AGENT\.venv\Lib\site-packages\redis\connection.py", line 1029, in <lambda>
    lambda: self.connect_check_health(
            ^^^^^^^^^^^^^^^^^^^^^^^^^^
  File "D:\RECOVER_AGENT\.venv\Lib\site-packages\redis\connection.py", line 1083, in connect_check_health
    self.on_connect_check_health(check_health=check_health)
  File "D:\RECOVER_AGENT\.venv\Lib\site-packages\redis\connection.py", line 1155, in on_connect_check_health
    self.handshake_metadata = self.read_response()
                              ^^^^^^^^^^^^^^^^^^^^
  File "D:\RECOVER_AGENT\.venv\Lib\site-packages\redis\connection.py", line 1407, in read_response
    response = self._parser.read_response(
               ^^^^^^^^^^^^^^^^^^^^^^^^^^^
  File "D:\RECOVER_AGENT\.venv\Lib\site-packages\redis\_parsers\resp3.py", line 40, in read_response
    result = self._read_response(
             ^^^^^^^^^^^^^^^^^^^^
  File "D:\RECOVER_AGENT\.venv\Lib\site-packages\redis\_parsers\resp3.py", line 80, in _read_response
    raise error
redis.exceptions.ConnectionError: max number of clients reached
[2026-10-03 19:55:27,292: WARNING/MainProcess] D:\RECOVER_AGENT\.venv\Lib\site-packages\celery\worker\consumer\consumer.py:397: CPendingDeprecationWarning: 
In Celery 5.1 we introduced an optional breaking change which
on connection loss cancels all currently executed tasks with late acknowledgement enabled.
These tasks cannot be acknowledged as the connection is gone, and the tasks are automatically redelivered
back to the queue. You can enable this behavior using the worker_cancel_long_running_tasks_on_connection_loss
setting. In Celery 5.1 it is set to False by default. The setting will be set to True by default in Celery 6.0.

  warnings.warn(CANCEL_TASKS_BY_DEFAULT, CPendingDeprecationWarning)

[2026-10-03 19:55:28,994: INFO/MainProcess] Connected to redis://default:**@whistle-agreement-immune-83193.db.redis.io:15296//
[2026-10-03 19:55:30,637: INFO/MainProcess] mingle: searching for neighbors
[2026-10-03 19:55:34,944: INFO/MainProcess] mingle: all alone
[2026-10-03 19:57:03,131: INFO/MainProcess] Task backend.worker.tasks.snapshot_health[75d38da1-6943-417b-b0a2-3539eba0c820] received
[2026-10-03 19:57:03,132: INFO/MainProcess] Generating health snapshots...
[2026-10-03 19:57:06,546: WARNING/MainProcess] consumer: Connection to broker lost. Trying to re-establish the connection...
Traceback (most recent call last):
  File "D:\RECOVER_AGENT\.venv\Lib\site-packages\celery\app\trace.py", line 625, in trace_task
    task.backend.mark_as_done(
  File "D:\RECOVER_AGENT\.venv\Lib\site-packages\celery\backends\base.py", line 184, in mark_as_done
    self.store_result(task_id, result, state, request=request)
  File "D:\RECOVER_AGENT\.venv\Lib\site-packages\celery\backends\base.py", line 625, in store_result
    self._store_result(task_id, result, state, traceback,
  File "D:\RECOVER_AGENT\.venv\Lib\site-packages\celery\backends\base.py", line 1090, in _store_result
    current_meta = self._get_task_meta_for(task_id)
                   ^^^^^^^^^^^^^^^^^^^^^^^^^^^^^^^^
  File "D:\RECOVER_AGENT\.venv\Lib\site-packages\celery\backends\base.py", line 1112, in _get_task_meta_for
    meta = self.get(self.get_key_for_task(task_id))
           ^^^^^^^^^^^^^^^^^^^^^^^^^^^^^^^^^^^^^^^^
  File "D:\RECOVER_AGENT\.venv\Lib\site-packages\celery\backends\redis.py", line 405, in get
    return self.client.get(key)
           ^^^^^^^^^^^^^^^^^^^^
  File "D:\RECOVER_AGENT\.venv\Lib\site-packages\redis\commands\core.py", line 3200, in get
    return self.execute_command("GET", name, keys=[name])
           ^^^^^^^^^^^^^^^^^^^^^^^^^^^^^^^^^^^^^^^^^^^^^^
  File "D:\RECOVER_AGENT\.venv\Lib\site-packages\redis\client.py", line 867, in execute_command
    return self._execute_command(*args, **options)
           ^^^^^^^^^^^^^^^^^^^^^^^^^^^^^^^^^^^^^^^
  File "D:\RECOVER_AGENT\.venv\Lib\site-packages\redis\client.py", line 873, in _execute_command
    conn = self.connection or pool.get_connection()
                              ^^^^^^^^^^^^^^^^^^^^^
  File "D:\RECOVER_AGENT\.venv\Lib\site-packages\redis\utils.py", line 258, in wrapper
    return func(*args, **kwargs)
           ^^^^^^^^^^^^^^^^^^^^^
  File "D:\RECOVER_AGENT\.venv\Lib\site-packages\redis\connection.py", line 3273, in get_connection
    connection.connect()
  File "D:\RECOVER_AGENT\.venv\Lib\site-packages\redis\connection.py", line 1028, in connect
    self.retry.call_with_retry(
  File "D:\RECOVER_AGENT\.venv\Lib\site-packages\redis\retry.py", line 132, in call_with_retry
    raise error
  File "D:\RECOVER_AGENT\.venv\Lib\site-packages\redis\retry.py", line 120, in call_with_retry
    return do()
           ^^^^
  File "D:\RECOVER_AGENT\.venv\Lib\site-packages\redis\connection.py", line 1029, in <lambda>
    lambda: self.connect_check_health(
            ^^^^^^^^^^^^^^^^^^^^^^^^^^
  File "D:\RECOVER_AGENT\.venv\Lib\site-packages\redis\connection.py", line 1083, in connect_check_health
    self.on_connect_check_health(check_health=check_health)
  File "D:\RECOVER_AGENT\.venv\Lib\site-packages\redis\connection.py", line 1155, in on_connect_check_health
    self.handshake_metadata = self.read_response()
                              ^^^^^^^^^^^^^^^^^^^^
  File "D:\RECOVER_AGENT\.venv\Lib\site-packages\redis\connection.py", line 1407, in read_response
    response = self._parser.read_response(
               ^^^^^^^^^^^^^^^^^^^^^^^^^^^
  File "D:\RECOVER_AGENT\.venv\Lib\site-packages\redis\_parsers\resp3.py", line 40, in read_response
    result = self._read_response(
             ^^^^^^^^^^^^^^^^^^^^
  File "D:\RECOVER_AGENT\.venv\Lib\site-packages\redis\_parsers\resp3.py", line 80, in _read_response
    raise error
redis.exceptions.ConnectionError: max number of clients reached

During handling of the above exception, another exception occurred:

Traceback (most recent call last):
  File "D:\RECOVER_AGENT\.venv\Lib\site-packages\celery\worker\consumer\consumer.py", line 346, in start
    blueprint.start(self)
  File "D:\RECOVER_AGENT\.venv\Lib\site-packages\celery\bootsteps.py", line 116, in start
    step.start(parent)
  File "D:\RECOVER_AGENT\.venv\Lib\site-packages\celery\worker\consumer\consumer.py", line 788, in start
    c.loop(*c.loop_args())
  File "D:\RECOVER_AGENT\.venv\Lib\site-packages\celery\worker\loops.py", line 168, in synloop
    _loop_cycle()
  File "D:\RECOVER_AGENT\.venv\Lib\site-packages\celery\worker\loops.py", line 157, in _loop_cycle
    connection.drain_events(timeout=2.0)
  File "D:\RECOVER_AGENT\.venv\Lib\site-packages\kombu\connection.py", line 343, in drain_events
    return self.transport.drain_events(self.connection, **kwargs)
           ^^^^^^^^^^^^^^^^^^^^^^^^^^^^^^^^^^^^^^^^^^^^^^^^^^^^^^
  File "D:\RECOVER_AGENT\.venv\Lib\site-packages\kombu\transport\virtual\base.py", line 997, in drain_events
    get(self._deliver, timeout=timeout)
  File "D:\RECOVER_AGENT\.venv\Lib\site-packages\kombu\transport\redis.py", line 601, in get
    ret = self.handle_event(fileno, event)
          ^^^^^^^^^^^^^^^^^^^^^^^^^^^^^^^^
  File "D:\RECOVER_AGENT\.venv\Lib\site-packages\kombu\transport\redis.py", line 583, in handle_event
    return self.on_readable(fileno), self
           ^^^^^^^^^^^^^^^^^^^^^^^^
  File "D:\RECOVER_AGENT\.venv\Lib\site-packages\kombu\transport\redis.py", line 579, in on_readable
    chan.handlers[type]()
  File "D:\RECOVER_AGENT\.venv\Lib\site-packages\kombu\transport\redis.py", line 994, in _brpop_read
    self.connection._deliver(loads(bytes_to_str(item)), dest)
  File "D:\RECOVER_AGENT\.venv\Lib\site-packages\kombu\transport\virtual\base.py", line 1017, in _deliver
    callback(message)
  File "D:\RECOVER_AGENT\.venv\Lib\site-packages\kombu\transport\virtual\base.py", line 639, in _callback
    return callback(message)
           ^^^^^^^^^^^^^^^^^
  File "D:\RECOVER_AGENT\.venv\Lib\site-packages\kombu\messaging.py", line 668, in _receive_callback
    return on_m(message) if on_m else self.receive(decoded, message)
           ^^^^^^^^^^^^^
  File "D:\RECOVER_AGENT\.venv\Lib\site-packages\celery\worker\consumer\consumer.py", line 694, in on_task_received
    strategy(
  File "D:\RECOVER_AGENT\.venv\Lib\site-packages\celery\worker\strategy.py", line 208, in task_message_handler
    handle(req)
  File "D:\RECOVER_AGENT\.venv\Lib\site-packages\celery\worker\worker.py", line 226, in _process_task
    req.execute_using_pool(self.pool)
  File "D:\RECOVER_AGENT\.venv\Lib\site-packages\celery\worker\request.py", line 770, in execute_using_pool
    result = apply_async(
             ^^^^^^^^^^^^
  File "D:\RECOVER_AGENT\.venv\Lib\site-packages\celery\concurrency\base.py", line 153, in apply_async
    return self.on_apply(target, args, kwargs,
           ^^^^^^^^^^^^^^^^^^^^^^^^^^^^^^^^^^^
  File "D:\RECOVER_AGENT\.venv\Lib\site-packages\celery\concurrency\base.py", line 30, in apply_target
    ret = target(*args, **kwargs)
          ^^^^^^^^^^^^^^^^^^^^^^^
  File "D:\RECOVER_AGENT\.venv\Lib\site-packages\celery\app\trace.py", line 773, in fast_trace_task
    R, I, T, Rstr = tasks[task].__trace__(
                    ^^^^^^^^^^^^^^^^^^^^^^
  File "D:\RECOVER_AGENT\.venv\Lib\site-packages\celery\app\trace.py", line 683, in trace_task
    I, _, _, _ = on_error(task_request, exc)
                 ^^^^^^^^^^^^^^^^^^^^^^^^^^^
  File "D:\RECOVER_AGENT\.venv\Lib\site-packages\celery\app\trace.py", line 421, in on_error
    R = I.handle_error_state(
        ^^^^^^^^^^^^^^^^^^^^^
  File "D:\RECOVER_AGENT\.venv\Lib\site-packages\celery\app\trace.py", line 199, in handle_error_state
    return {
           ^
  File "D:\RECOVER_AGENT\.venv\Lib\site-packages\celery\app\trace.py", line 260, in handle_failure
    task.backend.mark_as_failure(
  File "D:\RECOVER_AGENT\.venv\Lib\site-packages\celery\backends\base.py", line 194, in mark_as_failure
    self.store_result(task_id, exc, state,
  File "D:\RECOVER_AGENT\.venv\Lib\site-packages\celery\backends\base.py", line 625, in store_result
    self._store_result(task_id, result, state, traceback,
  File "D:\RECOVER_AGENT\.venv\Lib\site-packages\celery\backends\base.py", line 1090, in _store_result
    current_meta = self._get_task_meta_for(task_id)
                   ^^^^^^^^^^^^^^^^^^^^^^^^^^^^^^^^
  File "D:\RECOVER_AGENT\.venv\Lib\site-packages\celery\backends\base.py", line 1112, in _get_task_meta_for
    meta = self.get(self.get_key_for_task(task_id))
           ^^^^^^^^^^^^^^^^^^^^^^^^^^^^^^^^^^^^^^^^
  File "D:\RECOVER_AGENT\.venv\Lib\site-packages\celery\backends\redis.py", line 405, in get
    return self.client.get(key)
           ^^^^^^^^^^^^^^^^^^^^
  File "D:\RECOVER_AGENT\.venv\Lib\site-packages\redis\commands\core.py", line 3200, in get
    return self.execute_command("GET", name, keys=[name])
           ^^^^^^^^^^^^^^^^^^^^^^^^^^^^^^^^^^^^^^^^^^^^^^
  File "D:\RECOVER_AGENT\.venv\Lib\site-packages\redis\client.py", line 867, in execute_command
    return self._execute_command(*args, **options)
           ^^^^^^^^^^^^^^^^^^^^^^^^^^^^^^^^^^^^^^^
  File "D:\RECOVER_AGENT\.venv\Lib\site-packages\redis\client.py", line 873, in _execute_command
    conn = self.connection or pool.get_connection()
                              ^^^^^^^^^^^^^^^^^^^^^
  File "D:\RECOVER_AGENT\.venv\Lib\site-packages\redis\utils.py", line 258, in wrapper
    return func(*args, **kwargs)
           ^^^^^^^^^^^^^^^^^^^^^
  File "D:\RECOVER_AGENT\.venv\Lib\site-packages\redis\connection.py", line 3273, in get_connection
    connection.connect()
  File "D:\RECOVER_AGENT\.venv\Lib\site-packages\redis\connection.py", line 1028, in connect
    self.retry.call_with_retry(
  File "D:\RECOVER_AGENT\.venv\Lib\site-packages\redis\retry.py", line 132, in call_with_retry
    raise error
  File "D:\RECOVER_AGENT\.venv\Lib\site-packages\redis\retry.py", line 120, in call_with_retry
    return do()
           ^^^^
  File "D:\RECOVER_AGENT\.venv\Lib\site-packages\redis\connection.py", line 1029, in <lambda>
    lambda: self.connect_check_health(
            ^^^^^^^^^^^^^^^^^^^^^^^^^^
  File "D:\RECOVER_AGENT\.venv\Lib\site-packages\redis\connection.py", line 1083, in connect_check_health
    self.on_connect_check_health(check_health=check_health)
  File "D:\RECOVER_AGENT\.venv\Lib\site-packages\redis\connection.py", line 1155, in on_connect_check_health
    self.handshake_metadata = self.read_response()
                              ^^^^^^^^^^^^^^^^^^^^
  File "D:\RECOVER_AGENT\.venv\Lib\site-packages\redis\connection.py", line 1407, in read_response
    response = self._parser.read_response(
               ^^^^^^^^^^^^^^^^^^^^^^^^^^^
  File "D:\RECOVER_AGENT\.venv\Lib\site-packages\redis\_parsers\resp3.py", line 40, in read_response
    result = self._read_response(
             ^^^^^^^^^^^^^^^^^^^^
  File "D:\RECOVER_AGENT\.venv\Lib\site-packages\redis\_parsers\resp3.py", line 80, in _read_response
    raise error
redis.exceptions.ConnectionError: max number of clients reached
[2026-10-03 19:57:06,554: WARNING/MainProcess] Restoring 1 unacknowledged message(s)
[2026-10-03 19:57:10,216: WARNING/MainProcess] D:\RECOVER_AGENT\.venv\Lib\site-packages\celery\worker\consumer\consumer.py:397: CPendingDeprecationWarning: 
In Celery 5.1 we introduced an optional breaking change which
on connection loss cancels all currently executed tasks with late acknowledgement enabled.
These tasks cannot be acknowledged as the connection is gone, and the tasks are automatically redelivered
back to the queue. You can enable this behavior using the worker_cancel_long_running_tasks_on_connection_loss
setting. In Celery 5.1 it is set to False by default. The setting will be set to True by default in Celery 6.0.

  warnings.warn(CANCEL_TASKS_BY_DEFAULT, CPendingDeprecationWarning)

[2026-10-03 19:57:14,151: INFO/MainProcess] Connected to redis://default:**@whistle-agreement-immune-83193.db.redis.io:15296//
[2026-10-03 19:57:17,617: INFO/MainProcess] mingle: searching for neighbors
[2026-10-03 19:57:22,395: INFO/MainProcess] mingle: all alone
[2026-10-03 19:57:26,682: WARNING/MainProcess] consumer: Connection to broker lost. Trying to re-establish the connection...
Traceback (most recent call last):
  File "D:\RECOVER_AGENT\.venv\Lib\site-packages\kombu\transport\virtual\base.py", line 951, in create_channel
    return self._avail_channels.pop()
           ^^^^^^^^^^^^^^^^^^^^^^^^^^
IndexError: pop from empty list

During handling of the above exception, another exception occurred:

Traceback (most recent call last):
  File "D:\RECOVER_AGENT\.venv\Lib\site-packages\celery\worker\consumer\consumer.py", line 346, in start
    blueprint.start(self)
  File "D:\RECOVER_AGENT\.venv\Lib\site-packages\celery\bootsteps.py", line 116, in start
    step.start(parent)
  File "D:\RECOVER_AGENT\.venv\Lib\site-packages\celery\worker\pidbox.py", line 52, in start
    self.node.channel = c.connection.channel()
                        ^^^^^^^^^^^^^^^^^^^^^^
  File "D:\RECOVER_AGENT\.venv\Lib\site-packages\kombu\connection.py", line 305, in channel
    chan = self.transport.create_channel(self.connection)
           ^^^^^^^^^^^^^^^^^^^^^^^^^^^^^^^^^^^^^^^^^^^^^^
  File "D:\RECOVER_AGENT\.venv\Lib\site-packages\kombu\transport\virtual\base.py", line 953, in create_channel
    channel = self.Channel(connection)
              ^^^^^^^^^^^^^^^^^^^^^^^^
  File "D:\RECOVER_AGENT\.venv\Lib\site-packages\kombu\transport\redis.py", line 757, in __init__
    self.client.ping()
  File "D:\RECOVER_AGENT\.venv\Lib\site-packages\redis\commands\core.py", line 2037, in ping
    return self.execute_command("PING", **kwargs)
           ^^^^^^^^^^^^^^^^^^^^^^^^^^^^^^^^^^^^^^
  File "D:\RECOVER_AGENT\.venv\Lib\site-packages\redis\client.py", line 867, in execute_command
    return self._execute_command(*args, **options)
           ^^^^^^^^^^^^^^^^^^^^^^^^^^^^^^^^^^^^^^^
  File "D:\RECOVER_AGENT\.venv\Lib\site-packages\redis\client.py", line 873, in _execute_command
    conn = self.connection or pool.get_connection()
                              ^^^^^^^^^^^^^^^^^^^^^
  File "D:\RECOVER_AGENT\.venv\Lib\site-packages\redis\utils.py", line 258, in wrapper
    return func(*args, **kwargs)
           ^^^^^^^^^^^^^^^^^^^^^
  File "D:\RECOVER_AGENT\.venv\Lib\site-packages\redis\connection.py", line 3273, in get_connection
    connection.connect()
  File "D:\RECOVER_AGENT\.venv\Lib\site-packages\redis\connection.py", line 1028, in connect
    self.retry.call_with_retry(
  File "D:\RECOVER_AGENT\.venv\Lib\site-packages\redis\retry.py", line 132, in call_with_retry
    raise error
  File "D:\RECOVER_AGENT\.venv\Lib\site-packages\redis\retry.py", line 120, in call_with_retry
    return do()
           ^^^^
  File "D:\RECOVER_AGENT\.venv\Lib\site-packages\redis\connection.py", line 1029, in <lambda>
    lambda: self.connect_check_health(
            ^^^^^^^^^^^^^^^^^^^^^^^^^^
  File "D:\RECOVER_AGENT\.venv\Lib\site-packages\redis\connection.py", line 1083, in connect_check_health
    self.on_connect_check_health(check_health=check_health)
  File "D:\RECOVER_AGENT\.venv\Lib\site-packages\redis\connection.py", line 1155, in on_connect_check_health
    self.handshake_metadata = self.read_response()
                              ^^^^^^^^^^^^^^^^^^^^
  File "D:\RECOVER_AGENT\.venv\Lib\site-packages\redis\connection.py", line 1407, in read_response
    response = self._parser.read_response(
               ^^^^^^^^^^^^^^^^^^^^^^^^^^^
  File "D:\RECOVER_AGENT\.venv\Lib\site-packages\redis\_parsers\resp3.py", line 40, in read_response
    result = self._read_response(
             ^^^^^^^^^^^^^^^^^^^^
  File "D:\RECOVER_AGENT\.venv\Lib\site-packages\redis\_parsers\resp3.py", line 80, in _read_response
    raise error
redis.exceptions.ConnectionError: max number of clients reached
[2026-10-03 19:57:27,236: WARNING/MainProcess] D:\RECOVER_AGENT\.venv\Lib\site-packages\celery\worker\consumer\consumer.py:397: CPendingDeprecationWarning: 
In Celery 5.1 we introduced an optional breaking change which
on connection loss cancels all currently executed tasks with late acknowledgement enabled.
These tasks cannot be acknowledged as the connection is gone, and the tasks are automatically redelivered
back to the queue. You can enable this behavior using the worker_cancel_long_running_tasks_on_connection_loss
setting. In Celery 5.1 it is set to False by default. The setting will be set to True by default in Celery 6.0.

  warnings.warn(CANCEL_TASKS_BY_DEFAULT, CPendingDeprecationWarning)

[2026-10-03 19:57:28,617: INFO/MainProcess] Connected to redis://default:**@whistle-agreement-immune-83193.db.redis.io:15296//
[2026-10-03 19:57:30,097: INFO/MainProcess] mingle: searching for neighbors
[2026-10-03 19:57:34,486: INFO/MainProcess] mingle: all alone
[2026-10-03 19:57:40,413: WARNING/MainProcess] consumer: Connection to broker lost. Trying to re-establish the connection...
Traceback (most recent call last):
  File "D:\RECOVER_AGENT\.venv\Lib\site-packages\celery\worker\consumer\consumer.py", line 346, in start
    blueprint.start(self)
  File "D:\RECOVER_AGENT\.venv\Lib\site-packages\celery\bootsteps.py", line 116, in start
    step.start(parent)
  File "D:\RECOVER_AGENT\.venv\Lib\site-packages\celery\worker\pidbox.py", line 53, in start
    self.consumer = self.node.listen(callback=self.on_message)
                    ^^^^^^^^^^^^^^^^^^^^^^^^^^^^^^^^^^^^^^^^^^
  File "D:\RECOVER_AGENT\.venv\Lib\site-packages\kombu\pidbox.py", line 89, in listen
    consumer = self.Consumer(channel=channel,
               ^^^^^^^^^^^^^^^^^^^^^^^^^^^^^^
  File "D:\RECOVER_AGENT\.venv\Lib\site-packages\kombu\pidbox.py", line 75, in Consumer
    return Consumer(
           ^^^^^^^^^
  File "D:\RECOVER_AGENT\.venv\Lib\site-packages\kombu\messaging.py", line 414, in __init__
    self.revive(self.channel)
  File "D:\RECOVER_AGENT\.venv\Lib\site-packages\kombu\messaging.py", line 436, in revive
    self.declare()
  File "D:\RECOVER_AGENT\.venv\Lib\site-packages\kombu\messaging.py", line 450, in declare
    queue.declare()
  File "D:\RECOVER_AGENT\.venv\Lib\site-packages\kombu\entity.py", line 617, in declare
    self._create_queue(nowait=nowait, channel=channel)
  File "D:\RECOVER_AGENT\.venv\Lib\site-packages\kombu\entity.py", line 626, in _create_queue
    self.queue_declare(nowait=nowait, passive=False, channel=channel)
  File "D:\RECOVER_AGENT\.venv\Lib\site-packages\kombu\entity.py", line 655, in queue_declare
    ret = channel.queue_declare(
          ^^^^^^^^^^^^^^^^^^^^^^
  File "D:\RECOVER_AGENT\.venv\Lib\site-packages\kombu\transport\virtual\base.py", line 538, in queue_declare
    return queue_declare_ok_t(queue, self._size(queue), 0)
                                     ^^^^^^^^^^^^^^^^^
  File "D:\RECOVER_AGENT\.venv\Lib\site-packages\kombu\transport\redis.py", line 1020, in _size
    sizes = pipe.execute()
            ^^^^^^^^^^^^^^
  File "D:\RECOVER_AGENT\.venv\Lib\site-packages\redis\client.py", line 2214, in execute
    conn = self.connection_pool.get_connection()
           ^^^^^^^^^^^^^^^^^^^^^^^^^^^^^^^^^^^^^
  File "D:\RECOVER_AGENT\.venv\Lib\site-packages\redis\utils.py", line 258, in wrapper
    return func(*args, **kwargs)
           ^^^^^^^^^^^^^^^^^^^^^
  File "D:\RECOVER_AGENT\.venv\Lib\site-packages\redis\connection.py", line 3273, in get_connection
    connection.connect()
  File "D:\RECOVER_AGENT\.venv\Lib\site-packages\redis\connection.py", line 1028, in connect
    self.retry.call_with_retry(
  File "D:\RECOVER_AGENT\.venv\Lib\site-packages\redis\retry.py", line 132, in call_with_retry
    raise error
  File "D:\RECOVER_AGENT\.venv\Lib\site-packages\redis\retry.py", line 120, in call_with_retry
    return do()
           ^^^^
  File "D:\RECOVER_AGENT\.venv\Lib\site-packages\redis\connection.py", line 1029, in <lambda>
    lambda: self.connect_check_health(
            ^^^^^^^^^^^^^^^^^^^^^^^^^^
  File "D:\RECOVER_AGENT\.venv\Lib\site-packages\redis\connection.py", line 1083, in connect_check_health
    self.on_connect_check_health(check_health=check_health)
  File "D:\RECOVER_AGENT\.venv\Lib\site-packages\redis\connection.py", line 1155, in on_connect_check_health
    self.handshake_metadata = self.read_response()
                              ^^^^^^^^^^^^^^^^^^^^
  File "D:\RECOVER_AGENT\.venv\Lib\site-packages\redis\connection.py", line 1407, in read_response
    response = self._parser.read_response(
               ^^^^^^^^^^^^^^^^^^^^^^^^^^^
  File "D:\RECOVER_AGENT\.venv\Lib\site-packages\redis\_parsers\resp3.py", line 40, in read_response
    result = self._read_response(
             ^^^^^^^^^^^^^^^^^^^^
  File "D:\RECOVER_AGENT\.venv\Lib\site-packages\redis\_parsers\resp3.py", line 80, in _read_response
    raise error
redis.exceptions.ConnectionError: max number of clients reached
[2026-10-03 19:57:40,933: WARNING/MainProcess] D:\RECOVER_AGENT\.venv\Lib\site-packages\celery\worker\consumer\consumer.py:397: CPendingDeprecationWarning: 
In Celery 5.1 we introduced an optional breaking change which
on connection loss cancels all currently executed tasks with late acknowledgement enabled.
These tasks cannot be acknowledged as the connection is gone, and the tasks are automatically redelivered
back to the queue. You can enable this behavior using the worker_cancel_long_running_tasks_on_connection_loss
setting. In Celery 5.1 it is set to False by default. The setting will be set to True by default in Celery 6.0.

  warnings.warn(CANCEL_TASKS_BY_DEFAULT, CPendingDeprecationWarning)

[2026-10-03 19:57:42,679: INFO/MainProcess] Connected to redis://default:**@whistle-agreement-immune-83193.db.redis.io:15296//
[2026-10-03 19:57:44,340: INFO/MainProcess] mingle: searching for neighbors
[2026-10-03 19:57:49,421: INFO/MainProcess] mingle: all alone
[2026-10-03 19:57:55,573: WARNING/MainProcess] consumer: Connection to broker lost. Trying to re-establish the connection...
Traceback (most recent call last):
  File "D:\RECOVER_AGENT\.venv\Lib\site-packages\celery\worker\consumer\consumer.py", line 346, in start
    blueprint.start(self)
  File "D:\RECOVER_AGENT\.venv\Lib\site-packages\celery\bootsteps.py", line 116, in start
    step.start(parent)
  File "D:\RECOVER_AGENT\.venv\Lib\site-packages\celery\worker\pidbox.py", line 53, in start
    self.consumer = self.node.listen(callback=self.on_message)
                    ^^^^^^^^^^^^^^^^^^^^^^^^^^^^^^^^^^^^^^^^^^
  File "D:\RECOVER_AGENT\.venv\Lib\site-packages\kombu\pidbox.py", line 89, in listen
    consumer = self.Consumer(channel=channel,
               ^^^^^^^^^^^^^^^^^^^^^^^^^^^^^^
  File "D:\RECOVER_AGENT\.venv\Lib\site-packages\kombu\pidbox.py", line 75, in Consumer
    return Consumer(
           ^^^^^^^^^
  File "D:\RECOVER_AGENT\.venv\Lib\site-packages\kombu\messaging.py", line 414, in __init__
    self.revive(self.channel)
  File "D:\RECOVER_AGENT\.venv\Lib\site-packages\kombu\messaging.py", line 436, in revive
    self.declare()
  File "D:\RECOVER_AGENT\.venv\Lib\site-packages\kombu\messaging.py", line 450, in declare
    queue.declare()
  File "D:\RECOVER_AGENT\.venv\Lib\site-packages\kombu\entity.py", line 617, in declare
    self._create_queue(nowait=nowait, channel=channel)
  File "D:\RECOVER_AGENT\.venv\Lib\site-packages\kombu\entity.py", line 626, in _create_queue
    self.queue_declare(nowait=nowait, passive=False, channel=channel)
  File "D:\RECOVER_AGENT\.venv\Lib\site-packages\kombu\entity.py", line 655, in queue_declare
    ret = channel.queue_declare(
          ^^^^^^^^^^^^^^^^^^^^^^
  File "D:\RECOVER_AGENT\.venv\Lib\site-packages\kombu\transport\virtual\base.py", line 538, in queue_declare
    return queue_declare_ok_t(queue, self._size(queue), 0)
                                     ^^^^^^^^^^^^^^^^^
  File "D:\RECOVER_AGENT\.venv\Lib\site-packages\kombu\transport\redis.py", line 1020, in _size
    sizes = pipe.execute()
            ^^^^^^^^^^^^^^
  File "D:\RECOVER_AGENT\.venv\Lib\site-packages\redis\client.py", line 2214, in execute
    conn = self.connection_pool.get_connection()
           ^^^^^^^^^^^^^^^^^^^^^^^^^^^^^^^^^^^^^
  File "D:\RECOVER_AGENT\.venv\Lib\site-packages\redis\utils.py", line 258, in wrapper
    return func(*args, **kwargs)
           ^^^^^^^^^^^^^^^^^^^^^
  File "D:\RECOVER_AGENT\.venv\Lib\site-packages\redis\connection.py", line 3273, in get_connection
    connection.connect()
  File "D:\RECOVER_AGENT\.venv\Lib\site-packages\redis\connection.py", line 1028, in connect
    self.retry.call_with_retry(
  File "D:\RECOVER_AGENT\.venv\Lib\site-packages\redis\retry.py", line 132, in call_with_retry
    raise error
  File "D:\RECOVER_AGENT\.venv\Lib\site-packages\redis\retry.py", line 120, in call_with_retry
    return do()
           ^^^^
  File "D:\RECOVER_AGENT\.venv\Lib\site-packages\redis\connection.py", line 1029, in <lambda>
    lambda: self.connect_check_health(
            ^^^^^^^^^^^^^^^^^^^^^^^^^^
  File "D:\RECOVER_AGENT\.venv\Lib\site-packages\redis\connection.py", line 1083, in connect_check_health
    self.on_connect_check_health(check_health=check_health)
  File "D:\RECOVER_AGENT\.venv\Lib\site-packages\redis\connection.py", line 1155, in on_connect_check_health
    self.handshake_metadata = self.read_response()
                              ^^^^^^^^^^^^^^^^^^^^
  File "D:\RECOVER_AGENT\.venv\Lib\site-packages\redis\connection.py", line 1407, in read_response
    response = self._parser.read_response(
               ^^^^^^^^^^^^^^^^^^^^^^^^^^^
  File "D:\RECOVER_AGENT\.venv\Lib\site-packages\redis\_parsers\resp3.py", line 40, in read_response
    result = self._read_response(
             ^^^^^^^^^^^^^^^^^^^^
  File "D:\RECOVER_AGENT\.venv\Lib\site-packages\redis\_parsers\resp3.py", line 80, in _read_response
    raise error
redis.exceptions.ConnectionError: max number of clients reached
[2026-10-03 19:57:56,155: WARNING/MainProcess] D:\RECOVER_AGENT\.venv\Lib\site-packages\celery\worker\consumer\consumer.py:397: CPendingDeprecationWarning: 
In Celery 5.1 we introduced an optional breaking change which
on connection loss cancels all currently executed tasks with late acknowledgement enabled.
These tasks cannot be acknowledged as the connection is gone, and the tasks are automatically redelivered
back to the queue. You can enable this behavior using the worker_cancel_long_running_tasks_on_connection_loss
setting. In Celery 5.1 it is set to False by default. The setting will be set to True by default in Celery 6.0.

  warnings.warn(CANCEL_TASKS_BY_DEFAULT, CPendingDeprecationWarning)

[2026-10-03 19:57:57,589: INFO/MainProcess] Connected to redis://default:**@whistle-agreement-immune-83193.db.redis.io:15296//
[2026-10-03 19:57:59,025: INFO/MainProcess] mingle: searching for neighbors
[2026-10-03 19:58:03,210: INFO/MainProcess] mingle: all alone
[2026-10-03 19:58:09,558: WARNING/MainProcess] consumer: Connection to broker lost. Trying to re-establish the connection...
Traceback (most recent call last):
  File "D:\RECOVER_AGENT\.venv\Lib\site-packages\celery\worker\consumer\consumer.py", line 346, in start
    blueprint.start(self)
  File "D:\RECOVER_AGENT\.venv\Lib\site-packages\celery\bootsteps.py", line 116, in start
    step.start(parent)
  File "D:\RECOVER_AGENT\.venv\Lib\site-packages\celery\worker\pidbox.py", line 53, in start
    self.consumer = self.node.listen(callback=self.on_message)
                    ^^^^^^^^^^^^^^^^^^^^^^^^^^^^^^^^^^^^^^^^^^
  File "D:\RECOVER_AGENT\.venv\Lib\site-packages\kombu\pidbox.py", line 89, in listen
    consumer = self.Consumer(channel=channel,
               ^^^^^^^^^^^^^^^^^^^^^^^^^^^^^^
  File "D:\RECOVER_AGENT\.venv\Lib\site-packages\kombu\pidbox.py", line 75, in Consumer
    return Consumer(
           ^^^^^^^^^
  File "D:\RECOVER_AGENT\.venv\Lib\site-packages\kombu\messaging.py", line 414, in __init__
    self.revive(self.channel)
  File "D:\RECOVER_AGENT\.venv\Lib\site-packages\kombu\messaging.py", line 436, in revive
    self.declare()
  File "D:\RECOVER_AGENT\.venv\Lib\site-packages\kombu\messaging.py", line 450, in declare
    queue.declare()
  File "D:\RECOVER_AGENT\.venv\Lib\site-packages\kombu\entity.py", line 617, in declare
    self._create_queue(nowait=nowait, channel=channel)
  File "D:\RECOVER_AGENT\.venv\Lib\site-packages\kombu\entity.py", line 626, in _create_queue
    self.queue_declare(nowait=nowait, passive=False, channel=channel)
  File "D:\RECOVER_AGENT\.venv\Lib\site-packages\kombu\entity.py", line 655, in queue_declare
    ret = channel.queue_declare(
          ^^^^^^^^^^^^^^^^^^^^^^
  File "D:\RECOVER_AGENT\.venv\Lib\site-packages\kombu\transport\virtual\base.py", line 538, in queue_declare
    return queue_declare_ok_t(queue, self._size(queue), 0)
                                     ^^^^^^^^^^^^^^^^^
  File "D:\RECOVER_AGENT\.venv\Lib\site-packages\kombu\transport\redis.py", line 1020, in _size
    sizes = pipe.execute()
            ^^^^^^^^^^^^^^
  File "D:\RECOVER_AGENT\.venv\Lib\site-packages\redis\client.py", line 2214, in execute
    conn = self.connection_pool.get_connection()
           ^^^^^^^^^^^^^^^^^^^^^^^^^^^^^^^^^^^^^
  File "D:\RECOVER_AGENT\.venv\Lib\site-packages\redis\utils.py", line 258, in wrapper
    return func(*args, **kwargs)
           ^^^^^^^^^^^^^^^^^^^^^
  File "D:\RECOVER_AGENT\.venv\Lib\site-packages\redis\connection.py", line 3273, in get_connection
    connection.connect()
  File "D:\RECOVER_AGENT\.venv\Lib\site-packages\redis\connection.py", line 1028, in connect
    self.retry.call_with_retry(
  File "D:\RECOVER_AGENT\.venv\Lib\site-packages\redis\retry.py", line 132, in call_with_retry
    raise error
  File "D:\RECOVER_AGENT\.venv\Lib\site-packages\redis\retry.py", line 120, in call_with_retry
    return do()
           ^^^^
  File "D:\RECOVER_AGENT\.venv\Lib\site-packages\redis\connection.py", line 1029, in <lambda>
    lambda: self.connect_check_health(
            ^^^^^^^^^^^^^^^^^^^^^^^^^^
  File "D:\RECOVER_AGENT\.venv\Lib\site-packages\redis\connection.py", line 1083, in connect_check_health
    self.on_connect_check_health(check_health=check_health)
  File "D:\RECOVER_AGENT\.venv\Lib\site-packages\redis\connection.py", line 1155, in on_connect_check_health
    self.handshake_metadata = self.read_response()
                              ^^^^^^^^^^^^^^^^^^^^
  File "D:\RECOVER_AGENT\.venv\Lib\site-packages\redis\connection.py", line 1407, in read_response
    response = self._parser.read_response(
               ^^^^^^^^^^^^^^^^^^^^^^^^^^^
  File "D:\RECOVER_AGENT\.venv\Lib\site-packages\redis\_parsers\resp3.py", line 40, in read_response
    result = self._read_response(
             ^^^^^^^^^^^^^^^^^^^^
  File "D:\RECOVER_AGENT\.venv\Lib\site-packages\redis\_parsers\resp3.py", line 80, in _read_response
    raise error
redis.exceptions.ConnectionError: max number of clients reached
[2026-10-03 19:58:10,099: WARNING/MainProcess] D:\RECOVER_AGENT\.venv\Lib\site-packages\celery\worker\consumer\consumer.py:397: CPendingDeprecationWarning: 
In Celery 5.1 we introduced an optional breaking change which
on connection loss cancels all currently executed tasks with late acknowledgement enabled.
These tasks cannot be acknowledged as the connection is gone, and the tasks are automatically redelivered
back to the queue. You can enable this behavior using the worker_cancel_long_running_tasks_on_connection_loss
setting. In Celery 5.1 it is set to False by default. The setting will be set to True by default in Celery 6.0.

  warnings.warn(CANCEL_TASKS_BY_DEFAULT, CPendingDeprecationWarning)

[2026-10-03 19:58:11,814: INFO/MainProcess] Connected to redis://default:**@whistle-agreement-immune-83193.db.redis.io:15296//
[2026-10-03 19:58:13,452: INFO/MainProcess] mingle: searching for neighbors
[2026-10-03 19:58:18,819: INFO/MainProcess] mingle: all alone
[2026-10-03 19:58:25,374: WARNING/MainProcess] consumer: Connection to broker lost. Trying to re-establish the connection...
Traceback (most recent call last):
  File "D:\RECOVER_AGENT\.venv\Lib\site-packages\celery\worker\consumer\consumer.py", line 346, in start
    blueprint.start(self)
  File "D:\RECOVER_AGENT\.venv\Lib\site-packages\celery\bootsteps.py", line 116, in start
    step.start(parent)
  File "D:\RECOVER_AGENT\.venv\Lib\site-packages\celery\worker\pidbox.py", line 53, in start
    self.consumer = self.node.listen(callback=self.on_message)
                    ^^^^^^^^^^^^^^^^^^^^^^^^^^^^^^^^^^^^^^^^^^
  File "D:\RECOVER_AGENT\.venv\Lib\site-packages\kombu\pidbox.py", line 89, in listen
    consumer = self.Consumer(channel=channel,
               ^^^^^^^^^^^^^^^^^^^^^^^^^^^^^^
  File "D:\RECOVER_AGENT\.venv\Lib\site-packages\kombu\pidbox.py", line 75, in Consumer
    return Consumer(
           ^^^^^^^^^
  File "D:\RECOVER_AGENT\.venv\Lib\site-packages\kombu\messaging.py", line 414, in __init__
    self.revive(self.channel)
  File "D:\RECOVER_AGENT\.venv\Lib\site-packages\kombu\messaging.py", line 436, in revive
    self.declare()
  File "D:\RECOVER_AGENT\.venv\Lib\site-packages\kombu\messaging.py", line 450, in declare
    queue.declare()
  File "D:\RECOVER_AGENT\.venv\Lib\site-packages\kombu\entity.py", line 617, in declare
    self._create_queue(nowait=nowait, channel=channel)
  File "D:\RECOVER_AGENT\.venv\Lib\site-packages\kombu\entity.py", line 626, in _create_queue
    self.queue_declare(nowait=nowait, passive=False, channel=channel)
  File "D:\RECOVER_AGENT\.venv\Lib\site-packages\kombu\entity.py", line 655, in queue_declare
    ret = channel.queue_declare(
          ^^^^^^^^^^^^^^^^^^^^^^
  File "D:\RECOVER_AGENT\.venv\Lib\site-packages\kombu\transport\virtual\base.py", line 538, in queue_declare
    return queue_declare_ok_t(queue, self._size(queue), 0)
                                     ^^^^^^^^^^^^^^^^^
  File "D:\RECOVER_AGENT\.venv\Lib\site-packages\kombu\transport\redis.py", line 1020, in _size
    sizes = pipe.execute()
            ^^^^^^^^^^^^^^
  File "D:\RECOVER_AGENT\.venv\Lib\site-packages\redis\client.py", line 2214, in execute
    conn = self.connection_pool.get_connection()
           ^^^^^^^^^^^^^^^^^^^^^^^^^^^^^^^^^^^^^
  File "D:\RECOVER_AGENT\.venv\Lib\site-packages\redis\utils.py", line 258, in wrapper
    return func(*args, **kwargs)
           ^^^^^^^^^^^^^^^^^^^^^
  File "D:\RECOVER_AGENT\.venv\Lib\site-packages\redis\connection.py", line 3273, in get_connection
    connection.connect()
  File "D:\RECOVER_AGENT\.venv\Lib\site-packages\redis\connection.py", line 1028, in connect
    self.retry.call_with_retry(
  File "D:\RECOVER_AGENT\.venv\Lib\site-packages\redis\retry.py", line 132, in call_with_retry
    raise error
  File "D:\RECOVER_AGENT\.venv\Lib\site-packages\redis\retry.py", line 120, in call_with_retry
    return do()
           ^^^^
  File "D:\RECOVER_AGENT\.venv\Lib\site-packages\redis\connection.py", line 1029, in <lambda>
    lambda: self.connect_check_health(
            ^^^^^^^^^^^^^^^^^^^^^^^^^^
  File "D:\RECOVER_AGENT\.venv\Lib\site-packages\redis\connection.py", line 1083, in connect_check_health
    self.on_connect_check_health(check_health=check_health)
  File "D:\RECOVER_AGENT\.venv\Lib\site-packages\redis\connection.py", line 1155, in on_connect_check_health
    self.handshake_metadata = self.read_response()
                              ^^^^^^^^^^^^^^^^^^^^
  File "D:\RECOVER_AGENT\.venv\Lib\site-packages\redis\connection.py", line 1407, in read_response
    response = self._parser.read_response(
               ^^^^^^^^^^^^^^^^^^^^^^^^^^^
  File "D:\RECOVER_AGENT\.venv\Lib\site-packages\redis\_parsers\resp3.py", line 40, in read_response
    result = self._read_response(
             ^^^^^^^^^^^^^^^^^^^^
  File "D:\RECOVER_AGENT\.venv\Lib\site-packages\redis\_parsers\resp3.py", line 80, in _read_response
    raise error
redis.exceptions.ConnectionError: max number of clients reached
[2026-10-03 19:58:25,952: WARNING/MainProcess] D:\RECOVER_AGENT\.venv\Lib\site-packages\celery\worker\consumer\consumer.py:397: CPendingDeprecationWarning: 
In Celery 5.1 we introduced an optional breaking change which
on connection loss cancels all currently executed tasks with late acknowledgement enabled.
These tasks cannot be acknowledged as the connection is gone, and the tasks are automatically redelivered
back to the queue. You can enable this behavior using the worker_cancel_long_running_tasks_on_connection_loss
setting. In Celery 5.1 it is set to False by default. The setting will be set to True by default in Celery 6.0.

  warnings.warn(CANCEL_TASKS_BY_DEFAULT, CPendingDeprecationWarning)

[2026-10-03 19:58:27,615: INFO/MainProcess] Connected to redis://default:**@whistle-agreement-immune-83193.db.redis.io:15296//
[2026-10-03 19:58:29,321: INFO/MainProcess] mingle: searching for neighbors
[2026-10-03 19:58:34,522: INFO/MainProcess] mingle: all alone
[2026-10-03 19:58:40,177: WARNING/MainProcess] consumer: Connection to broker lost. Trying to re-establish the connection...
Traceback (most recent call last):
  File "D:\RECOVER_AGENT\.venv\Lib\site-packages\celery\worker\consumer\consumer.py", line 346, in start
    blueprint.start(self)
  File "D:\RECOVER_AGENT\.venv\Lib\site-packages\celery\bootsteps.py", line 116, in start
    step.start(parent)
  File "D:\RECOVER_AGENT\.venv\Lib\site-packages\celery\worker\pidbox.py", line 53, in start
    self.consumer = self.node.listen(callback=self.on_message)
                    ^^^^^^^^^^^^^^^^^^^^^^^^^^^^^^^^^^^^^^^^^^
  File "D:\RECOVER_AGENT\.venv\Lib\site-packages\kombu\pidbox.py", line 89, in listen
    consumer = self.Consumer(channel=channel,
               ^^^^^^^^^^^^^^^^^^^^^^^^^^^^^^
  File "D:\RECOVER_AGENT\.venv\Lib\site-packages\kombu\pidbox.py", line 75, in Consumer
    return Consumer(
           ^^^^^^^^^
  File "D:\RECOVER_AGENT\.venv\Lib\site-packages\kombu\messaging.py", line 414, in __init__
    self.revive(self.channel)
  File "D:\RECOVER_AGENT\.venv\Lib\site-packages\kombu\messaging.py", line 436, in revive
    self.declare()
  File "D:\RECOVER_AGENT\.venv\Lib\site-packages\kombu\messaging.py", line 450, in declare
    queue.declare()
  File "D:\RECOVER_AGENT\.venv\Lib\site-packages\kombu\entity.py", line 617, in declare
    self._create_queue(nowait=nowait, channel=channel)
  File "D:\RECOVER_AGENT\.venv\Lib\site-packages\kombu\entity.py", line 626, in _create_queue
    self.queue_declare(nowait=nowait, passive=False, channel=channel)
  File "D:\RECOVER_AGENT\.venv\Lib\site-packages\kombu\entity.py", line 655, in queue_declare
    ret = channel.queue_declare(
          ^^^^^^^^^^^^^^^^^^^^^^
  File "D:\RECOVER_AGENT\.venv\Lib\site-packages\kombu\transport\virtual\base.py", line 538, in queue_declare
    return queue_declare_ok_t(queue, self._size(queue), 0)
                                     ^^^^^^^^^^^^^^^^^
  File "D:\RECOVER_AGENT\.venv\Lib\site-packages\kombu\transport\redis.py", line 1020, in _size
    sizes = pipe.execute()
            ^^^^^^^^^^^^^^
  File "D:\RECOVER_AGENT\.venv\Lib\site-packages\redis\client.py", line 2214, in execute
    conn = self.connection_pool.get_connection()
           ^^^^^^^^^^^^^^^^^^^^^^^^^^^^^^^^^^^^^
  File "D:\RECOVER_AGENT\.venv\Lib\site-packages\redis\utils.py", line 258, in wrapper
    return func(*args, **kwargs)
           ^^^^^^^^^^^^^^^^^^^^^
  File "D:\RECOVER_AGENT\.venv\Lib\site-packages\redis\connection.py", line 3273, in get_connection
    connection.connect()
  File "D:\RECOVER_AGENT\.venv\Lib\site-packages\redis\connection.py", line 1028, in connect
    self.retry.call_with_retry(
  File "D:\RECOVER_AGENT\.venv\Lib\site-packages\redis\retry.py", line 132, in call_with_retry
    raise error
  File "D:\RECOVER_AGENT\.venv\Lib\site-packages\redis\retry.py", line 120, in call_with_retry
    return do()
           ^^^^
  File "D:\RECOVER_AGENT\.venv\Lib\site-packages\redis\connection.py", line 1029, in <lambda>
    lambda: self.connect_check_health(
            ^^^^^^^^^^^^^^^^^^^^^^^^^^
  File "D:\RECOVER_AGENT\.venv\Lib\site-packages\redis\connection.py", line 1083, in connect_check_health
    self.on_connect_check_health(check_health=check_health)
  File "D:\RECOVER_AGENT\.venv\Lib\site-packages\redis\connection.py", line 1155, in on_connect_check_health
    self.handshake_metadata = self.read_response()
                              ^^^^^^^^^^^^^^^^^^^^
  File "D:\RECOVER_AGENT\.venv\Lib\site-packages\redis\connection.py", line 1407, in read_response
    response = self._parser.read_response(
               ^^^^^^^^^^^^^^^^^^^^^^^^^^^
  File "D:\RECOVER_AGENT\.venv\Lib\site-packages\redis\_parsers\resp3.py", line 40, in read_response
    result = self._read_response(
             ^^^^^^^^^^^^^^^^^^^^
  File "D:\RECOVER_AGENT\.venv\Lib\site-packages\redis\_parsers\resp3.py", line 80, in _read_response
    raise error
redis.exceptions.ConnectionError: max number of clients reached
[2026-10-03 19:58:40,670: WARNING/MainProcess] D:\RECOVER_AGENT\.venv\Lib\site-packages\celery\worker\consumer\consumer.py:397: CPendingDeprecationWarning: 
In Celery 5.1 we introduced an optional breaking change which
on connection loss cancels all currently executed tasks with late acknowledgement enabled.
These tasks cannot be acknowledged as the connection is gone, and the tasks are automatically redelivered
back to the queue. You can enable this behavior using the worker_cancel_long_running_tasks_on_connection_loss
setting. In Celery 5.1 it is set to False by default. The setting will be set to True by default in Celery 6.0.

  warnings.warn(CANCEL_TASKS_BY_DEFAULT, CPendingDeprecationWarning)

[2026-10-03 19:58:42,112: INFO/MainProcess] Connected to redis://default:**@whistle-agreement-immune-83193.db.redis.io:15296//
[2026-10-03 19:58:43,544: INFO/MainProcess] mingle: searching for neighbors
[2026-10-03 19:58:48,239: INFO/MainProcess] mingle: all alone
[2026-10-03 19:58:54,459: WARNING/MainProcess] consumer: Connection to broker lost. Trying to re-establish the connection...
Traceback (most recent call last):
  File "D:\RECOVER_AGENT\.venv\Lib\site-packages\celery\worker\consumer\consumer.py", line 346, in start
    blueprint.start(self)
  File "D:\RECOVER_AGENT\.venv\Lib\site-packages\celery\bootsteps.py", line 116, in start
    step.start(parent)
  File "D:\RECOVER_AGENT\.venv\Lib\site-packages\celery\worker\pidbox.py", line 53, in start
    self.consumer = self.node.listen(callback=self.on_message)
                    ^^^^^^^^^^^^^^^^^^^^^^^^^^^^^^^^^^^^^^^^^^
  File "D:\RECOVER_AGENT\.venv\Lib\site-packages\kombu\pidbox.py", line 89, in listen
    consumer = self.Consumer(channel=channel,
               ^^^^^^^^^^^^^^^^^^^^^^^^^^^^^^
  File "D:\RECOVER_AGENT\.venv\Lib\site-packages\kombu\pidbox.py", line 75, in Consumer
    return Consumer(
           ^^^^^^^^^
  File "D:\RECOVER_AGENT\.venv\Lib\site-packages\kombu\messaging.py", line 414, in __init__
    self.revive(self.channel)
  File "D:\RECOVER_AGENT\.venv\Lib\site-packages\kombu\messaging.py", line 436, in revive
    self.declare()
  File "D:\RECOVER_AGENT\.venv\Lib\site-packages\kombu\messaging.py", line 450, in declare
    queue.declare()
  File "D:\RECOVER_AGENT\.venv\Lib\site-packages\kombu\entity.py", line 617, in declare
    self._create_queue(nowait=nowait, channel=channel)
  File "D:\RECOVER_AGENT\.venv\Lib\site-packages\kombu\entity.py", line 626, in _create_queue
    self.queue_declare(nowait=nowait, passive=False, channel=channel)
  File "D:\RECOVER_AGENT\.venv\Lib\site-packages\kombu\entity.py", line 655, in queue_declare
    ret = channel.queue_declare(
          ^^^^^^^^^^^^^^^^^^^^^^
  File "D:\RECOVER_AGENT\.venv\Lib\site-packages\kombu\transport\virtual\base.py", line 538, in queue_declare
    return queue_declare_ok_t(queue, self._size(queue), 0)
                                     ^^^^^^^^^^^^^^^^^
  File "D:\RECOVER_AGENT\.venv\Lib\site-packages\kombu\transport\redis.py", line 1020, in _size
    sizes = pipe.execute()
            ^^^^^^^^^^^^^^
  File "D:\RECOVER_AGENT\.venv\Lib\site-packages\redis\client.py", line 2214, in execute
    conn = self.connection_pool.get_connection()
           ^^^^^^^^^^^^^^^^^^^^^^^^^^^^^^^^^^^^^
  File "D:\RECOVER_AGENT\.venv\Lib\site-packages\redis\utils.py", line 258, in wrapper
    return func(*args, **kwargs)
           ^^^^^^^^^^^^^^^^^^^^^
  File "D:\RECOVER_AGENT\.venv\Lib\site-packages\redis\connection.py", line 3273, in get_connection
    connection.connect()
  File "D:\RECOVER_AGENT\.venv\Lib\site-packages\redis\connection.py", line 1028, in connect
    self.retry.call_with_retry(
  File "D:\RECOVER_AGENT\.venv\Lib\site-packages\redis\retry.py", line 132, in call_with_retry
    raise error
  File "D:\RECOVER_AGENT\.venv\Lib\site-packages\redis\retry.py", line 120, in call_with_retry
    return do()
           ^^^^
  File "D:\RECOVER_AGENT\.venv\Lib\site-packages\redis\connection.py", line 1029, in <lambda>
    lambda: self.connect_check_health(
            ^^^^^^^^^^^^^^^^^^^^^^^^^^
  File "D:\RECOVER_AGENT\.venv\Lib\site-packages\redis\connection.py", line 1083, in connect_check_health
    self.on_connect_check_health(check_health=check_health)
  File "D:\RECOVER_AGENT\.venv\Lib\site-packages\redis\connection.py", line 1155, in on_connect_check_health
    self.handshake_metadata = self.read_response()
                              ^^^^^^^^^^^^^^^^^^^^
  File "D:\RECOVER_AGENT\.venv\Lib\site-packages\redis\connection.py", line 1407, in read_response
    response = self._parser.read_response(
               ^^^^^^^^^^^^^^^^^^^^^^^^^^^
  File "D:\RECOVER_AGENT\.venv\Lib\site-packages\redis\_parsers\resp3.py", line 40, in read_response
    result = self._read_response(
             ^^^^^^^^^^^^^^^^^^^^
  File "D:\RECOVER_AGENT\.venv\Lib\site-packages\redis\_parsers\resp3.py", line 80, in _read_response
    raise error
redis.exceptions.ConnectionError: max number of clients reached
[2026-10-03 19:58:54,957: WARNING/MainProcess] D:\RECOVER_AGENT\.venv\Lib\site-packages\celery\worker\consumer\consumer.py:397: CPendingDeprecationWarning: 
In Celery 5.1 we introduced an optional breaking change which
on connection loss cancels all currently executed tasks with late acknowledgement enabled.
These tasks cannot be acknowledged as the connection is gone, and the tasks are automatically redelivered
back to the queue. You can enable this behavior using the worker_cancel_long_running_tasks_on_connection_loss
setting. In Celery 5.1 it is set to False by default. The setting will be set to True by default in Celery 6.0.

  warnings.warn(CANCEL_TASKS_BY_DEFAULT, CPendingDeprecationWarning)

[2026-10-03 19:58:56,663: INFO/MainProcess] Connected to redis://default:**@whistle-agreement-immune-83193.db.redis.io:15296//
[2026-10-03 19:58:58,438: INFO/MainProcess] mingle: searching for neighbors
[2026-10-03 19:59:03,408: INFO/MainProcess] mingle: all alone
[2026-10-03 19:59:09,867: WARNING/MainProcess] consumer: Connection to broker lost. Trying to re-establish the connection...
Traceback (most recent call last):
  File "D:\RECOVER_AGENT\.venv\Lib\site-packages\celery\worker\consumer\consumer.py", line 346, in start
    blueprint.start(self)
  File "D:\RECOVER_AGENT\.venv\Lib\site-packages\celery\bootsteps.py", line 116, in start
    step.start(parent)
  File "D:\RECOVER_AGENT\.venv\Lib\site-packages\celery\worker\pidbox.py", line 53, in start
    self.consumer = self.node.listen(callback=self.on_message)
                    ^^^^^^^^^^^^^^^^^^^^^^^^^^^^^^^^^^^^^^^^^^
  File "D:\RECOVER_AGENT\.venv\Lib\site-packages\kombu\pidbox.py", line 89, in listen
    consumer = self.Consumer(channel=channel,
               ^^^^^^^^^^^^^^^^^^^^^^^^^^^^^^
  File "D:\RECOVER_AGENT\.venv\Lib\site-packages\kombu\pidbox.py", line 75, in Consumer
    return Consumer(
           ^^^^^^^^^
  File "D:\RECOVER_AGENT\.venv\Lib\site-packages\kombu\messaging.py", line 414, in __init__
    self.revive(self.channel)
  File "D:\RECOVER_AGENT\.venv\Lib\site-packages\kombu\messaging.py", line 436, in revive
    self.declare()
  File "D:\RECOVER_AGENT\.venv\Lib\site-packages\kombu\messaging.py", line 450, in declare
    queue.declare()
  File "D:\RECOVER_AGENT\.venv\Lib\site-packages\kombu\entity.py", line 617, in declare
    self._create_queue(nowait=nowait, channel=channel)
  File "D:\RECOVER_AGENT\.venv\Lib\site-packages\kombu\entity.py", line 626, in _create_queue
    self.queue_declare(nowait=nowait, passive=False, channel=channel)
  File "D:\RECOVER_AGENT\.venv\Lib\site-packages\kombu\entity.py", line 655, in queue_declare
    ret = channel.queue_declare(
          ^^^^^^^^^^^^^^^^^^^^^^
  File "D:\RECOVER_AGENT\.venv\Lib\site-packages\kombu\transport\virtual\base.py", line 538, in queue_declare
    return queue_declare_ok_t(queue, self._size(queue), 0)
                                     ^^^^^^^^^^^^^^^^^
  File "D:\RECOVER_AGENT\.venv\Lib\site-packages\kombu\transport\redis.py", line 1020, in _size
    sizes = pipe.execute()
            ^^^^^^^^^^^^^^
  File "D:\RECOVER_AGENT\.venv\Lib\site-packages\redis\client.py", line 2214, in execute
    conn = self.connection_pool.get_connection()
           ^^^^^^^^^^^^^^^^^^^^^^^^^^^^^^^^^^^^^
  File "D:\RECOVER_AGENT\.venv\Lib\site-packages\redis\utils.py", line 258, in wrapper
    return func(*args, **kwargs)
           ^^^^^^^^^^^^^^^^^^^^^
  File "D:\RECOVER_AGENT\.venv\Lib\site-packages\redis\connection.py", line 3273, in get_connection
    connection.connect()
  File "D:\RECOVER_AGENT\.venv\Lib\site-packages\redis\connection.py", line 1028, in connect
    self.retry.call_with_retry(
  File "D:\RECOVER_AGENT\.venv\Lib\site-packages\redis\retry.py", line 132, in call_with_retry
    raise error
  File "D:\RECOVER_AGENT\.venv\Lib\site-packages\redis\retry.py", line 120, in call_with_retry
    return do()
           ^^^^
  File "D:\RECOVER_AGENT\.venv\Lib\site-packages\redis\connection.py", line 1029, in <lambda>
    lambda: self.connect_check_health(
            ^^^^^^^^^^^^^^^^^^^^^^^^^^
  File "D:\RECOVER_AGENT\.venv\Lib\site-packages\redis\connection.py", line 1083, in connect_check_health
    self.on_connect_check_health(check_health=check_health)
  File "D:\RECOVER_AGENT\.venv\Lib\site-packages\redis\connection.py", line 1155, in on_connect_check_health
    self.handshake_metadata = self.read_response()
                              ^^^^^^^^^^^^^^^^^^^^
  File "D:\RECOVER_AGENT\.venv\Lib\site-packages\redis\connection.py", line 1407, in read_response
    response = self._parser.read_response(
               ^^^^^^^^^^^^^^^^^^^^^^^^^^^
  File "D:\RECOVER_AGENT\.venv\Lib\site-packages\redis\_parsers\resp3.py", line 40, in read_response
    result = self._read_response(
             ^^^^^^^^^^^^^^^^^^^^
  File "D:\RECOVER_AGENT\.venv\Lib\site-packages\redis\_parsers\resp3.py", line 80, in _read_response
    raise error
redis.exceptions.ConnectionError: max number of clients reached
[2026-10-03 19:59:10,441: WARNING/MainProcess] D:\RECOVER_AGENT\.venv\Lib\site-packages\celery\worker\consumer\consumer.py:397: CPendingDeprecationWarning: 
In Celery 5.1 we introduced an optional breaking change which
on connection loss cancels all currently executed tasks with late acknowledgement enabled.
These tasks cannot be acknowledged as the connection is gone, and the tasks are automatically redelivered
back to the queue. You can enable this behavior using the worker_cancel_long_running_tasks_on_connection_loss
setting. In Celery 5.1 it is set to False by default. The setting will be set to True by default in Celery 6.0.

  warnings.warn(CANCEL_TASKS_BY_DEFAULT, CPendingDeprecationWarning)

[2026-10-03 19:59:12,229: INFO/MainProcess] Connected to redis://default:**@whistle-agreement-immune-83193.db.redis.io:15296//
[2026-10-03 19:59:13,915: INFO/MainProcess] mingle: searching for neighbors
[2026-10-03 19:59:19,148: INFO/MainProcess] mingle: all alone
[2026-10-03 19:59:25,488: WARNING/MainProcess] consumer: Connection to broker lost. Trying to re-establish the connection...
Traceback (most recent call last):
  File "D:\RECOVER_AGENT\.venv\Lib\site-packages\celery\worker\consumer\consumer.py", line 346, in start
    blueprint.start(self)
  File "D:\RECOVER_AGENT\.venv\Lib\site-packages\celery\bootsteps.py", line 116, in start
    step.start(parent)
  File "D:\RECOVER_AGENT\.venv\Lib\site-packages\celery\worker\pidbox.py", line 53, in start
    self.consumer = self.node.listen(callback=self.on_message)
                    ^^^^^^^^^^^^^^^^^^^^^^^^^^^^^^^^^^^^^^^^^^
  File "D:\RECOVER_AGENT\.venv\Lib\site-packages\kombu\pidbox.py", line 89, in listen
    consumer = self.Consumer(channel=channel,
               ^^^^^^^^^^^^^^^^^^^^^^^^^^^^^^
  File "D:\RECOVER_AGENT\.venv\Lib\site-packages\kombu\pidbox.py", line 75, in Consumer
    return Consumer(
           ^^^^^^^^^
  File "D:\RECOVER_AGENT\.venv\Lib\site-packages\kombu\messaging.py", line 414, in __init__
    self.revive(self.channel)
  File "D:\RECOVER_AGENT\.venv\Lib\site-packages\kombu\messaging.py", line 436, in revive
    self.declare()
  File "D:\RECOVER_AGENT\.venv\Lib\site-packages\kombu\messaging.py", line 450, in declare
    queue.declare()
  File "D:\RECOVER_AGENT\.venv\Lib\site-packages\kombu\entity.py", line 617, in declare
    self._create_queue(nowait=nowait, channel=channel)
  File "D:\RECOVER_AGENT\.venv\Lib\site-packages\kombu\entity.py", line 626, in _create_queue
    self.queue_declare(nowait=nowait, passive=False, channel=channel)
  File "D:\RECOVER_AGENT\.venv\Lib\site-packages\kombu\entity.py", line 655, in queue_declare
    ret = channel.queue_declare(
          ^^^^^^^^^^^^^^^^^^^^^^
  File "D:\RECOVER_AGENT\.venv\Lib\site-packages\kombu\transport\virtual\base.py", line 538, in queue_declare
    return queue_declare_ok_t(queue, self._size(queue), 0)
                                     ^^^^^^^^^^^^^^^^^
  File "D:\RECOVER_AGENT\.venv\Lib\site-packages\kombu\transport\redis.py", line 1020, in _size
    sizes = pipe.execute()
            ^^^^^^^^^^^^^^
  File "D:\RECOVER_AGENT\.venv\Lib\site-packages\redis\client.py", line 2214, in execute
    conn = self.connection_pool.get_connection()
           ^^^^^^^^^^^^^^^^^^^^^^^^^^^^^^^^^^^^^
  File "D:\RECOVER_AGENT\.venv\Lib\site-packages\redis\utils.py", line 258, in wrapper
    return func(*args, **kwargs)
           ^^^^^^^^^^^^^^^^^^^^^
  File "D:\RECOVER_AGENT\.venv\Lib\site-packages\redis\connection.py", line 3273, in get_connection
    connection.connect()
  File "D:\RECOVER_AGENT\.venv\Lib\site-packages\redis\connection.py", line 1028, in connect
    self.retry.call_with_retry(
  File "D:\RECOVER_AGENT\.venv\Lib\site-packages\redis\retry.py", line 132, in call_with_retry
    raise error
  File "D:\RECOVER_AGENT\.venv\Lib\site-packages\redis\retry.py", line 120, in call_with_retry
    return do()
           ^^^^
  File "D:\RECOVER_AGENT\.venv\Lib\site-packages\redis\connection.py", line 1029, in <lambda>
    lambda: self.connect_check_health(
            ^^^^^^^^^^^^^^^^^^^^^^^^^^
  File "D:\RECOVER_AGENT\.venv\Lib\site-packages\redis\connection.py", line 1083, in connect_check_health
    self.on_connect_check_health(check_health=check_health)
  File "D:\RECOVER_AGENT\.venv\Lib\site-packages\redis\connection.py", line 1155, in on_connect_check_health
    self.handshake_metadata = self.read_response()
                              ^^^^^^^^^^^^^^^^^^^^
  File "D:\RECOVER_AGENT\.venv\Lib\site-packages\redis\connection.py", line 1407, in read_response
    response = self._parser.read_response(
               ^^^^^^^^^^^^^^^^^^^^^^^^^^^
  File "D:\RECOVER_AGENT\.venv\Lib\site-packages\redis\_parsers\resp3.py", line 40, in read_response
    result = self._read_response(
             ^^^^^^^^^^^^^^^^^^^^
  File "D:\RECOVER_AGENT\.venv\Lib\site-packages\redis\_parsers\resp3.py", line 80, in _read_response
    raise error
redis.exceptions.ConnectionError: max number of clients reached
[2026-10-03 19:59:25,983: WARNING/MainProcess] D:\RECOVER_AGENT\.venv\Lib\site-packages\celery\worker\consumer\consumer.py:397: CPendingDeprecationWarning: 
In Celery 5.1 we introduced an optional breaking change which
on connection loss cancels all currently executed tasks with late acknowledgement enabled.
These tasks cannot be acknowledged as the connection is gone, and the tasks are automatically redelivered
back to the queue. You can enable this behavior using the worker_cancel_long_running_tasks_on_connection_loss
setting. In Celery 5.1 it is set to False by default. The setting will be set to True by default in Celery 6.0.

  warnings.warn(CANCEL_TASKS_BY_DEFAULT, CPendingDeprecationWarning)

[2026-10-03 19:59:27,738: INFO/MainProcess] Connected to redis://default:**@whistle-agreement-immune-83193.db.redis.io:15296//
[2026-10-03 19:59:29,385: INFO/MainProcess] mingle: searching for neighbors
[2026-10-03 19:59:34,303: INFO/MainProcess] mingle: all alone
[2026-10-03 19:59:40,239: WARNING/MainProcess] consumer: Connection to broker lost. Trying to re-establish the connection...
Traceback (most recent call last):
  File "D:\RECOVER_AGENT\.venv\Lib\site-packages\celery\worker\consumer\consumer.py", line 346, in start
    blueprint.start(self)
  File "D:\RECOVER_AGENT\.venv\Lib\site-packages\celery\bootsteps.py", line 116, in start
    step.start(parent)
  File "D:\RECOVER_AGENT\.venv\Lib\site-packages\celery\worker\pidbox.py", line 53, in start
    self.consumer = self.node.listen(callback=self.on_message)
                    ^^^^^^^^^^^^^^^^^^^^^^^^^^^^^^^^^^^^^^^^^^
  File "D:\RECOVER_AGENT\.venv\Lib\site-packages\kombu\pidbox.py", line 89, in listen
    consumer = self.Consumer(channel=channel,
               ^^^^^^^^^^^^^^^^^^^^^^^^^^^^^^
  File "D:\RECOVER_AGENT\.venv\Lib\site-packages\kombu\pidbox.py", line 75, in Consumer
    return Consumer(
           ^^^^^^^^^
  File "D:\RECOVER_AGENT\.venv\Lib\site-packages\kombu\messaging.py", line 414, in __init__
    self.revive(self.channel)
  File "D:\RECOVER_AGENT\.venv\Lib\site-packages\kombu\messaging.py", line 436, in revive
    self.declare()
  File "D:\RECOVER_AGENT\.venv\Lib\site-packages\kombu\messaging.py", line 450, in declare
    queue.declare()
  File "D:\RECOVER_AGENT\.venv\Lib\site-packages\kombu\entity.py", line 617, in declare
    self._create_queue(nowait=nowait, channel=channel)
  File "D:\RECOVER_AGENT\.venv\Lib\site-packages\kombu\entity.py", line 626, in _create_queue
    self.queue_declare(nowait=nowait, passive=False, channel=channel)
  File "D:\RECOVER_AGENT\.venv\Lib\site-packages\kombu\entity.py", line 655, in queue_declare
    ret = channel.queue_declare(
          ^^^^^^^^^^^^^^^^^^^^^^
  File "D:\RECOVER_AGENT\.venv\Lib\site-packages\kombu\transport\virtual\base.py", line 538, in queue_declare
    return queue_declare_ok_t(queue, self._size(queue), 0)
                                     ^^^^^^^^^^^^^^^^^
  File "D:\RECOVER_AGENT\.venv\Lib\site-packages\kombu\transport\redis.py", line 1020, in _size
    sizes = pipe.execute()
            ^^^^^^^^^^^^^^
  File "D:\RECOVER_AGENT\.venv\Lib\site-packages\redis\client.py", line 2214, in execute
    conn = self.connection_pool.get_connection()
           ^^^^^^^^^^^^^^^^^^^^^^^^^^^^^^^^^^^^^
  File "D:\RECOVER_AGENT\.venv\Lib\site-packages\redis\utils.py", line 258, in wrapper
    return func(*args, **kwargs)
           ^^^^^^^^^^^^^^^^^^^^^
  File "D:\RECOVER_AGENT\.venv\Lib\site-packages\redis\connection.py", line 3273, in get_connection
    connection.connect()
  File "D:\RECOVER_AGENT\.venv\Lib\site-packages\redis\connection.py", line 1028, in connect
    self.retry.call_with_retry(
  File "D:\RECOVER_AGENT\.venv\Lib\site-packages\redis\retry.py", line 132, in call_with_retry
    raise error
  File "D:\RECOVER_AGENT\.venv\Lib\site-packages\redis\retry.py", line 120, in call_with_retry
    return do()
           ^^^^
  File "D:\RECOVER_AGENT\.venv\Lib\site-packages\redis\connection.py", line 1029, in <lambda>
    lambda: self.connect_check_health(
            ^^^^^^^^^^^^^^^^^^^^^^^^^^
  File "D:\RECOVER_AGENT\.venv\Lib\site-packages\redis\connection.py", line 1083, in connect_check_health
    self.on_connect_check_health(check_health=check_health)
  File "D:\RECOVER_AGENT\.venv\Lib\site-packages\redis\connection.py", line 1155, in on_connect_check_health
    self.handshake_metadata = self.read_response()
                              ^^^^^^^^^^^^^^^^^^^^
  File "D:\RECOVER_AGENT\.venv\Lib\site-packages\redis\connection.py", line 1407, in read_response
    response = self._parser.read_response(
               ^^^^^^^^^^^^^^^^^^^^^^^^^^^
  File "D:\RECOVER_AGENT\.venv\Lib\site-packages\redis\_parsers\resp3.py", line 40, in read_response
    result = self._read_response(
             ^^^^^^^^^^^^^^^^^^^^
  File "D:\RECOVER_AGENT\.venv\Lib\site-packages\redis\_parsers\resp3.py", line 80, in _read_response
    raise error
redis.exceptions.ConnectionError: max number of clients reached
[2026-10-03 19:59:40,738: WARNING/MainProcess] D:\RECOVER_AGENT\.venv\Lib\site-packages\celery\worker\consumer\consumer.py:397: CPendingDeprecationWarning: 
In Celery 5.1 we introduced an optional breaking change which
on connection loss cancels all currently executed tasks with late acknowledgement enabled.
These tasks cannot be acknowledged as the connection is gone, and the tasks are automatically redelivered
back to the queue. You can enable this behavior using the worker_cancel_long_running_tasks_on_connection_loss
setting. In Celery 5.1 it is set to False by default. The setting will be set to True by default in Celery 6.0.

  warnings.warn(CANCEL_TASKS_BY_DEFAULT, CPendingDeprecationWarning)

[2026-10-03 19:59:42,417: INFO/MainProcess] Connected to redis://default:**@whistle-agreement-immune-83193.db.redis.io:15296//
[2026-10-03 19:59:44,055: INFO/MainProcess] mingle: searching for neighbors
[2026-10-03 19:59:48,720: INFO/MainProcess] mingle: all alone
[2026-10-03 19:59:54,271: WARNING/MainProcess] consumer: Connection to broker lost. Trying to re-establish the connection...
Traceback (most recent call last):
  File "D:\RECOVER_AGENT\.venv\Lib\site-packages\celery\worker\consumer\consumer.py", line 346, in start
    blueprint.start(self)
  File "D:\RECOVER_AGENT\.venv\Lib\site-packages\celery\bootsteps.py", line 116, in start
    step.start(parent)
  File "D:\RECOVER_AGENT\.venv\Lib\site-packages\celery\worker\pidbox.py", line 53, in start
    self.consumer = self.node.listen(callback=self.on_message)
                    ^^^^^^^^^^^^^^^^^^^^^^^^^^^^^^^^^^^^^^^^^^
  File "D:\RECOVER_AGENT\.venv\Lib\site-packages\kombu\pidbox.py", line 89, in listen
    consumer = self.Consumer(channel=channel,
               ^^^^^^^^^^^^^^^^^^^^^^^^^^^^^^
  File "D:\RECOVER_AGENT\.venv\Lib\site-packages\kombu\pidbox.py", line 75, in Consumer
    return Consumer(
           ^^^^^^^^^
  File "D:\RECOVER_AGENT\.venv\Lib\site-packages\kombu\messaging.py", line 414, in __init__
    self.revive(self.channel)
  File "D:\RECOVER_AGENT\.venv\Lib\site-packages\kombu\messaging.py", line 436, in revive
    self.declare()
  File "D:\RECOVER_AGENT\.venv\Lib\site-packages\kombu\messaging.py", line 450, in declare
    queue.declare()
  File "D:\RECOVER_AGENT\.venv\Lib\site-packages\kombu\entity.py", line 617, in declare
    self._create_queue(nowait=nowait, channel=channel)
  File "D:\RECOVER_AGENT\.venv\Lib\site-packages\kombu\entity.py", line 626, in _create_queue
    self.queue_declare(nowait=nowait, passive=False, channel=channel)
  File "D:\RECOVER_AGENT\.venv\Lib\site-packages\kombu\entity.py", line 655, in queue_declare
    ret = channel.queue_declare(
          ^^^^^^^^^^^^^^^^^^^^^^
  File "D:\RECOVER_AGENT\.venv\Lib\site-packages\kombu\transport\virtual\base.py", line 538, in queue_declare
    return queue_declare_ok_t(queue, self._size(queue), 0)
                                     ^^^^^^^^^^^^^^^^^
  File "D:\RECOVER_AGENT\.venv\Lib\site-packages\kombu\transport\redis.py", line 1020, in _size
    sizes = pipe.execute()
            ^^^^^^^^^^^^^^
  File "D:\RECOVER_AGENT\.venv\Lib\site-packages\redis\client.py", line 2214, in execute
    conn = self.connection_pool.get_connection()
           ^^^^^^^^^^^^^^^^^^^^^^^^^^^^^^^^^^^^^
  File "D:\RECOVER_AGENT\.venv\Lib\site-packages\redis\utils.py", line 258, in wrapper
    return func(*args, **kwargs)
           ^^^^^^^^^^^^^^^^^^^^^
  File "D:\RECOVER_AGENT\.venv\Lib\site-packages\redis\connection.py", line 3273, in get_connection
    connection.connect()
  File "D:\RECOVER_AGENT\.venv\Lib\site-packages\redis\connection.py", line 1028, in connect
    self.retry.call_with_retry(
  File "D:\RECOVER_AGENT\.venv\Lib\site-packages\redis\retry.py", line 132, in call_with_retry
    raise error
  File "D:\RECOVER_AGENT\.venv\Lib\site-packages\redis\retry.py", line 120, in call_with_retry
    return do()
           ^^^^
  File "D:\RECOVER_AGENT\.venv\Lib\site-packages\redis\connection.py", line 1029, in <lambda>
    lambda: self.connect_check_health(
            ^^^^^^^^^^^^^^^^^^^^^^^^^^
  File "D:\RECOVER_AGENT\.venv\Lib\site-packages\redis\connection.py", line 1083, in connect_check_health
    self.on_connect_check_health(check_health=check_health)
  File "D:\RECOVER_AGENT\.venv\Lib\site-packages\redis\connection.py", line 1155, in on_connect_check_health
    self.handshake_metadata = self.read_response()
                              ^^^^^^^^^^^^^^^^^^^^
  File "D:\RECOVER_AGENT\.venv\Lib\site-packages\redis\connection.py", line 1407, in read_response
    response = self._parser.read_response(
               ^^^^^^^^^^^^^^^^^^^^^^^^^^^
  File "D:\RECOVER_AGENT\.venv\Lib\site-packages\redis\_parsers\resp3.py", line 40, in read_response
    result = self._read_response(
             ^^^^^^^^^^^^^^^^^^^^
  File "D:\RECOVER_AGENT\.venv\Lib\site-packages\redis\_parsers\resp3.py", line 80, in _read_response
    raise error
redis.exceptions.ConnectionError: max number of clients reached
[2026-10-03 19:59:54,766: WARNING/MainProcess] D:\RECOVER_AGENT\.venv\Lib\site-packages\celery\worker\consumer\consumer.py:397: CPendingDeprecationWarning: 
In Celery 5.1 we introduced an optional breaking change which
on connection loss cancels all currently executed tasks with late acknowledgement enabled.
These tasks cannot be acknowledged as the connection is gone, and the tasks are automatically redelivered
back to the queue. You can enable this behavior using the worker_cancel_long_running_tasks_on_connection_loss
setting. In Celery 5.1 it is set to False by default. The setting will be set to True by default in Celery 6.0.

  warnings.warn(CANCEL_TASKS_BY_DEFAULT, CPendingDeprecationWarning)

[2026-10-03 19:59:56,213: INFO/MainProcess] Connected to redis://default:**@whistle-agreement-immune-83193.db.redis.io:15296//
[2026-10-03 19:59:57,611: INFO/MainProcess] mingle: searching for neighbors
[2026-10-03 20:00:02,272: INFO/MainProcess] mingle: all alone
[2026-10-03 20:00:08,213: WARNING/MainProcess] consumer: Connection to broker lost. Trying to re-establish the connection...
Traceback (most recent call last):
  File "D:\RECOVER_AGENT\.venv\Lib\site-packages\celery\worker\consumer\consumer.py", line 346, in start
    blueprint.start(self)
  File "D:\RECOVER_AGENT\.venv\Lib\site-packages\celery\bootsteps.py", line 116, in start
    step.start(parent)
  File "D:\RECOVER_AGENT\.venv\Lib\site-packages\celery\worker\pidbox.py", line 53, in start
    self.consumer = self.node.listen(callback=self.on_message)
                    ^^^^^^^^^^^^^^^^^^^^^^^^^^^^^^^^^^^^^^^^^^
  File "D:\RECOVER_AGENT\.venv\Lib\site-packages\kombu\pidbox.py", line 89, in listen
    consumer = self.Consumer(channel=channel,
               ^^^^^^^^^^^^^^^^^^^^^^^^^^^^^^
  File "D:\RECOVER_AGENT\.venv\Lib\site-packages\kombu\pidbox.py", line 75, in Consumer
    return Consumer(
           ^^^^^^^^^
  File "D:\RECOVER_AGENT\.venv\Lib\site-packages\kombu\messaging.py", line 414, in __init__
    self.revive(self.channel)
  File "D:\RECOVER_AGENT\.venv\Lib\site-packages\kombu\messaging.py", line 436, in revive
    self.declare()
  File "D:\RECOVER_AGENT\.venv\Lib\site-packages\kombu\messaging.py", line 450, in declare
    queue.declare()
  File "D:\RECOVER_AGENT\.venv\Lib\site-packages\kombu\entity.py", line 617, in declare
    self._create_queue(nowait=nowait, channel=channel)
  File "D:\RECOVER_AGENT\.venv\Lib\site-packages\kombu\entity.py", line 626, in _create_queue
    self.queue_declare(nowait=nowait, passive=False, channel=channel)
  File "D:\RECOVER_AGENT\.venv\Lib\site-packages\kombu\entity.py", line 655, in queue_declare
    ret = channel.queue_declare(
          ^^^^^^^^^^^^^^^^^^^^^^
  File "D:\RECOVER_AGENT\.venv\Lib\site-packages\kombu\transport\virtual\base.py", line 538, in queue_declare
    return queue_declare_ok_t(queue, self._size(queue), 0)
                                     ^^^^^^^^^^^^^^^^^
  File "D:\RECOVER_AGENT\.venv\Lib\site-packages\kombu\transport\redis.py", line 1020, in _size
    sizes = pipe.execute()
            ^^^^^^^^^^^^^^
  File "D:\RECOVER_AGENT\.venv\Lib\site-packages\redis\client.py", line 2214, in execute
    conn = self.connection_pool.get_connection()
           ^^^^^^^^^^^^^^^^^^^^^^^^^^^^^^^^^^^^^
  File "D:\RECOVER_AGENT\.venv\Lib\site-packages\redis\utils.py", line 258, in wrapper
    return func(*args, **kwargs)
           ^^^^^^^^^^^^^^^^^^^^^
  File "D:\RECOVER_AGENT\.venv\Lib\site-packages\redis\connection.py", line 3273, in get_connection
    connection.connect()
  File "D:\RECOVER_AGENT\.venv\Lib\site-packages\redis\connection.py", line 1028, in connect
    self.retry.call_with_retry(
  File "D:\RECOVER_AGENT\.venv\Lib\site-packages\redis\retry.py", line 132, in call_with_retry
    raise error
  File "D:\RECOVER_AGENT\.venv\Lib\site-packages\redis\retry.py", line 120, in call_with_retry
    return do()
           ^^^^
  File "D:\RECOVER_AGENT\.venv\Lib\site-packages\redis\connection.py", line 1029, in <lambda>
    lambda: self.connect_check_health(
            ^^^^^^^^^^^^^^^^^^^^^^^^^^
  File "D:\RECOVER_AGENT\.venv\Lib\site-packages\redis\connection.py", line 1083, in connect_check_health
    self.on_connect_check_health(check_health=check_health)
  File "D:\RECOVER_AGENT\.venv\Lib\site-packages\redis\connection.py", line 1155, in on_connect_check_health
    self.handshake_metadata = self.read_response()
                              ^^^^^^^^^^^^^^^^^^^^
  File "D:\RECOVER_AGENT\.venv\Lib\site-packages\redis\connection.py", line 1407, in read_response
    response = self._parser.read_response(
               ^^^^^^^^^^^^^^^^^^^^^^^^^^^
  File "D:\RECOVER_AGENT\.venv\Lib\site-packages\redis\_parsers\resp3.py", line 40, in read_response
    result = self._read_response(
             ^^^^^^^^^^^^^^^^^^^^
  File "D:\RECOVER_AGENT\.venv\Lib\site-packages\redis\_parsers\resp3.py", line 80, in _read_response
    raise error
redis.exceptions.ConnectionError: max number of clients reached
[2026-10-03 20:00:08,778: WARNING/MainProcess] D:\RECOVER_AGENT\.venv\Lib\site-packages\celery\worker\consumer\consumer.py:397: CPendingDeprecationWarning: 
In Celery 5.1 we introduced an optional breaking change which
on connection loss cancels all currently executed tasks with late acknowledgement enabled.
These tasks cannot be acknowledged as the connection is gone, and the tasks are automatically redelivered
back to the queue. You can enable this behavior using the worker_cancel_long_running_tasks_on_connection_loss
setting. In Celery 5.1 it is set to False by default. The setting will be set to True by default in Celery 6.0.

  warnings.warn(CANCEL_TASKS_BY_DEFAULT, CPendingDeprecationWarning)

[2026-10-03 20:00:10,808: INFO/MainProcess] Connected to redis://default:**@whistle-agreement-immune-83193.db.redis.io:15296//
[2026-10-03 20:00:12,461: INFO/MainProcess] mingle: searching for neighbors
[2026-10-03 20:00:17,554: INFO/MainProcess] mingle: all alone
[2026-10-03 20:00:23,966: WARNING/MainProcess] consumer: Connection to broker lost. Trying to re-establish the connection...
Traceback (most recent call last):
  File "D:\RECOVER_AGENT\.venv\Lib\site-packages\celery\worker\consumer\consumer.py", line 346, in start
    blueprint.start(self)
  File "D:\RECOVER_AGENT\.venv\Lib\site-packages\celery\bootsteps.py", line 116, in start
    step.start(parent)
  File "D:\RECOVER_AGENT\.venv\Lib\site-packages\celery\worker\pidbox.py", line 53, in start
    self.consumer = self.node.listen(callback=self.on_message)
                    ^^^^^^^^^^^^^^^^^^^^^^^^^^^^^^^^^^^^^^^^^^
  File "D:\RECOVER_AGENT\.venv\Lib\site-packages\kombu\pidbox.py", line 89, in listen
    consumer = self.Consumer(channel=channel,
               ^^^^^^^^^^^^^^^^^^^^^^^^^^^^^^
  File "D:\RECOVER_AGENT\.venv\Lib\site-packages\kombu\pidbox.py", line 75, in Consumer
    return Consumer(
           ^^^^^^^^^
  File "D:\RECOVER_AGENT\.venv\Lib\site-packages\kombu\messaging.py", line 414, in __init__
    self.revive(self.channel)
  File "D:\RECOVER_AGENT\.venv\Lib\site-packages\kombu\messaging.py", line 436, in revive
    self.declare()
  File "D:\RECOVER_AGENT\.venv\Lib\site-packages\kombu\messaging.py", line 450, in declare
    queue.declare()
  File "D:\RECOVER_AGENT\.venv\Lib\site-packages\kombu\entity.py", line 617, in declare
    self._create_queue(nowait=nowait, channel=channel)
  File "D:\RECOVER_AGENT\.venv\Lib\site-packages\kombu\entity.py", line 626, in _create_queue
    self.queue_declare(nowait=nowait, passive=False, channel=channel)
  File "D:\RECOVER_AGENT\.venv\Lib\site-packages\kombu\entity.py", line 655, in queue_declare
    ret = channel.queue_declare(
          ^^^^^^^^^^^^^^^^^^^^^^
  File "D:\RECOVER_AGENT\.venv\Lib\site-packages\kombu\transport\virtual\base.py", line 538, in queue_declare
    return queue_declare_ok_t(queue, self._size(queue), 0)
                                     ^^^^^^^^^^^^^^^^^
  File "D:\RECOVER_AGENT\.venv\Lib\site-packages\kombu\transport\redis.py", line 1020, in _size
    sizes = pipe.execute()
            ^^^^^^^^^^^^^^
  File "D:\RECOVER_AGENT\.venv\Lib\site-packages\redis\client.py", line 2214, in execute
    conn = self.connection_pool.get_connection()
           ^^^^^^^^^^^^^^^^^^^^^^^^^^^^^^^^^^^^^
  File "D:\RECOVER_AGENT\.venv\Lib\site-packages\redis\utils.py", line 258, in wrapper
    return func(*args, **kwargs)
           ^^^^^^^^^^^^^^^^^^^^^
  File "D:\RECOVER_AGENT\.venv\Lib\site-packages\redis\connection.py", line 3273, in get_connection
    connection.connect()
  File "D:\RECOVER_AGENT\.venv\Lib\site-packages\redis\connection.py", line 1028, in connect
    self.retry.call_with_retry(
  File "D:\RECOVER_AGENT\.venv\Lib\site-packages\redis\retry.py", line 132, in call_with_retry
    raise error
  File "D:\RECOVER_AGENT\.venv\Lib\site-packages\redis\retry.py", line 120, in call_with_retry
    return do()
           ^^^^
  File "D:\RECOVER_AGENT\.venv\Lib\site-packages\redis\connection.py", line 1029, in <lambda>
    lambda: self.connect_check_health(
            ^^^^^^^^^^^^^^^^^^^^^^^^^^
  File "D:\RECOVER_AGENT\.venv\Lib\site-packages\redis\connection.py", line 1083, in connect_check_health
    self.on_connect_check_health(check_health=check_health)
  File "D:\RECOVER_AGENT\.venv\Lib\site-packages\redis\connection.py", line 1155, in on_connect_check_health
    self.handshake_metadata = self.read_response()
                              ^^^^^^^^^^^^^^^^^^^^
  File "D:\RECOVER_AGENT\.venv\Lib\site-packages\redis\connection.py", line 1407, in read_response
    response = self._parser.read_response(
               ^^^^^^^^^^^^^^^^^^^^^^^^^^^
  File "D:\RECOVER_AGENT\.venv\Lib\site-packages\redis\_parsers\resp3.py", line 40, in read_response
    result = self._read_response(
             ^^^^^^^^^^^^^^^^^^^^
  File "D:\RECOVER_AGENT\.venv\Lib\site-packages\redis\_parsers\resp3.py", line 80, in _read_response
    raise error
redis.exceptions.ConnectionError: max number of clients reached
[2026-10-03 20:00:23,970: WARNING/MainProcess] Requeuing undeliverable message for queue '3c42ecfd-38e5-3a89-832f-ce721d1d3ed1.reply.celery.pidbox': No consumers.
[2026-10-03 20:00:25,389: CRITICAL/MainProcess] Could not restore message: {'body': 'eyJjZWxlcnlATEFQVE9QLTM2TkpDMU9RIjogbnVsbH0=', 'content-encoding': 'utf-8', 'content-type': 'application/json', 'headers': {'ticket': '5f2dd0df-2b84-4e57-a6b8-25287c0bf4d4', 'clock': 113, 'redelivered': True}, 'properties': {'delivery_mode': 1, 'delivery_info': {'exchange': 'reply.celery.pidbox', 'routing_key': '3c42ecfd-38e5-3a89-832f-ce721d1d3ed1', 'redelivered': True}, 'priority': 0, 'body_encoding': 'base64', 'delivery_tag': '3a6ce45d-2a6b-4160-97ba-088b444239f6'}}
Traceback (most recent call last):
  File "D:\RECOVER_AGENT\.venv\Lib\site-packages\celery\worker\consumer\consumer.py", line 346, in start
    blueprint.start(self)
  File "D:\RECOVER_AGENT\.venv\Lib\site-packages\celery\bootsteps.py", line 116, in start
    step.start(parent)
  File "D:\RECOVER_AGENT\.venv\Lib\site-packages\celery\worker\pidbox.py", line 53, in start
    self.consumer = self.node.listen(callback=self.on_message)
                    ^^^^^^^^^^^^^^^^^^^^^^^^^^^^^^^^^^^^^^^^^^
  File "D:\RECOVER_AGENT\.venv\Lib\site-packages\kombu\pidbox.py", line 89, in listen
    consumer = self.Consumer(channel=channel,
               ^^^^^^^^^^^^^^^^^^^^^^^^^^^^^^
  File "D:\RECOVER_AGENT\.venv\Lib\site-packages\kombu\pidbox.py", line 75, in Consumer
    return Consumer(
           ^^^^^^^^^
  File "D:\RECOVER_AGENT\.venv\Lib\site-packages\kombu\messaging.py", line 414, in __init__
    self.revive(self.channel)
  File "D:\RECOVER_AGENT\.venv\Lib\site-packages\kombu\messaging.py", line 436, in revive
    self.declare()
  File "D:\RECOVER_AGENT\.venv\Lib\site-packages\kombu\messaging.py", line 450, in declare
    queue.declare()
  File "D:\RECOVER_AGENT\.venv\Lib\site-packages\kombu\entity.py", line 617, in declare
    self._create_queue(nowait=nowait, channel=channel)
  File "D:\RECOVER_AGENT\.venv\Lib\site-packages\kombu\entity.py", line 626, in _create_queue
    self.queue_declare(nowait=nowait, passive=False, channel=channel)
  File "D:\RECOVER_AGENT\.venv\Lib\site-packages\kombu\entity.py", line 655, in queue_declare
    ret = channel.queue_declare(
          ^^^^^^^^^^^^^^^^^^^^^^
  File "D:\RECOVER_AGENT\.venv\Lib\site-packages\kombu\transport\virtual\base.py", line 538, in queue_declare
    return queue_declare_ok_t(queue, self._size(queue), 0)
                                     ^^^^^^^^^^^^^^^^^
  File "D:\RECOVER_AGENT\.venv\Lib\site-packages\kombu\transport\redis.py", line 1020, in _size
    sizes = pipe.execute()
            ^^^^^^^^^^^^^^
  File "D:\RECOVER_AGENT\.venv\Lib\site-packages\redis\client.py", line 2214, in execute
    conn = self.connection_pool.get_connection()
           ^^^^^^^^^^^^^^^^^^^^^^^^^^^^^^^^^^^^^
  File "D:\RECOVER_AGENT\.venv\Lib\site-packages\redis\utils.py", line 258, in wrapper
    return func(*args, **kwargs)
           ^^^^^^^^^^^^^^^^^^^^^
  File "D:\RECOVER_AGENT\.venv\Lib\site-packages\redis\connection.py", line 3273, in get_connection
    connection.connect()
  File "D:\RECOVER_AGENT\.venv\Lib\site-packages\redis\connection.py", line 1028, in connect
    self.retry.call_with_retry(
  File "D:\RECOVER_AGENT\.venv\Lib\site-packages\redis\retry.py", line 132, in call_with_retry
    raise error
  File "D:\RECOVER_AGENT\.venv\Lib\site-packages\redis\retry.py", line 120, in call_with_retry
    return do()
           ^^^^
  File "D:\RECOVER_AGENT\.venv\Lib\site-packages\redis\connection.py", line 1029, in <lambda>
    lambda: self.connect_check_health(
            ^^^^^^^^^^^^^^^^^^^^^^^^^^
  File "D:\RECOVER_AGENT\.venv\Lib\site-packages\redis\connection.py", line 1083, in connect_check_health
    self.on_connect_check_health(check_health=check_health)
  File "D:\RECOVER_AGENT\.venv\Lib\site-packages\redis\connection.py", line 1155, in on_connect_check_health
    self.handshake_metadata = self.read_response()
                              ^^^^^^^^^^^^^^^^^^^^
  File "D:\RECOVER_AGENT\.venv\Lib\site-packages\redis\connection.py", line 1407, in read_response
    response = self._parser.read_response(
               ^^^^^^^^^^^^^^^^^^^^^^^^^^^
  File "D:\RECOVER_AGENT\.venv\Lib\site-packages\redis\_parsers\resp3.py", line 40, in read_response
    result = self._read_response(
             ^^^^^^^^^^^^^^^^^^^^
  File "D:\RECOVER_AGENT\.venv\Lib\site-packages\redis\_parsers\resp3.py", line 80, in _read_response
    raise error
redis.exceptions.ConnectionError: max number of clients reached

During handling of the above exception, another exception occurred:

Traceback (most recent call last):
  File "D:\RECOVER_AGENT\.venv\Lib\site-packages\kombu\connection.py", line 381, in collect
    gc_transport = self._transport._collect
                   ^^^^^^^^^^^^^^^^^^^^^^^^
AttributeError: 'Transport' object has no attribute '_collect'

During handling of the above exception, another exception occurred:

Traceback (most recent call last):
  File "D:\RECOVER_AGENT\.venv\Lib\site-packages\kombu\transport\virtual\base.py", line 1012, in _deliver
    callback = self._callbacks[queue]
               ~~~~~~~~~~~~~~~^^^^^^^
KeyError: '3c42ecfd-38e5-3a89-832f-ce721d1d3ed1.reply.celery.pidbox'

During handling of the above exception, another exception occurred:

Traceback (most recent call last):
  File "D:\RECOVER_AGENT\.venv\Lib\site-packages\kombu\transport\redis.py", line 804, in _do_restore_message
    for queue in self._lookup(exchange, routing_key):
                 ^^^^^^^^^^^^^^^^^^^^^^^^^^^^^^^^^^^
  File "D:\RECOVER_AGENT\.venv\Lib\site-packages\kombu\transport\virtual\base.py", line 722, in _lookup
    self.get_table(exchange),
    ^^^^^^^^^^^^^^^^^^^^^^^^
  File "D:\RECOVER_AGENT\.venv\Lib\site-packages\kombu\transport\redis.py", line 1087, in get_table
    values = client.smembers(key)
             ^^^^^^^^^^^^^^^^^^^^
  File "D:\RECOVER_AGENT\.venv\Lib\site-packages\redis\commands\core.py", line 6672, in smembers
    return self.execute_command("SMEMBERS", name, keys=[name])
           ^^^^^^^^^^^^^^^^^^^^^^^^^^^^^^^^^^^^^^^^^^^^^^^^^^^
  File "D:\RECOVER_AGENT\.venv\Lib\site-packages\redis\client.py", line 867, in execute_command
    return self._execute_command(*args, **options)
           ^^^^^^^^^^^^^^^^^^^^^^^^^^^^^^^^^^^^^^^
  File "D:\RECOVER_AGENT\.venv\Lib\site-packages\redis\client.py", line 873, in _execute_command
    conn = self.connection or pool.get_connection()
                              ^^^^^^^^^^^^^^^^^^^^^
  File "D:\RECOVER_AGENT\.venv\Lib\site-packages\redis\utils.py", line 258, in wrapper
    return func(*args, **kwargs)
           ^^^^^^^^^^^^^^^^^^^^^
  File "D:\RECOVER_AGENT\.venv\Lib\site-packages\redis\connection.py", line 3273, in get_connection
    connection.connect()
  File "D:\RECOVER_AGENT\.venv\Lib\site-packages\redis\connection.py", line 1028, in connect
    self.retry.call_with_retry(
  File "D:\RECOVER_AGENT\.venv\Lib\site-packages\redis\retry.py", line 132, in call_with_retry
    raise error
  File "D:\RECOVER_AGENT\.venv\Lib\site-packages\redis\retry.py", line 120, in call_with_retry
    return do()
           ^^^^
  File "D:\RECOVER_AGENT\.venv\Lib\site-packages\redis\connection.py", line 1029, in <lambda>
    lambda: self.connect_check_health(
            ^^^^^^^^^^^^^^^^^^^^^^^^^^
  File "D:\RECOVER_AGENT\.venv\Lib\site-packages\redis\connection.py", line 1083, in connect_check_health
    self.on_connect_check_health(check_health=check_health)
  File "D:\RECOVER_AGENT\.venv\Lib\site-packages\redis\connection.py", line 1155, in on_connect_check_health
    self.handshake_metadata = self.read_response()
                              ^^^^^^^^^^^^^^^^^^^^
  File "D:\RECOVER_AGENT\.venv\Lib\site-packages\redis\connection.py", line 1407, in read_response
    response = self._parser.read_response(
               ^^^^^^^^^^^^^^^^^^^^^^^^^^^
  File "D:\RECOVER_AGENT\.venv\Lib\site-packages\redis\_parsers\resp3.py", line 40, in read_response
    result = self._read_response(
             ^^^^^^^^^^^^^^^^^^^^
  File "D:\RECOVER_AGENT\.venv\Lib\site-packages\redis\_parsers\resp3.py", line 80, in _read_response
    raise error
redis.exceptions.ConnectionError: max number of clients reached
[2026-10-03 20:00:26,245: WARNING/MainProcess] D:\RECOVER_AGENT\.venv\Lib\site-packages\celery\worker\consumer\consumer.py:397: CPendingDeprecationWarning: 
In Celery 5.1 we introduced an optional breaking change which
on connection loss cancels all currently executed tasks with late acknowledgement enabled.
These tasks cannot be acknowledged as the connection is gone, and the tasks are automatically redelivered
back to the queue. You can enable this behavior using the worker_cancel_long_running_tasks_on_connection_loss
setting. In Celery 5.1 it is set to False by default. The setting will be set to True by default in Celery 6.0.

  warnings.warn(CANCEL_TASKS_BY_DEFAULT, CPendingDeprecationWarning)

[2026-10-03 20:00:27,885: INFO/MainProcess] Connected to redis://default:**@whistle-agreement-immune-83193.db.redis.io:15296//
[2026-10-03 20:00:29,589: INFO/MainProcess] mingle: searching for neighbors
[2026-10-03 20:00:33,976: INFO/MainProcess] mingle: all alone
[2026-10-03 20:00:39,964: WARNING/MainProcess] consumer: Connection to broker lost. Trying to re-establish the connection...
Traceback (most recent call last):
  File "D:\RECOVER_AGENT\.venv\Lib\site-packages\celery\worker\consumer\consumer.py", line 346, in start
    blueprint.start(self)
  File "D:\RECOVER_AGENT\.venv\Lib\site-packages\celery\bootsteps.py", line 116, in start
    step.start(parent)
  File "D:\RECOVER_AGENT\.venv\Lib\site-packages\celery\worker\pidbox.py", line 53, in start
    self.consumer = self.node.listen(callback=self.on_message)
                    ^^^^^^^^^^^^^^^^^^^^^^^^^^^^^^^^^^^^^^^^^^
  File "D:\RECOVER_AGENT\.venv\Lib\site-packages\kombu\pidbox.py", line 89, in listen
    consumer = self.Consumer(channel=channel,
               ^^^^^^^^^^^^^^^^^^^^^^^^^^^^^^
  File "D:\RECOVER_AGENT\.venv\Lib\site-packages\kombu\pidbox.py", line 75, in Consumer
    return Consumer(
           ^^^^^^^^^
  File "D:\RECOVER_AGENT\.venv\Lib\site-packages\kombu\messaging.py", line 414, in __init__
    self.revive(self.channel)
  File "D:\RECOVER_AGENT\.venv\Lib\site-packages\kombu\messaging.py", line 436, in revive
    self.declare()
  File "D:\RECOVER_AGENT\.venv\Lib\site-packages\kombu\messaging.py", line 450, in declare
    queue.declare()
  File "D:\RECOVER_AGENT\.venv\Lib\site-packages\kombu\entity.py", line 617, in declare
    self._create_queue(nowait=nowait, channel=channel)
  File "D:\RECOVER_AGENT\.venv\Lib\site-packages\kombu\entity.py", line 626, in _create_queue
    self.queue_declare(nowait=nowait, passive=False, channel=channel)
  File "D:\RECOVER_AGENT\.venv\Lib\site-packages\kombu\entity.py", line 655, in queue_declare
    ret = channel.queue_declare(
          ^^^^^^^^^^^^^^^^^^^^^^
  File "D:\RECOVER_AGENT\.venv\Lib\site-packages\kombu\transport\virtual\base.py", line 538, in queue_declare
    return queue_declare_ok_t(queue, self._size(queue), 0)
                                     ^^^^^^^^^^^^^^^^^
  File "D:\RECOVER_AGENT\.venv\Lib\site-packages\kombu\transport\redis.py", line 1020, in _size
    sizes = pipe.execute()
            ^^^^^^^^^^^^^^
  File "D:\RECOVER_AGENT\.venv\Lib\site-packages\redis\client.py", line 2214, in execute
    conn = self.connection_pool.get_connection()
           ^^^^^^^^^^^^^^^^^^^^^^^^^^^^^^^^^^^^^
  File "D:\RECOVER_AGENT\.venv\Lib\site-packages\redis\utils.py", line 258, in wrapper
    return func(*args, **kwargs)
           ^^^^^^^^^^^^^^^^^^^^^
  File "D:\RECOVER_AGENT\.venv\Lib\site-packages\redis\connection.py", line 3273, in get_connection
    connection.connect()
  File "D:\RECOVER_AGENT\.venv\Lib\site-packages\redis\connection.py", line 1028, in connect
    self.retry.call_with_retry(
  File "D:\RECOVER_AGENT\.venv\Lib\site-packages\redis\retry.py", line 132, in call_with_retry
    raise error
  File "D:\RECOVER_AGENT\.venv\Lib\site-packages\redis\retry.py", line 120, in call_with_retry
    return do()
           ^^^^
  File "D:\RECOVER_AGENT\.venv\Lib\site-packages\redis\connection.py", line 1029, in <lambda>
    lambda: self.connect_check_health(
            ^^^^^^^^^^^^^^^^^^^^^^^^^^
  File "D:\RECOVER_AGENT\.venv\Lib\site-packages\redis\connection.py", line 1083, in connect_check_health
    self.on_connect_check_health(check_health=check_health)
  File "D:\RECOVER_AGENT\.venv\Lib\site-packages\redis\connection.py", line 1155, in on_connect_check_health
    self.handshake_metadata = self.read_response()
                              ^^^^^^^^^^^^^^^^^^^^
  File "D:\RECOVER_AGENT\.venv\Lib\site-packages\redis\connection.py", line 1407, in read_response
    response = self._parser.read_response(
               ^^^^^^^^^^^^^^^^^^^^^^^^^^^
  File "D:\RECOVER_AGENT\.venv\Lib\site-packages\redis\_parsers\resp3.py", line 40, in read_response
    result = self._read_response(
             ^^^^^^^^^^^^^^^^^^^^
  File "D:\RECOVER_AGENT\.venv\Lib\site-packages\redis\_parsers\resp3.py", line 80, in _read_response
    raise error
redis.exceptions.ConnectionError: max number of clients reached
[2026-10-03 20:00:40,528: WARNING/MainProcess] D:\RECOVER_AGENT\.venv\Lib\site-packages\celery\worker\consumer\consumer.py:397: CPendingDeprecationWarning: 
In Celery 5.1 we introduced an optional breaking change which
on connection loss cancels all currently executed tasks with late acknowledgement enabled.
These tasks cannot be acknowledged as the connection is gone, and the tasks are automatically redelivered
back to the queue. You can enable this behavior using the worker_cancel_long_running_tasks_on_connection_loss
setting. In Celery 5.1 it is set to False by default. The setting will be set to True by default in Celery 6.0.

  warnings.warn(CANCEL_TASKS_BY_DEFAULT, CPendingDeprecationWarning)

[2026-10-03 20:00:42,265: INFO/MainProcess] Connected to redis://default:**@whistle-agreement-immune-83193.db.redis.io:15296//
[2026-10-03 20:00:44,007: INFO/MainProcess] mingle: searching for neighbors
[2026-10-03 20:00:49,227: INFO/MainProcess] mingle: all alone
[2026-10-03 20:00:54,918: WARNING/MainProcess] consumer: Connection to broker lost. Trying to re-establish the connection...
Traceback (most recent call last):
  File "D:\RECOVER_AGENT\.venv\Lib\site-packages\celery\worker\consumer\consumer.py", line 346, in start
    blueprint.start(self)
  File "D:\RECOVER_AGENT\.venv\Lib\site-packages\celery\bootsteps.py", line 116, in start
    step.start(parent)
  File "D:\RECOVER_AGENT\.venv\Lib\site-packages\celery\worker\pidbox.py", line 53, in start
    self.consumer = self.node.listen(callback=self.on_message)
                    ^^^^^^^^^^^^^^^^^^^^^^^^^^^^^^^^^^^^^^^^^^
  File "D:\RECOVER_AGENT\.venv\Lib\site-packages\kombu\pidbox.py", line 89, in listen
    consumer = self.Consumer(channel=channel,
               ^^^^^^^^^^^^^^^^^^^^^^^^^^^^^^
  File "D:\RECOVER_AGENT\.venv\Lib\site-packages\kombu\pidbox.py", line 75, in Consumer
    return Consumer(
           ^^^^^^^^^
  File "D:\RECOVER_AGENT\.venv\Lib\site-packages\kombu\messaging.py", line 414, in __init__
    self.revive(self.channel)
  File "D:\RECOVER_AGENT\.venv\Lib\site-packages\kombu\messaging.py", line 436, in revive
    self.declare()
  File "D:\RECOVER_AGENT\.venv\Lib\site-packages\kombu\messaging.py", line 450, in declare
    queue.declare()
  File "D:\RECOVER_AGENT\.venv\Lib\site-packages\kombu\entity.py", line 617, in declare
    self._create_queue(nowait=nowait, channel=channel)
  File "D:\RECOVER_AGENT\.venv\Lib\site-packages\kombu\entity.py", line 626, in _create_queue
    self.queue_declare(nowait=nowait, passive=False, channel=channel)
  File "D:\RECOVER_AGENT\.venv\Lib\site-packages\kombu\entity.py", line 655, in queue_declare
    ret = channel.queue_declare(
          ^^^^^^^^^^^^^^^^^^^^^^
  File "D:\RECOVER_AGENT\.venv\Lib\site-packages\kombu\transport\virtual\base.py", line 538, in queue_declare
    return queue_declare_ok_t(queue, self._size(queue), 0)
                                     ^^^^^^^^^^^^^^^^^
  File "D:\RECOVER_AGENT\.venv\Lib\site-packages\kombu\transport\redis.py", line 1020, in _size
    sizes = pipe.execute()
            ^^^^^^^^^^^^^^
  File "D:\RECOVER_AGENT\.venv\Lib\site-packages\redis\client.py", line 2214, in execute
    conn = self.connection_pool.get_connection()
           ^^^^^^^^^^^^^^^^^^^^^^^^^^^^^^^^^^^^^
  File "D:\RECOVER_AGENT\.venv\Lib\site-packages\redis\utils.py", line 258, in wrapper
    return func(*args, **kwargs)
           ^^^^^^^^^^^^^^^^^^^^^
  File "D:\RECOVER_AGENT\.venv\Lib\site-packages\redis\connection.py", line 3273, in get_connection
    connection.connect()
  File "D:\RECOVER_AGENT\.venv\Lib\site-packages\redis\connection.py", line 1028, in connect
    self.retry.call_with_retry(
  File "D:\RECOVER_AGENT\.venv\Lib\site-packages\redis\retry.py", line 132, in call_with_retry
    raise error
  File "D:\RECOVER_AGENT\.venv\Lib\site-packages\redis\retry.py", line 120, in call_with_retry
    return do()
           ^^^^
  File "D:\RECOVER_AGENT\.venv\Lib\site-packages\redis\connection.py", line 1029, in <lambda>
    lambda: self.connect_check_health(
            ^^^^^^^^^^^^^^^^^^^^^^^^^^
  File "D:\RECOVER_AGENT\.venv\Lib\site-packages\redis\connection.py", line 1083, in connect_check_health
    self.on_connect_check_health(check_health=check_health)
  File "D:\RECOVER_AGENT\.venv\Lib\site-packages\redis\connection.py", line 1155, in on_connect_check_health
    self.handshake_metadata = self.read_response()
                              ^^^^^^^^^^^^^^^^^^^^
  File "D:\RECOVER_AGENT\.venv\Lib\site-packages\redis\connection.py", line 1407, in read_response
    response = self._parser.read_response(
               ^^^^^^^^^^^^^^^^^^^^^^^^^^^
  File "D:\RECOVER_AGENT\.venv\Lib\site-packages\redis\_parsers\resp3.py", line 40, in read_response
    result = self._read_response(
             ^^^^^^^^^^^^^^^^^^^^
  File "D:\RECOVER_AGENT\.venv\Lib\site-packages\redis\_parsers\resp3.py", line 80, in _read_response
    raise error
redis.exceptions.ConnectionError: max number of clients reached
[2026-10-03 20:00:55,414: WARNING/MainProcess] D:\RECOVER_AGENT\.venv\Lib\site-packages\celery\worker\consumer\consumer.py:397: CPendingDeprecationWarning: 
In Celery 5.1 we introduced an optional breaking change which
on connection loss cancels all currently executed tasks with late acknowledgement enabled.
These tasks cannot be acknowledged as the connection is gone, and the tasks are automatically redelivered
back to the queue. You can enable this behavior using the worker_cancel_long_running_tasks_on_connection_loss
setting. In Celery 5.1 it is set to False by default. The setting will be set to True by default in Celery 6.0.

  warnings.warn(CANCEL_TASKS_BY_DEFAULT, CPendingDeprecationWarning)

[2026-10-03 20:00:56,826: INFO/MainProcess] Connected to redis://default:**@whistle-agreement-immune-83193.db.redis.io:15296//
[2026-10-03 20:00:58,250: INFO/MainProcess] mingle: searching for neighbors
[2026-10-03 20:01:03,401: INFO/MainProcess] mingle: all alone
[2026-10-03 20:01:09,063: WARNING/MainProcess] consumer: Connection to broker lost. Trying to re-establish the connection...
Traceback (most recent call last):
  File "D:\RECOVER_AGENT\.venv\Lib\site-packages\celery\worker\consumer\consumer.py", line 346, in start
    blueprint.start(self)
  File "D:\RECOVER_AGENT\.venv\Lib\site-packages\celery\bootsteps.py", line 116, in start
    step.start(parent)
  File "D:\RECOVER_AGENT\.venv\Lib\site-packages\celery\worker\pidbox.py", line 53, in start
    self.consumer = self.node.listen(callback=self.on_message)
                    ^^^^^^^^^^^^^^^^^^^^^^^^^^^^^^^^^^^^^^^^^^
  File "D:\RECOVER_AGENT\.venv\Lib\site-packages\kombu\pidbox.py", line 89, in listen
    consumer = self.Consumer(channel=channel,
               ^^^^^^^^^^^^^^^^^^^^^^^^^^^^^^
  File "D:\RECOVER_AGENT\.venv\Lib\site-packages\kombu\pidbox.py", line 75, in Consumer
    return Consumer(
           ^^^^^^^^^
  File "D:\RECOVER_AGENT\.venv\Lib\site-packages\kombu\messaging.py", line 414, in __init__
    self.revive(self.channel)
  File "D:\RECOVER_AGENT\.venv\Lib\site-packages\kombu\messaging.py", line 436, in revive
    self.declare()
  File "D:\RECOVER_AGENT\.venv\Lib\site-packages\kombu\messaging.py", line 450, in declare
    queue.declare()
  File "D:\RECOVER_AGENT\.venv\Lib\site-packages\kombu\entity.py", line 617, in declare
    self._create_queue(nowait=nowait, channel=channel)
  File "D:\RECOVER_AGENT\.venv\Lib\site-packages\kombu\entity.py", line 626, in _create_queue
    self.queue_declare(nowait=nowait, passive=False, channel=channel)
  File "D:\RECOVER_AGENT\.venv\Lib\site-packages\kombu\entity.py", line 655, in queue_declare
    ret = channel.queue_declare(
          ^^^^^^^^^^^^^^^^^^^^^^
  File "D:\RECOVER_AGENT\.venv\Lib\site-packages\kombu\transport\virtual\base.py", line 538, in queue_declare
    return queue_declare_ok_t(queue, self._size(queue), 0)
                                     ^^^^^^^^^^^^^^^^^
  File "D:\RECOVER_AGENT\.venv\Lib\site-packages\kombu\transport\redis.py", line 1020, in _size
    sizes = pipe.execute()
            ^^^^^^^^^^^^^^
  File "D:\RECOVER_AGENT\.venv\Lib\site-packages\redis\client.py", line 2214, in execute
    conn = self.connection_pool.get_connection()
           ^^^^^^^^^^^^^^^^^^^^^^^^^^^^^^^^^^^^^
  File "D:\RECOVER_AGENT\.venv\Lib\site-packages\redis\utils.py", line 258, in wrapper
    return func(*args, **kwargs)
           ^^^^^^^^^^^^^^^^^^^^^
  File "D:\RECOVER_AGENT\.venv\Lib\site-packages\redis\connection.py", line 3273, in get_connection
    connection.connect()
  File "D:\RECOVER_AGENT\.venv\Lib\site-packages\redis\connection.py", line 1028, in connect
    self.retry.call_with_retry(
  File "D:\RECOVER_AGENT\.venv\Lib\site-packages\redis\retry.py", line 132, in call_with_retry
    raise error
  File "D:\RECOVER_AGENT\.venv\Lib\site-packages\redis\retry.py", line 120, in call_with_retry
    return do()
           ^^^^
  File "D:\RECOVER_AGENT\.venv\Lib\site-packages\redis\connection.py", line 1029, in <lambda>
    lambda: self.connect_check_health(
            ^^^^^^^^^^^^^^^^^^^^^^^^^^
  File "D:\RECOVER_AGENT\.venv\Lib\site-packages\redis\connection.py", line 1083, in connect_check_health
    self.on_connect_check_health(check_health=check_health)
  File "D:\RECOVER_AGENT\.venv\Lib\site-packages\redis\connection.py", line 1155, in on_connect_check_health
    self.handshake_metadata = self.read_response()
                              ^^^^^^^^^^^^^^^^^^^^
  File "D:\RECOVER_AGENT\.venv\Lib\site-packages\redis\connection.py", line 1407, in read_response
    response = self._parser.read_response(
               ^^^^^^^^^^^^^^^^^^^^^^^^^^^
  File "D:\RECOVER_AGENT\.venv\Lib\site-packages\redis\_parsers\resp3.py", line 40, in read_response
    result = self._read_response(
             ^^^^^^^^^^^^^^^^^^^^
  File "D:\RECOVER_AGENT\.venv\Lib\site-packages\redis\_parsers\resp3.py", line 80, in _read_response
    raise error
redis.exceptions.ConnectionError: max number of clients reached
[2026-10-03 20:01:09,547: WARNING/MainProcess] D:\RECOVER_AGENT\.venv\Lib\site-packages\celery\worker\consumer\consumer.py:397: CPendingDeprecationWarning: 
In Celery 5.1 we introduced an optional breaking change which
on connection loss cancels all currently executed tasks with late acknowledgement enabled.
These tasks cannot be acknowledged as the connection is gone, and the tasks are automatically redelivered
back to the queue. You can enable this behavior using the worker_cancel_long_running_tasks_on_connection_loss
setting. In Celery 5.1 it is set to False by default. The setting will be set to True by default in Celery 6.0.

  warnings.warn(CANCEL_TASKS_BY_DEFAULT, CPendingDeprecationWarning)

[2026-10-03 20:01:11,234: INFO/MainProcess] Connected to redis://default:**@whistle-agreement-immune-83193.db.redis.io:15296//
[2026-10-03 20:01:12,946: INFO/MainProcess] mingle: searching for neighbors
[2026-10-03 20:01:18,624: INFO/MainProcess] mingle: all alone
[2026-10-03 20:01:24,938: WARNING/MainProcess] consumer: Connection to broker lost. Trying to re-establish the connection...
Traceback (most recent call last):
  File "D:\RECOVER_AGENT\.venv\Lib\site-packages\celery\worker\consumer\consumer.py", line 346, in start
    blueprint.start(self)
  File "D:\RECOVER_AGENT\.venv\Lib\site-packages\celery\bootsteps.py", line 116, in start
    step.start(parent)
  File "D:\RECOVER_AGENT\.venv\Lib\site-packages\celery\worker\pidbox.py", line 53, in start
    self.consumer = self.node.listen(callback=self.on_message)
                    ^^^^^^^^^^^^^^^^^^^^^^^^^^^^^^^^^^^^^^^^^^
  File "D:\RECOVER_AGENT\.venv\Lib\site-packages\kombu\pidbox.py", line 89, in listen
    consumer = self.Consumer(channel=channel,
               ^^^^^^^^^^^^^^^^^^^^^^^^^^^^^^
  File "D:\RECOVER_AGENT\.venv\Lib\site-packages\kombu\pidbox.py", line 75, in Consumer
    return Consumer(
           ^^^^^^^^^
  File "D:\RECOVER_AGENT\.venv\Lib\site-packages\kombu\messaging.py", line 414, in __init__
    self.revive(self.channel)
  File "D:\RECOVER_AGENT\.venv\Lib\site-packages\kombu\messaging.py", line 436, in revive
    self.declare()
  File "D:\RECOVER_AGENT\.venv\Lib\site-packages\kombu\messaging.py", line 450, in declare
    queue.declare()
  File "D:\RECOVER_AGENT\.venv\Lib\site-packages\kombu\entity.py", line 617, in declare
    self._create_queue(nowait=nowait, channel=channel)
  File "D:\RECOVER_AGENT\.venv\Lib\site-packages\kombu\entity.py", line 626, in _create_queue
    self.queue_declare(nowait=nowait, passive=False, channel=channel)
  File "D:\RECOVER_AGENT\.venv\Lib\site-packages\kombu\entity.py", line 655, in queue_declare
    ret = channel.queue_declare(
          ^^^^^^^^^^^^^^^^^^^^^^
  File "D:\RECOVER_AGENT\.venv\Lib\site-packages\kombu\transport\virtual\base.py", line 538, in queue_declare
    return queue_declare_ok_t(queue, self._size(queue), 0)
                                     ^^^^^^^^^^^^^^^^^
  File "D:\RECOVER_AGENT\.venv\Lib\site-packages\kombu\transport\redis.py", line 1020, in _size
    sizes = pipe.execute()
            ^^^^^^^^^^^^^^
  File "D:\RECOVER_AGENT\.venv\Lib\site-packages\redis\client.py", line 2214, in execute
    conn = self.connection_pool.get_connection()
           ^^^^^^^^^^^^^^^^^^^^^^^^^^^^^^^^^^^^^
  File "D:\RECOVER_AGENT\.venv\Lib\site-packages\redis\utils.py", line 258, in wrapper
    return func(*args, **kwargs)
           ^^^^^^^^^^^^^^^^^^^^^
  File "D:\RECOVER_AGENT\.venv\Lib\site-packages\redis\connection.py", line 3273, in get_connection
    connection.connect()
  File "D:\RECOVER_AGENT\.venv\Lib\site-packages\redis\connection.py", line 1028, in connect
    self.retry.call_with_retry(
  File "D:\RECOVER_AGENT\.venv\Lib\site-packages\redis\retry.py", line 132, in call_with_retry
    raise error
  File "D:\RECOVER_AGENT\.venv\Lib\site-packages\redis\retry.py", line 120, in call_with_retry
    return do()
           ^^^^
  File "D:\RECOVER_AGENT\.venv\Lib\site-packages\redis\connection.py", line 1029, in <lambda>
    lambda: self.connect_check_health(
            ^^^^^^^^^^^^^^^^^^^^^^^^^^
  File "D:\RECOVER_AGENT\.venv\Lib\site-packages\redis\connection.py", line 1083, in connect_check_health
    self.on_connect_check_health(check_health=check_health)
  File "D:\RECOVER_AGENT\.venv\Lib\site-packages\redis\connection.py", line 1155, in on_connect_check_health
    self.handshake_metadata = self.read_response()
                              ^^^^^^^^^^^^^^^^^^^^
  File "D:\RECOVER_AGENT\.venv\Lib\site-packages\redis\connection.py", line 1407, in read_response
    response = self._parser.read_response(
               ^^^^^^^^^^^^^^^^^^^^^^^^^^^
  File "D:\RECOVER_AGENT\.venv\Lib\site-packages\redis\_parsers\resp3.py", line 40, in read_response
    result = self._read_response(
             ^^^^^^^^^^^^^^^^^^^^
  File "D:\RECOVER_AGENT\.venv\Lib\site-packages\redis\_parsers\resp3.py", line 80, in _read_response
    raise error
redis.exceptions.ConnectionError: max number of clients reached
[2026-10-03 20:01:25,522: WARNING/MainProcess] D:\RECOVER_AGENT\.venv\Lib\site-packages\celery\worker\consumer\consumer.py:397: CPendingDeprecationWarning: 
In Celery 5.1 we introduced an optional breaking change which
on connection loss cancels all currently executed tasks with late acknowledgement enabled.
These tasks cannot be acknowledged as the connection is gone, and the tasks are automatically redelivered
back to the queue. You can enable this behavior using the worker_cancel_long_running_tasks_on_connection_loss
setting. In Celery 5.1 it is set to False by default. The setting will be set to True by default in Celery 6.0.

  warnings.warn(CANCEL_TASKS_BY_DEFAULT, CPendingDeprecationWarning)

[2026-10-03 20:01:27,253: INFO/MainProcess] Connected to redis://default:**@whistle-agreement-immune-83193.db.redis.io:15296//
[2026-10-03 20:01:28,937: INFO/MainProcess] mingle: searching for neighbors
[2026-10-03 20:01:34,113: INFO/MainProcess] mingle: all alone
[2026-10-03 20:01:40,544: WARNING/MainProcess] consumer: Connection to broker lost. Trying to re-establish the connection...
Traceback (most recent call last):
  File "D:\RECOVER_AGENT\.venv\Lib\site-packages\celery\worker\consumer\consumer.py", line 346, in start
    blueprint.start(self)
  File "D:\RECOVER_AGENT\.venv\Lib\site-packages\celery\bootsteps.py", line 116, in start
    step.start(parent)
  File "D:\RECOVER_AGENT\.venv\Lib\site-packages\celery\worker\pidbox.py", line 53, in start
    self.consumer = self.node.listen(callback=self.on_message)
                    ^^^^^^^^^^^^^^^^^^^^^^^^^^^^^^^^^^^^^^^^^^
  File "D:\RECOVER_AGENT\.venv\Lib\site-packages\kombu\pidbox.py", line 89, in listen
    consumer = self.Consumer(channel=channel,
               ^^^^^^^^^^^^^^^^^^^^^^^^^^^^^^
  File "D:\RECOVER_AGENT\.venv\Lib\site-packages\kombu\pidbox.py", line 75, in Consumer
    return Consumer(
           ^^^^^^^^^
  File "D:\RECOVER_AGENT\.venv\Lib\site-packages\kombu\messaging.py", line 414, in __init__
    self.revive(self.channel)
  File "D:\RECOVER_AGENT\.venv\Lib\site-packages\kombu\messaging.py", line 436, in revive
    self.declare()
  File "D:\RECOVER_AGENT\.venv\Lib\site-packages\kombu\messaging.py", line 450, in declare
    queue.declare()
  File "D:\RECOVER_AGENT\.venv\Lib\site-packages\kombu\entity.py", line 617, in declare
    self._create_queue(nowait=nowait, channel=channel)
  File "D:\RECOVER_AGENT\.venv\Lib\site-packages\kombu\entity.py", line 626, in _create_queue
    self.queue_declare(nowait=nowait, passive=False, channel=channel)
  File "D:\RECOVER_AGENT\.venv\Lib\site-packages\kombu\entity.py", line 655, in queue_declare
    ret = channel.queue_declare(
          ^^^^^^^^^^^^^^^^^^^^^^
  File "D:\RECOVER_AGENT\.venv\Lib\site-packages\kombu\transport\virtual\base.py", line 538, in queue_declare
    return queue_declare_ok_t(queue, self._size(queue), 0)
                                     ^^^^^^^^^^^^^^^^^
  File "D:\RECOVER_AGENT\.venv\Lib\site-packages\kombu\transport\redis.py", line 1020, in _size
    sizes = pipe.execute()
            ^^^^^^^^^^^^^^
  File "D:\RECOVER_AGENT\.venv\Lib\site-packages\redis\client.py", line 2214, in execute
    conn = self.connection_pool.get_connection()
           ^^^^^^^^^^^^^^^^^^^^^^^^^^^^^^^^^^^^^
  File "D:\RECOVER_AGENT\.venv\Lib\site-packages\redis\utils.py", line 258, in wrapper
    return func(*args, **kwargs)
           ^^^^^^^^^^^^^^^^^^^^^
  File "D:\RECOVER_AGENT\.venv\Lib\site-packages\redis\connection.py", line 3273, in get_connection
    connection.connect()
  File "D:\RECOVER_AGENT\.venv\Lib\site-packages\redis\connection.py", line 1028, in connect
    self.retry.call_with_retry(
  File "D:\RECOVER_AGENT\.venv\Lib\site-packages\redis\retry.py", line 132, in call_with_retry
    raise error
  File "D:\RECOVER_AGENT\.venv\Lib\site-packages\redis\retry.py", line 120, in call_with_retry
    return do()
           ^^^^
  File "D:\RECOVER_AGENT\.venv\Lib\site-packages\redis\connection.py", line 1029, in <lambda>
    lambda: self.connect_check_health(
            ^^^^^^^^^^^^^^^^^^^^^^^^^^
  File "D:\RECOVER_AGENT\.venv\Lib\site-packages\redis\connection.py", line 1083, in connect_check_health
    self.on_connect_check_health(check_health=check_health)
  File "D:\RECOVER_AGENT\.venv\Lib\site-packages\redis\connection.py", line 1155, in on_connect_check_health
    self.handshake_metadata = self.read_response()
                              ^^^^^^^^^^^^^^^^^^^^
  File "D:\RECOVER_AGENT\.venv\Lib\site-packages\redis\connection.py", line 1407, in read_response
    response = self._parser.read_response(
               ^^^^^^^^^^^^^^^^^^^^^^^^^^^
  File "D:\RECOVER_AGENT\.venv\Lib\site-packages\redis\_parsers\resp3.py", line 40, in read_response
    result = self._read_response(
             ^^^^^^^^^^^^^^^^^^^^
  File "D:\RECOVER_AGENT\.venv\Lib\site-packages\redis\_parsers\resp3.py", line 80, in _read_response
    raise error
redis.exceptions.ConnectionError: max number of clients reached
[2026-10-03 20:01:41,100: WARNING/MainProcess] D:\RECOVER_AGENT\.venv\Lib\site-packages\celery\worker\consumer\consumer.py:397: CPendingDeprecationWarning: 
In Celery 5.1 we introduced an optional breaking change which
on connection loss cancels all currently executed tasks with late acknowledgement enabled.
These tasks cannot be acknowledged as the connection is gone, and the tasks are automatically redelivered
back to the queue. You can enable this behavior using the worker_cancel_long_running_tasks_on_connection_loss
setting. In Celery 5.1 it is set to False by default. The setting will be set to True by default in Celery 6.0.

  warnings.warn(CANCEL_TASKS_BY_DEFAULT, CPendingDeprecationWarning)

[2026-10-03 20:01:42,860: INFO/MainProcess] Connected to redis://default:**@whistle-agreement-immune-83193.db.redis.io:15296//
[2026-10-03 20:01:44,301: INFO/MainProcess] mingle: searching for neighbors
[2026-10-03 20:01:48,850: INFO/MainProcess] mingle: all alone
[2026-10-03 20:01:54,290: WARNING/MainProcess] consumer: Connection to broker lost. Trying to re-establish the connection...
Traceback (most recent call last):
  File "D:\RECOVER_AGENT\.venv\Lib\site-packages\celery\worker\consumer\consumer.py", line 346, in start
    blueprint.start(self)
  File "D:\RECOVER_AGENT\.venv\Lib\site-packages\celery\bootsteps.py", line 116, in start
    step.start(parent)
  File "D:\RECOVER_AGENT\.venv\Lib\site-packages\celery\worker\pidbox.py", line 53, in start
    self.consumer = self.node.listen(callback=self.on_message)
                    ^^^^^^^^^^^^^^^^^^^^^^^^^^^^^^^^^^^^^^^^^^
  File "D:\RECOVER_AGENT\.venv\Lib\site-packages\kombu\pidbox.py", line 89, in listen
    consumer = self.Consumer(channel=channel,
               ^^^^^^^^^^^^^^^^^^^^^^^^^^^^^^
  File "D:\RECOVER_AGENT\.venv\Lib\site-packages\kombu\pidbox.py", line 75, in Consumer
    return Consumer(
           ^^^^^^^^^
  File "D:\RECOVER_AGENT\.venv\Lib\site-packages\kombu\messaging.py", line 414, in __init__
    self.revive(self.channel)
  File "D:\RECOVER_AGENT\.venv\Lib\site-packages\kombu\messaging.py", line 436, in revive
    self.declare()
  File "D:\RECOVER_AGENT\.venv\Lib\site-packages\kombu\messaging.py", line 450, in declare
    queue.declare()
  File "D:\RECOVER_AGENT\.venv\Lib\site-packages\kombu\entity.py", line 617, in declare
    self._create_queue(nowait=nowait, channel=channel)
  File "D:\RECOVER_AGENT\.venv\Lib\site-packages\kombu\entity.py", line 626, in _create_queue
    self.queue_declare(nowait=nowait, passive=False, channel=channel)
  File "D:\RECOVER_AGENT\.venv\Lib\site-packages\kombu\entity.py", line 655, in queue_declare
    ret = channel.queue_declare(
          ^^^^^^^^^^^^^^^^^^^^^^
  File "D:\RECOVER_AGENT\.venv\Lib\site-packages\kombu\transport\virtual\base.py", line 538, in queue_declare
    return queue_declare_ok_t(queue, self._size(queue), 0)
                                     ^^^^^^^^^^^^^^^^^
  File "D:\RECOVER_AGENT\.venv\Lib\site-packages\kombu\transport\redis.py", line 1020, in _size
    sizes = pipe.execute()
            ^^^^^^^^^^^^^^
  File "D:\RECOVER_AGENT\.venv\Lib\site-packages\redis\client.py", line 2214, in execute
    conn = self.connection_pool.get_connection()
           ^^^^^^^^^^^^^^^^^^^^^^^^^^^^^^^^^^^^^
  File "D:\RECOVER_AGENT\.venv\Lib\site-packages\redis\utils.py", line 258, in wrapper
    return func(*args, **kwargs)
           ^^^^^^^^^^^^^^^^^^^^^
  File "D:\RECOVER_AGENT\.venv\Lib\site-packages\redis\connection.py", line 3273, in get_connection
    connection.connect()
  File "D:\RECOVER_AGENT\.venv\Lib\site-packages\redis\connection.py", line 1028, in connect
    self.retry.call_with_retry(
  File "D:\RECOVER_AGENT\.venv\Lib\site-packages\redis\retry.py", line 132, in call_with_retry
    raise error
  File "D:\RECOVER_AGENT\.venv\Lib\site-packages\redis\retry.py", line 120, in call_with_retry
    return do()
           ^^^^
  File "D:\RECOVER_AGENT\.venv\Lib\site-packages\redis\connection.py", line 1029, in <lambda>
    lambda: self.connect_check_health(
            ^^^^^^^^^^^^^^^^^^^^^^^^^^
  File "D:\RECOVER_AGENT\.venv\Lib\site-packages\redis\connection.py", line 1083, in connect_check_health
    self.on_connect_check_health(check_health=check_health)
  File "D:\RECOVER_AGENT\.venv\Lib\site-packages\redis\connection.py", line 1155, in on_connect_check_health
    self.handshake_metadata = self.read_response()
                              ^^^^^^^^^^^^^^^^^^^^
  File "D:\RECOVER_AGENT\.venv\Lib\site-packages\redis\connection.py", line 1407, in read_response
    response = self._parser.read_response(
               ^^^^^^^^^^^^^^^^^^^^^^^^^^^
  File "D:\RECOVER_AGENT\.venv\Lib\site-packages\redis\_parsers\resp3.py", line 40, in read_response
    result = self._read_response(
             ^^^^^^^^^^^^^^^^^^^^
  File "D:\RECOVER_AGENT\.venv\Lib\site-packages\redis\_parsers\resp3.py", line 80, in _read_response
    raise error
redis.exceptions.ConnectionError: max number of clients reached
[2026-10-03 20:01:54,758: WARNING/MainProcess] D:\RECOVER_AGENT\.venv\Lib\site-packages\celery\worker\consumer\consumer.py:397: CPendingDeprecationWarning: 
In Celery 5.1 we introduced an optional breaking change which
on connection loss cancels all currently executed tasks with late acknowledgement enabled.
These tasks cannot be acknowledged as the connection is gone, and the tasks are automatically redelivered
back to the queue. You can enable this behavior using the worker_cancel_long_running_tasks_on_connection_loss
setting. In Celery 5.1 it is set to False by default. The setting will be set to True by default in Celery 6.0.

  warnings.warn(CANCEL_TASKS_BY_DEFAULT, CPendingDeprecationWarning)

[2026-10-03 20:01:56,188: INFO/MainProcess] Connected to redis://default:**@whistle-agreement-immune-83193.db.redis.io:15296//
[2026-10-03 20:01:57,598: INFO/MainProcess] mingle: searching for neighbors
[2026-10-03 20:02:02,146: INFO/MainProcess] mingle: all alone
[2026-10-03 20:02:07,695: WARNING/MainProcess] consumer: Connection to broker lost. Trying to re-establish the connection...
Traceback (most recent call last):
  File "D:\RECOVER_AGENT\.venv\Lib\site-packages\celery\worker\consumer\consumer.py", line 346, in start
    blueprint.start(self)
  File "D:\RECOVER_AGENT\.venv\Lib\site-packages\celery\bootsteps.py", line 116, in start
    step.start(parent)
  File "D:\RECOVER_AGENT\.venv\Lib\site-packages\celery\worker\pidbox.py", line 53, in start
    self.consumer = self.node.listen(callback=self.on_message)
                    ^^^^^^^^^^^^^^^^^^^^^^^^^^^^^^^^^^^^^^^^^^
  File "D:\RECOVER_AGENT\.venv\Lib\site-packages\kombu\pidbox.py", line 89, in listen
    consumer = self.Consumer(channel=channel,
               ^^^^^^^^^^^^^^^^^^^^^^^^^^^^^^
  File "D:\RECOVER_AGENT\.venv\Lib\site-packages\kombu\pidbox.py", line 75, in Consumer
    return Consumer(
           ^^^^^^^^^
  File "D:\RECOVER_AGENT\.venv\Lib\site-packages\kombu\messaging.py", line 414, in __init__
    self.revive(self.channel)
  File "D:\RECOVER_AGENT\.venv\Lib\site-packages\kombu\messaging.py", line 436, in revive
    self.declare()
  File "D:\RECOVER_AGENT\.venv\Lib\site-packages\kombu\messaging.py", line 450, in declare
    queue.declare()
  File "D:\RECOVER_AGENT\.venv\Lib\site-packages\kombu\entity.py", line 617, in declare
    self._create_queue(nowait=nowait, channel=channel)
  File "D:\RECOVER_AGENT\.venv\Lib\site-packages\kombu\entity.py", line 626, in _create_queue
    self.queue_declare(nowait=nowait, passive=False, channel=channel)
  File "D:\RECOVER_AGENT\.venv\Lib\site-packages\kombu\entity.py", line 655, in queue_declare
    ret = channel.queue_declare(
          ^^^^^^^^^^^^^^^^^^^^^^
  File "D:\RECOVER_AGENT\.venv\Lib\site-packages\kombu\transport\virtual\base.py", line 538, in queue_declare
    return queue_declare_ok_t(queue, self._size(queue), 0)
                                     ^^^^^^^^^^^^^^^^^
  File "D:\RECOVER_AGENT\.venv\Lib\site-packages\kombu\transport\redis.py", line 1020, in _size
    sizes = pipe.execute()
            ^^^^^^^^^^^^^^
  File "D:\RECOVER_AGENT\.venv\Lib\site-packages\redis\client.py", line 2214, in execute
    conn = self.connection_pool.get_connection()
           ^^^^^^^^^^^^^^^^^^^^^^^^^^^^^^^^^^^^^
  File "D:\RECOVER_AGENT\.venv\Lib\site-packages\redis\utils.py", line 258, in wrapper
    return func(*args, **kwargs)
           ^^^^^^^^^^^^^^^^^^^^^
  File "D:\RECOVER_AGENT\.venv\Lib\site-packages\redis\connection.py", line 3273, in get_connection
    connection.connect()
  File "D:\RECOVER_AGENT\.venv\Lib\site-packages\redis\connection.py", line 1028, in connect
    self.retry.call_with_retry(
  File "D:\RECOVER_AGENT\.venv\Lib\site-packages\redis\retry.py", line 132, in call_with_retry
    raise error
  File "D:\RECOVER_AGENT\.venv\Lib\site-packages\redis\retry.py", line 120, in call_with_retry
    return do()
           ^^^^
  File "D:\RECOVER_AGENT\.venv\Lib\site-packages\redis\connection.py", line 1029, in <lambda>
    lambda: self.connect_check_health(
            ^^^^^^^^^^^^^^^^^^^^^^^^^^
  File "D:\RECOVER_AGENT\.venv\Lib\site-packages\redis\connection.py", line 1083, in connect_check_health
    self.on_connect_check_health(check_health=check_health)
  File "D:\RECOVER_AGENT\.venv\Lib\site-packages\redis\connection.py", line 1155, in on_connect_check_health
    self.handshake_metadata = self.read_response()
                              ^^^^^^^^^^^^^^^^^^^^
  File "D:\RECOVER_AGENT\.venv\Lib\site-packages\redis\connection.py", line 1407, in read_response
    response = self._parser.read_response(
               ^^^^^^^^^^^^^^^^^^^^^^^^^^^
  File "D:\RECOVER_AGENT\.venv\Lib\site-packages\redis\_parsers\resp3.py", line 40, in read_response
    result = self._read_response(
             ^^^^^^^^^^^^^^^^^^^^
  File "D:\RECOVER_AGENT\.venv\Lib\site-packages\redis\_parsers\resp3.py", line 80, in _read_response
    raise error
redis.exceptions.ConnectionError: max number of clients reached
[2026-10-03 20:02:08,189: WARNING/MainProcess] D:\RECOVER_AGENT\.venv\Lib\site-packages\celery\worker\consumer\consumer.py:397: CPendingDeprecationWarning: 
In Celery 5.1 we introduced an optional breaking change which
on connection loss cancels all currently executed tasks with late acknowledgement enabled.
These tasks cannot be acknowledged as the connection is gone, and the tasks are automatically redelivered
back to the queue. You can enable this behavior using the worker_cancel_long_running_tasks_on_connection_loss
setting. In Celery 5.1 it is set to False by default. The setting will be set to True by default in Celery 6.0.

  warnings.warn(CANCEL_TASKS_BY_DEFAULT, CPendingDeprecationWarning)

[2026-10-03 20:02:10,022: INFO/MainProcess] Connected to redis://default:**@whistle-agreement-immune-83193.db.redis.io:15296//
[2026-10-03 20:02:11,647: INFO/MainProcess] mingle: searching for neighbors
[2026-10-03 20:02:16,652: INFO/MainProcess] mingle: all alone
[2026-10-03 20:02:23,259: WARNING/MainProcess] consumer: Connection to broker lost. Trying to re-establish the connection...
Traceback (most recent call last):
  File "D:\RECOVER_AGENT\.venv\Lib\site-packages\celery\worker\consumer\consumer.py", line 346, in start
    blueprint.start(self)
  File "D:\RECOVER_AGENT\.venv\Lib\site-packages\celery\bootsteps.py", line 116, in start
    step.start(parent)
  File "D:\RECOVER_AGENT\.venv\Lib\site-packages\celery\worker\pidbox.py", line 53, in start
    self.consumer = self.node.listen(callback=self.on_message)
                    ^^^^^^^^^^^^^^^^^^^^^^^^^^^^^^^^^^^^^^^^^^
  File "D:\RECOVER_AGENT\.venv\Lib\site-packages\kombu\pidbox.py", line 89, in listen
    consumer = self.Consumer(channel=channel,
               ^^^^^^^^^^^^^^^^^^^^^^^^^^^^^^
  File "D:\RECOVER_AGENT\.venv\Lib\site-packages\kombu\pidbox.py", line 75, in Consumer
    return Consumer(
           ^^^^^^^^^
  File "D:\RECOVER_AGENT\.venv\Lib\site-packages\kombu\messaging.py", line 414, in __init__
    self.revive(self.channel)
  File "D:\RECOVER_AGENT\.venv\Lib\site-packages\kombu\messaging.py", line 436, in revive
    self.declare()
  File "D:\RECOVER_AGENT\.venv\Lib\site-packages\kombu\messaging.py", line 450, in declare
    queue.declare()
  File "D:\RECOVER_AGENT\.venv\Lib\site-packages\kombu\entity.py", line 617, in declare
    self._create_queue(nowait=nowait, channel=channel)
  File "D:\RECOVER_AGENT\.venv\Lib\site-packages\kombu\entity.py", line 626, in _create_queue
    self.queue_declare(nowait=nowait, passive=False, channel=channel)
  File "D:\RECOVER_AGENT\.venv\Lib\site-packages\kombu\entity.py", line 655, in queue_declare
    ret = channel.queue_declare(
          ^^^^^^^^^^^^^^^^^^^^^^
  File "D:\RECOVER_AGENT\.venv\Lib\site-packages\kombu\transport\virtual\base.py", line 538, in queue_declare
    return queue_declare_ok_t(queue, self._size(queue), 0)
                                     ^^^^^^^^^^^^^^^^^
  File "D:\RECOVER_AGENT\.venv\Lib\site-packages\kombu\transport\redis.py", line 1020, in _size
    sizes = pipe.execute()
            ^^^^^^^^^^^^^^
  File "D:\RECOVER_AGENT\.venv\Lib\site-packages\redis\client.py", line 2214, in execute
    conn = self.connection_pool.get_connection()
           ^^^^^^^^^^^^^^^^^^^^^^^^^^^^^^^^^^^^^
  File "D:\RECOVER_AGENT\.venv\Lib\site-packages\redis\utils.py", line 258, in wrapper
    return func(*args, **kwargs)
           ^^^^^^^^^^^^^^^^^^^^^
  File "D:\RECOVER_AGENT\.venv\Lib\site-packages\redis\connection.py", line 3273, in get_connection
    connection.connect()
  File "D:\RECOVER_AGENT\.venv\Lib\site-packages\redis\connection.py", line 1028, in connect
    self.retry.call_with_retry(
  File "D:\RECOVER_AGENT\.venv\Lib\site-packages\redis\retry.py", line 132, in call_with_retry
    raise error
  File "D:\RECOVER_AGENT\.venv\Lib\site-packages\redis\retry.py", line 120, in call_with_retry
    return do()
           ^^^^
  File "D:\RECOVER_AGENT\.venv\Lib\site-packages\redis\connection.py", line 1029, in <lambda>
    lambda: self.connect_check_health(
            ^^^^^^^^^^^^^^^^^^^^^^^^^^
  File "D:\RECOVER_AGENT\.venv\Lib\site-packages\redis\connection.py", line 1083, in connect_check_health
    self.on_connect_check_health(check_health=check_health)
  File "D:\RECOVER_AGENT\.venv\Lib\site-packages\redis\connection.py", line 1155, in on_connect_check_health
    self.handshake_metadata = self.read_response()
                              ^^^^^^^^^^^^^^^^^^^^
  File "D:\RECOVER_AGENT\.venv\Lib\site-packages\redis\connection.py", line 1407, in read_response
    response = self._parser.read_response(
               ^^^^^^^^^^^^^^^^^^^^^^^^^^^
  File "D:\RECOVER_AGENT\.venv\Lib\site-packages\redis\_parsers\resp3.py", line 40, in read_response
    result = self._read_response(
             ^^^^^^^^^^^^^^^^^^^^
  File "D:\RECOVER_AGENT\.venv\Lib\site-packages\redis\_parsers\resp3.py", line 80, in _read_response
    raise error
redis.exceptions.ConnectionError: max number of clients reached
[2026-10-03 20:02:23,840: WARNING/MainProcess] D:\RECOVER_AGENT\.venv\Lib\site-packages\celery\worker\consumer\consumer.py:397: CPendingDeprecationWarning: 
In Celery 5.1 we introduced an optional breaking change which
on connection loss cancels all currently executed tasks with late acknowledgement enabled.
These tasks cannot be acknowledged as the connection is gone, and the tasks are automatically redelivered
back to the queue. You can enable this behavior using the worker_cancel_long_running_tasks_on_connection_loss
setting. In Celery 5.1 it is set to False by default. The setting will be set to True by default in Celery 6.0.

  warnings.warn(CANCEL_TASKS_BY_DEFAULT, CPendingDeprecationWarning)

[2026-10-03 20:02:25,535: INFO/MainProcess] Connected to redis://default:**@whistle-agreement-immune-83193.db.redis.io:15296//
[2026-10-03 20:02:27,188: INFO/MainProcess] mingle: searching for neighbors
[2026-10-03 20:02:32,437: INFO/MainProcess] mingle: all alone
[2026-10-03 20:02:38,709: WARNING/MainProcess] consumer: Connection to broker lost. Trying to re-establish the connection...
Traceback (most recent call last):
  File "D:\RECOVER_AGENT\.venv\Lib\site-packages\celery\worker\consumer\consumer.py", line 346, in start
    blueprint.start(self)
  File "D:\RECOVER_AGENT\.venv\Lib\site-packages\celery\bootsteps.py", line 116, in start
    step.start(parent)
  File "D:\RECOVER_AGENT\.venv\Lib\site-packages\celery\worker\pidbox.py", line 53, in start
    self.consumer = self.node.listen(callback=self.on_message)
                    ^^^^^^^^^^^^^^^^^^^^^^^^^^^^^^^^^^^^^^^^^^
  File "D:\RECOVER_AGENT\.venv\Lib\site-packages\kombu\pidbox.py", line 89, in listen
    consumer = self.Consumer(channel=channel,
               ^^^^^^^^^^^^^^^^^^^^^^^^^^^^^^
  File "D:\RECOVER_AGENT\.venv\Lib\site-packages\kombu\pidbox.py", line 75, in Consumer
    return Consumer(
           ^^^^^^^^^
  File "D:\RECOVER_AGENT\.venv\Lib\site-packages\kombu\messaging.py", line 414, in __init__
    self.revive(self.channel)
  File "D:\RECOVER_AGENT\.venv\Lib\site-packages\kombu\messaging.py", line 436, in revive
    self.declare()
  File "D:\RECOVER_AGENT\.venv\Lib\site-packages\kombu\messaging.py", line 450, in declare
    queue.declare()
  File "D:\RECOVER_AGENT\.venv\Lib\site-packages\kombu\entity.py", line 617, in declare
    self._create_queue(nowait=nowait, channel=channel)
  File "D:\RECOVER_AGENT\.venv\Lib\site-packages\kombu\entity.py", line 626, in _create_queue
    self.queue_declare(nowait=nowait, passive=False, channel=channel)
  File "D:\RECOVER_AGENT\.venv\Lib\site-packages\kombu\entity.py", line 655, in queue_declare
    ret = channel.queue_declare(
          ^^^^^^^^^^^^^^^^^^^^^^
  File "D:\RECOVER_AGENT\.venv\Lib\site-packages\kombu\transport\virtual\base.py", line 538, in queue_declare
    return queue_declare_ok_t(queue, self._size(queue), 0)
                                     ^^^^^^^^^^^^^^^^^
  File "D:\RECOVER_AGENT\.venv\Lib\site-packages\kombu\transport\redis.py", line 1020, in _size
    sizes = pipe.execute()
            ^^^^^^^^^^^^^^
  File "D:\RECOVER_AGENT\.venv\Lib\site-packages\redis\client.py", line 2214, in execute
    conn = self.connection_pool.get_connection()
           ^^^^^^^^^^^^^^^^^^^^^^^^^^^^^^^^^^^^^
  File "D:\RECOVER_AGENT\.venv\Lib\site-packages\redis\utils.py", line 258, in wrapper
    return func(*args, **kwargs)
           ^^^^^^^^^^^^^^^^^^^^^
  File "D:\RECOVER_AGENT\.venv\Lib\site-packages\redis\connection.py", line 3273, in get_connection
    connection.connect()
  File "D:\RECOVER_AGENT\.venv\Lib\site-packages\redis\connection.py", line 1028, in connect
    self.retry.call_with_retry(
  File "D:\RECOVER_AGENT\.venv\Lib\site-packages\redis\retry.py", line 132, in call_with_retry
    raise error
  File "D:\RECOVER_AGENT\.venv\Lib\site-packages\redis\retry.py", line 120, in call_with_retry
    return do()
           ^^^^
  File "D:\RECOVER_AGENT\.venv\Lib\site-packages\redis\connection.py", line 1029, in <lambda>
    lambda: self.connect_check_health(
            ^^^^^^^^^^^^^^^^^^^^^^^^^^
  File "D:\RECOVER_AGENT\.venv\Lib\site-packages\redis\connection.py", line 1083, in connect_check_health
    self.on_connect_check_health(check_health=check_health)
  File "D:\RECOVER_AGENT\.venv\Lib\site-packages\redis\connection.py", line 1155, in on_connect_check_health
    self.handshake_metadata = self.read_response()
                              ^^^^^^^^^^^^^^^^^^^^
  File "D:\RECOVER_AGENT\.venv\Lib\site-packages\redis\connection.py", line 1407, in read_response
    response = self._parser.read_response(
               ^^^^^^^^^^^^^^^^^^^^^^^^^^^
  File "D:\RECOVER_AGENT\.venv\Lib\site-packages\redis\_parsers\resp3.py", line 40, in read_response
    result = self._read_response(
             ^^^^^^^^^^^^^^^^^^^^
  File "D:\RECOVER_AGENT\.venv\Lib\site-packages\redis\_parsers\resp3.py", line 80, in _read_response
    raise error
redis.exceptions.ConnectionError: max number of clients reached
[2026-10-03 20:02:39,300: WARNING/MainProcess] D:\RECOVER_AGENT\.venv\Lib\site-packages\celery\worker\consumer\consumer.py:397: CPendingDeprecationWarning: 
In Celery 5.1 we introduced an optional breaking change which
on connection loss cancels all currently executed tasks with late acknowledgement enabled.
These tasks cannot be acknowledged as the connection is gone, and the tasks are automatically redelivered
back to the queue. You can enable this behavior using the worker_cancel_long_running_tasks_on_connection_loss
setting. In Celery 5.1 it is set to False by default. The setting will be set to True by default in Celery 6.0.

  warnings.warn(CANCEL_TASKS_BY_DEFAULT, CPendingDeprecationWarning)

[2026-10-03 20:02:40,748: INFO/MainProcess] Connected to redis://default:**@whistle-agreement-immune-83193.db.redis.io:15296//
[2026-10-03 20:02:42,123: INFO/MainProcess] mingle: searching for neighbors
[2026-10-03 20:02:46,848: INFO/MainProcess] mingle: all alone
[2026-10-03 20:02:52,402: WARNING/MainProcess] consumer: Connection to broker lost. Trying to re-establish the connection...
Traceback (most recent call last):
  File "D:\RECOVER_AGENT\.venv\Lib\site-packages\celery\worker\consumer\consumer.py", line 346, in start
    blueprint.start(self)
  File "D:\RECOVER_AGENT\.venv\Lib\site-packages\celery\bootsteps.py", line 116, in start
    step.start(parent)
  File "D:\RECOVER_AGENT\.venv\Lib\site-packages\celery\worker\pidbox.py", line 53, in start
    self.consumer = self.node.listen(callback=self.on_message)
                    ^^^^^^^^^^^^^^^^^^^^^^^^^^^^^^^^^^^^^^^^^^
  File "D:\RECOVER_AGENT\.venv\Lib\site-packages\kombu\pidbox.py", line 89, in listen
    consumer = self.Consumer(channel=channel,
               ^^^^^^^^^^^^^^^^^^^^^^^^^^^^^^
  File "D:\RECOVER_AGENT\.venv\Lib\site-packages\kombu\pidbox.py", line 75, in Consumer
    return Consumer(
           ^^^^^^^^^
  File "D:\RECOVER_AGENT\.venv\Lib\site-packages\kombu\messaging.py", line 414, in __init__
    self.revive(self.channel)
  File "D:\RECOVER_AGENT\.venv\Lib\site-packages\kombu\messaging.py", line 436, in revive
    self.declare()
  File "D:\RECOVER_AGENT\.venv\Lib\site-packages\kombu\messaging.py", line 450, in declare
    queue.declare()
  File "D:\RECOVER_AGENT\.venv\Lib\site-packages\kombu\entity.py", line 617, in declare
    self._create_queue(nowait=nowait, channel=channel)
  File "D:\RECOVER_AGENT\.venv\Lib\site-packages\kombu\entity.py", line 626, in _create_queue
    self.queue_declare(nowait=nowait, passive=False, channel=channel)
  File "D:\RECOVER_AGENT\.venv\Lib\site-packages\kombu\entity.py", line 655, in queue_declare
    ret = channel.queue_declare(
          ^^^^^^^^^^^^^^^^^^^^^^
  File "D:\RECOVER_AGENT\.venv\Lib\site-packages\kombu\transport\virtual\base.py", line 538, in queue_declare
    return queue_declare_ok_t(queue, self._size(queue), 0)
                                     ^^^^^^^^^^^^^^^^^
  File "D:\RECOVER_AGENT\.venv\Lib\site-packages\kombu\transport\redis.py", line 1020, in _size
    sizes = pipe.execute()
            ^^^^^^^^^^^^^^
  File "D:\RECOVER_AGENT\.venv\Lib\site-packages\redis\client.py", line 2214, in execute
    conn = self.connection_pool.get_connection()
           ^^^^^^^^^^^^^^^^^^^^^^^^^^^^^^^^^^^^^
  File "D:\RECOVER_AGENT\.venv\Lib\site-packages\redis\utils.py", line 258, in wrapper
    return func(*args, **kwargs)
           ^^^^^^^^^^^^^^^^^^^^^
  File "D:\RECOVER_AGENT\.venv\Lib\site-packages\redis\connection.py", line 3273, in get_connection
    connection.connect()
  File "D:\RECOVER_AGENT\.venv\Lib\site-packages\redis\connection.py", line 1028, in connect
    self.retry.call_with_retry(
  File "D:\RECOVER_AGENT\.venv\Lib\site-packages\redis\retry.py", line 132, in call_with_retry
    raise error
  File "D:\RECOVER_AGENT\.venv\Lib\site-packages\redis\retry.py", line 120, in call_with_retry
    return do()
           ^^^^
  File "D:\RECOVER_AGENT\.venv\Lib\site-packages\redis\connection.py", line 1029, in <lambda>
    lambda: self.connect_check_health(
            ^^^^^^^^^^^^^^^^^^^^^^^^^^
  File "D:\RECOVER_AGENT\.venv\Lib\site-packages\redis\connection.py", line 1083, in connect_check_health
    self.on_connect_check_health(check_health=check_health)
  File "D:\RECOVER_AGENT\.venv\Lib\site-packages\redis\connection.py", line 1155, in on_connect_check_health
    self.handshake_metadata = self.read_response()
                              ^^^^^^^^^^^^^^^^^^^^
  File "D:\RECOVER_AGENT\.venv\Lib\site-packages\redis\connection.py", line 1407, in read_response
    response = self._parser.read_response(
               ^^^^^^^^^^^^^^^^^^^^^^^^^^^
  File "D:\RECOVER_AGENT\.venv\Lib\site-packages\redis\_parsers\resp3.py", line 40, in read_response
    result = self._read_response(
             ^^^^^^^^^^^^^^^^^^^^
  File "D:\RECOVER_AGENT\.venv\Lib\site-packages\redis\_parsers\resp3.py", line 80, in _read_response
    raise error
redis.exceptions.ConnectionError: max number of clients reached
[2026-10-03 20:02:52,882: WARNING/MainProcess] D:\RECOVER_AGENT\.venv\Lib\site-packages\celery\worker\consumer\consumer.py:397: CPendingDeprecationWarning: 
In Celery 5.1 we introduced an optional breaking change which
on connection loss cancels all currently executed tasks with late acknowledgement enabled.
These tasks cannot be acknowledged as the connection is gone, and the tasks are automatically redelivered
back to the queue. You can enable this behavior using the worker_cancel_long_running_tasks_on_connection_loss
setting. In Celery 5.1 it is set to False by default. The setting will be set to True by default in Celery 6.0.

  warnings.warn(CANCEL_TASKS_BY_DEFAULT, CPendingDeprecationWarning)

[2026-10-03 20:02:54,317: INFO/MainProcess] Connected to redis://default:**@whistle-agreement-immune-83193.db.redis.io:15296//
[2026-10-03 20:02:55,736: INFO/MainProcess] mingle: searching for neighbors
[2026-10-03 20:04:18,937: INFO/MainProcess] mingle: all alone
[2026-10-03 20:04:24,985: WARNING/MainProcess] consumer: Connection to broker lost. Trying to re-establish the connection...
Traceback (most recent call last):
  File "D:\RECOVER_AGENT\.venv\Lib\site-packages\celery\worker\consumer\consumer.py", line 346, in start
    blueprint.start(self)
  File "D:\RECOVER_AGENT\.venv\Lib\site-packages\celery\bootsteps.py", line 116, in start
    step.start(parent)
  File "D:\RECOVER_AGENT\.venv\Lib\site-packages\celery\worker\pidbox.py", line 53, in start
    self.consumer = self.node.listen(callback=self.on_message)
                    ^^^^^^^^^^^^^^^^^^^^^^^^^^^^^^^^^^^^^^^^^^
  File "D:\RECOVER_AGENT\.venv\Lib\site-packages\kombu\pidbox.py", line 89, in listen
    consumer = self.Consumer(channel=channel,
               ^^^^^^^^^^^^^^^^^^^^^^^^^^^^^^
  File "D:\RECOVER_AGENT\.venv\Lib\site-packages\kombu\pidbox.py", line 75, in Consumer
    return Consumer(
           ^^^^^^^^^
  File "D:\RECOVER_AGENT\.venv\Lib\site-packages\kombu\messaging.py", line 414, in __init__
    self.revive(self.channel)
  File "D:\RECOVER_AGENT\.venv\Lib\site-packages\kombu\messaging.py", line 436, in revive
    self.declare()
  File "D:\RECOVER_AGENT\.venv\Lib\site-packages\kombu\messaging.py", line 450, in declare
    queue.declare()
  File "D:\RECOVER_AGENT\.venv\Lib\site-packages\kombu\entity.py", line 617, in declare
    self._create_queue(nowait=nowait, channel=channel)
  File "D:\RECOVER_AGENT\.venv\Lib\site-packages\kombu\entity.py", line 626, in _create_queue
    self.queue_declare(nowait=nowait, passive=False, channel=channel)
  File "D:\RECOVER_AGENT\.venv\Lib\site-packages\kombu\entity.py", line 655, in queue_declare
    ret = channel.queue_declare(
          ^^^^^^^^^^^^^^^^^^^^^^
  File "D:\RECOVER_AGENT\.venv\Lib\site-packages\kombu\transport\virtual\base.py", line 538, in queue_declare
    return queue_declare_ok_t(queue, self._size(queue), 0)
                                     ^^^^^^^^^^^^^^^^^
  File "D:\RECOVER_AGENT\.venv\Lib\site-packages\kombu\transport\redis.py", line 1020, in _size
    sizes = pipe.execute()
            ^^^^^^^^^^^^^^
  File "D:\RECOVER_AGENT\.venv\Lib\site-packages\redis\client.py", line 2214, in execute
    conn = self.connection_pool.get_connection()
           ^^^^^^^^^^^^^^^^^^^^^^^^^^^^^^^^^^^^^
  File "D:\RECOVER_AGENT\.venv\Lib\site-packages\redis\utils.py", line 258, in wrapper
    return func(*args, **kwargs)
           ^^^^^^^^^^^^^^^^^^^^^
  File "D:\RECOVER_AGENT\.venv\Lib\site-packages\redis\connection.py", line 3273, in get_connection
    connection.connect()
  File "D:\RECOVER_AGENT\.venv\Lib\site-packages\redis\connection.py", line 1028, in connect
    self.retry.call_with_retry(
  File "D:\RECOVER_AGENT\.venv\Lib\site-packages\redis\retry.py", line 132, in call_with_retry
    raise error
  File "D:\RECOVER_AGENT\.venv\Lib\site-packages\redis\retry.py", line 120, in call_with_retry
    return do()
           ^^^^
  File "D:\RECOVER_AGENT\.venv\Lib\site-packages\redis\connection.py", line 1029, in <lambda>
    lambda: self.connect_check_health(
            ^^^^^^^^^^^^^^^^^^^^^^^^^^
  File "D:\RECOVER_AGENT\.venv\Lib\site-packages\redis\connection.py", line 1083, in connect_check_health
    self.on_connect_check_health(check_health=check_health)
  File "D:\RECOVER_AGENT\.venv\Lib\site-packages\redis\connection.py", line 1155, in on_connect_check_health
    self.handshake_metadata = self.read_response()
                              ^^^^^^^^^^^^^^^^^^^^
  File "D:\RECOVER_AGENT\.venv\Lib\site-packages\redis\connection.py", line 1407, in read_response
    response = self._parser.read_response(
               ^^^^^^^^^^^^^^^^^^^^^^^^^^^
  File "D:\RECOVER_AGENT\.venv\Lib\site-packages\redis\_parsers\resp3.py", line 40, in read_response
    result = self._read_response(
             ^^^^^^^^^^^^^^^^^^^^
  File "D:\RECOVER_AGENT\.venv\Lib\site-packages\redis\_parsers\resp3.py", line 80, in _read_response
    raise error
redis.exceptions.ConnectionError: max number of clients reached
[2026-10-03 20:04:25,466: WARNING/MainProcess] D:\RECOVER_AGENT\.venv\Lib\site-packages\celery\worker\consumer\consumer.py:397: CPendingDeprecationWarning: 
In Celery 5.1 we introduced an optional breaking change which
on connection loss cancels all currently executed tasks with late acknowledgement enabled.
These tasks cannot be acknowledged as the connection is gone, and the tasks are automatically redelivered
back to the queue. You can enable this behavior using the worker_cancel_long_running_tasks_on_connection_loss
setting. In Celery 5.1 it is set to False by default. The setting will be set to True by default in Celery 6.0.

  warnings.warn(CANCEL_TASKS_BY_DEFAULT, CPendingDeprecationWarning)

[2026-10-03 20:04:27,143: INFO/MainProcess] Connected to redis://default:**@whistle-agreement-immune-83193.db.redis.io:15296//
[2026-10-03 20:04:28,843: INFO/MainProcess] mingle: searching for neighbors
[2026-10-03 20:04:33,912: INFO/MainProcess] mingle: all alone
[2026-10-03 20:04:39,832: WARNING/MainProcess] consumer: Connection to broker lost. Trying to re-establish the connection...
Traceback (most recent call last):
  File "D:\RECOVER_AGENT\.venv\Lib\site-packages\celery\worker\consumer\consumer.py", line 346, in start
    blueprint.start(self)
  File "D:\RECOVER_AGENT\.venv\Lib\site-packages\celery\bootsteps.py", line 116, in start
    step.start(parent)
  File "D:\RECOVER_AGENT\.venv\Lib\site-packages\celery\worker\pidbox.py", line 53, in start
    self.consumer = self.node.listen(callback=self.on_message)
                    ^^^^^^^^^^^^^^^^^^^^^^^^^^^^^^^^^^^^^^^^^^
  File "D:\RECOVER_AGENT\.venv\Lib\site-packages\kombu\pidbox.py", line 89, in listen
    consumer = self.Consumer(channel=channel,
               ^^^^^^^^^^^^^^^^^^^^^^^^^^^^^^
  File "D:\RECOVER_AGENT\.venv\Lib\site-packages\kombu\pidbox.py", line 75, in Consumer
    return Consumer(
           ^^^^^^^^^
  File "D:\RECOVER_AGENT\.venv\Lib\site-packages\kombu\messaging.py", line 414, in __init__
    self.revive(self.channel)
  File "D:\RECOVER_AGENT\.venv\Lib\site-packages\kombu\messaging.py", line 436, in revive
    self.declare()
  File "D:\RECOVER_AGENT\.venv\Lib\site-packages\kombu\messaging.py", line 450, in declare
    queue.declare()
  File "D:\RECOVER_AGENT\.venv\Lib\site-packages\kombu\entity.py", line 617, in declare
    self._create_queue(nowait=nowait, channel=channel)
  File "D:\RECOVER_AGENT\.venv\Lib\site-packages\kombu\entity.py", line 626, in _create_queue
    self.queue_declare(nowait=nowait, passive=False, channel=channel)
  File "D:\RECOVER_AGENT\.venv\Lib\site-packages\kombu\entity.py", line 655, in queue_declare
    ret = channel.queue_declare(
          ^^^^^^^^^^^^^^^^^^^^^^
  File "D:\RECOVER_AGENT\.venv\Lib\site-packages\kombu\transport\virtual\base.py", line 538, in queue_declare
    return queue_declare_ok_t(queue, self._size(queue), 0)
                                     ^^^^^^^^^^^^^^^^^
  File "D:\RECOVER_AGENT\.venv\Lib\site-packages\kombu\transport\redis.py", line 1020, in _size
    sizes = pipe.execute()
            ^^^^^^^^^^^^^^
  File "D:\RECOVER_AGENT\.venv\Lib\site-packages\redis\client.py", line 2214, in execute
    conn = self.connection_pool.get_connection()
           ^^^^^^^^^^^^^^^^^^^^^^^^^^^^^^^^^^^^^
  File "D:\RECOVER_AGENT\.venv\Lib\site-packages\redis\utils.py", line 258, in wrapper
    return func(*args, **kwargs)
           ^^^^^^^^^^^^^^^^^^^^^
  File "D:\RECOVER_AGENT\.venv\Lib\site-packages\redis\connection.py", line 3273, in get_connection
    connection.connect()
  File "D:\RECOVER_AGENT\.venv\Lib\site-packages\redis\connection.py", line 1028, in connect
    self.retry.call_with_retry(
  File "D:\RECOVER_AGENT\.venv\Lib\site-packages\redis\retry.py", line 132, in call_with_retry
    raise error
  File "D:\RECOVER_AGENT\.venv\Lib\site-packages\redis\retry.py", line 120, in call_with_retry
    return do()
           ^^^^
  File "D:\RECOVER_AGENT\.venv\Lib\site-packages\redis\connection.py", line 1029, in <lambda>
    lambda: self.connect_check_health(
            ^^^^^^^^^^^^^^^^^^^^^^^^^^
  File "D:\RECOVER_AGENT\.venv\Lib\site-packages\redis\connection.py", line 1083, in connect_check_health
    self.on_connect_check_health(check_health=check_health)
  File "D:\RECOVER_AGENT\.venv\Lib\site-packages\redis\connection.py", line 1155, in on_connect_check_health
    self.handshake_metadata = self.read_response()
                              ^^^^^^^^^^^^^^^^^^^^
  File "D:\RECOVER_AGENT\.venv\Lib\site-packages\redis\connection.py", line 1407, in read_response
    response = self._parser.read_response(
               ^^^^^^^^^^^^^^^^^^^^^^^^^^^
  File "D:\RECOVER_AGENT\.venv\Lib\site-packages\redis\_parsers\resp3.py", line 40, in read_response
    result = self._read_response(
             ^^^^^^^^^^^^^^^^^^^^
  File "D:\RECOVER_AGENT\.venv\Lib\site-packages\redis\_parsers\resp3.py", line 80, in _read_response
    raise error
redis.exceptions.ConnectionError: max number of clients reached
[2026-10-03 20:04:40,405: WARNING/MainProcess] D:\RECOVER_AGENT\.venv\Lib\site-packages\celery\worker\consumer\consumer.py:397: CPendingDeprecationWarning: 
In Celery 5.1 we introduced an optional breaking change which
on connection loss cancels all currently executed tasks with late acknowledgement enabled.
These tasks cannot be acknowledged as the connection is gone, and the tasks are automatically redelivered
back to the queue. You can enable this behavior using the worker_cancel_long_running_tasks_on_connection_loss
setting. In Celery 5.1 it is set to False by default. The setting will be set to True by default in Celery 6.0.

  warnings.warn(CANCEL_TASKS_BY_DEFAULT, CPendingDeprecationWarning)

[2026-10-03 20:04:41,790: INFO/MainProcess] Connected to redis://default:**@whistle-agreement-immune-83193.db.redis.io:15296//
[2026-10-03 20:04:43,243: INFO/MainProcess] mingle: searching for neighbors
[2026-10-03 20:04:47,941: INFO/MainProcess] mingle: all alone
[2026-10-03 20:04:54,258: WARNING/MainProcess] consumer: Connection to broker lost. Trying to re-establish the connection...
Traceback (most recent call last):
  File "D:\RECOVER_AGENT\.venv\Lib\site-packages\celery\worker\consumer\consumer.py", line 346, in start
    blueprint.start(self)
  File "D:\RECOVER_AGENT\.venv\Lib\site-packages\celery\bootsteps.py", line 116, in start
    step.start(parent)
  File "D:\RECOVER_AGENT\.venv\Lib\site-packages\celery\worker\pidbox.py", line 53, in start
    self.consumer = self.node.listen(callback=self.on_message)
                    ^^^^^^^^^^^^^^^^^^^^^^^^^^^^^^^^^^^^^^^^^^
  File "D:\RECOVER_AGENT\.venv\Lib\site-packages\kombu\pidbox.py", line 89, in listen
    consumer = self.Consumer(channel=channel,
               ^^^^^^^^^^^^^^^^^^^^^^^^^^^^^^
  File "D:\RECOVER_AGENT\.venv\Lib\site-packages\kombu\pidbox.py", line 75, in Consumer
    return Consumer(
           ^^^^^^^^^
  File "D:\RECOVER_AGENT\.venv\Lib\site-packages\kombu\messaging.py", line 414, in __init__
    self.revive(self.channel)
  File "D:\RECOVER_AGENT\.venv\Lib\site-packages\kombu\messaging.py", line 436, in revive
    self.declare()
  File "D:\RECOVER_AGENT\.venv\Lib\site-packages\kombu\messaging.py", line 450, in declare
    queue.declare()
  File "D:\RECOVER_AGENT\.venv\Lib\site-packages\kombu\entity.py", line 617, in declare
    self._create_queue(nowait=nowait, channel=channel)
  File "D:\RECOVER_AGENT\.venv\Lib\site-packages\kombu\entity.py", line 626, in _create_queue
    self.queue_declare(nowait=nowait, passive=False, channel=channel)
  File "D:\RECOVER_AGENT\.venv\Lib\site-packages\kombu\entity.py", line 655, in queue_declare
    ret = channel.queue_declare(
          ^^^^^^^^^^^^^^^^^^^^^^
  File "D:\RECOVER_AGENT\.venv\Lib\site-packages\kombu\transport\virtual\base.py", line 538, in queue_declare
    return queue_declare_ok_t(queue, self._size(queue), 0)
                                     ^^^^^^^^^^^^^^^^^
  File "D:\RECOVER_AGENT\.venv\Lib\site-packages\kombu\transport\redis.py", line 1020, in _size
    sizes = pipe.execute()
            ^^^^^^^^^^^^^^
  File "D:\RECOVER_AGENT\.venv\Lib\site-packages\redis\client.py", line 2214, in execute
    conn = self.connection_pool.get_connection()
           ^^^^^^^^^^^^^^^^^^^^^^^^^^^^^^^^^^^^^
  File "D:\RECOVER_AGENT\.venv\Lib\site-packages\redis\utils.py", line 258, in wrapper
    return func(*args, **kwargs)
           ^^^^^^^^^^^^^^^^^^^^^
  File "D:\RECOVER_AGENT\.venv\Lib\site-packages\redis\connection.py", line 3273, in get_connection
    connection.connect()
  File "D:\RECOVER_AGENT\.venv\Lib\site-packages\redis\connection.py", line 1028, in connect
    self.retry.call_with_retry(
  File "D:\RECOVER_AGENT\.venv\Lib\site-packages\redis\retry.py", line 132, in call_with_retry
    raise error
  File "D:\RECOVER_AGENT\.venv\Lib\site-packages\redis\retry.py", line 120, in call_with_retry
    return do()
           ^^^^
  File "D:\RECOVER_AGENT\.venv\Lib\site-packages\redis\connection.py", line 1029, in <lambda>
    lambda: self.connect_check_health(
            ^^^^^^^^^^^^^^^^^^^^^^^^^^
  File "D:\RECOVER_AGENT\.venv\Lib\site-packages\redis\connection.py", line 1083, in connect_check_health
    self.on_connect_check_health(check_health=check_health)
  File "D:\RECOVER_AGENT\.venv\Lib\site-packages\redis\connection.py", line 1155, in on_connect_check_health
    self.handshake_metadata = self.read_response()
                              ^^^^^^^^^^^^^^^^^^^^
  File "D:\RECOVER_AGENT\.venv\Lib\site-packages\redis\connection.py", line 1407, in read_response
    response = self._parser.read_response(
               ^^^^^^^^^^^^^^^^^^^^^^^^^^^
  File "D:\RECOVER_AGENT\.venv\Lib\site-packages\redis\_parsers\resp3.py", line 40, in read_response
    result = self._read_response(
             ^^^^^^^^^^^^^^^^^^^^
  File "D:\RECOVER_AGENT\.venv\Lib\site-packages\redis\_parsers\resp3.py", line 80, in _read_response
    raise error
redis.exceptions.ConnectionError: max number of clients reached
[2026-10-03 20:04:54,864: WARNING/MainProcess] D:\RECOVER_AGENT\.venv\Lib\site-packages\celery\worker\consumer\consumer.py:397: CPendingDeprecationWarning: 
In Celery 5.1 we introduced an optional breaking change which
on connection loss cancels all currently executed tasks with late acknowledgement enabled.
These tasks cannot be acknowledged as the connection is gone, and the tasks are automatically redelivered
back to the queue. You can enable this behavior using the worker_cancel_long_running_tasks_on_connection_loss
setting. In Celery 5.1 it is set to False by default. The setting will be set to True by default in Celery 6.0.

  warnings.warn(CANCEL_TASKS_BY_DEFAULT, CPendingDeprecationWarning)

[2026-10-03 20:04:56,539: INFO/MainProcess] Connected to redis://default:**@whistle-agreement-immune-83193.db.redis.io:15296//
[2026-10-03 20:04:58,145: INFO/MainProcess] mingle: searching for neighbors
[2026-10-03 20:05:03,119: INFO/MainProcess] mingle: all alone
[2026-10-03 20:05:08,617: WARNING/MainProcess] consumer: Connection to broker lost. Trying to re-establish the connection...
Traceback (most recent call last):
  File "D:\RECOVER_AGENT\.venv\Lib\site-packages\celery\worker\consumer\consumer.py", line 346, in start
    blueprint.start(self)
  File "D:\RECOVER_AGENT\.venv\Lib\site-packages\celery\bootsteps.py", line 116, in start
    step.start(parent)
  File "D:\RECOVER_AGENT\.venv\Lib\site-packages\celery\worker\pidbox.py", line 53, in start
    self.consumer = self.node.listen(callback=self.on_message)
                    ^^^^^^^^^^^^^^^^^^^^^^^^^^^^^^^^^^^^^^^^^^
  File "D:\RECOVER_AGENT\.venv\Lib\site-packages\kombu\pidbox.py", line 89, in listen
    consumer = self.Consumer(channel=channel,
               ^^^^^^^^^^^^^^^^^^^^^^^^^^^^^^
  File "D:\RECOVER_AGENT\.venv\Lib\site-packages\kombu\pidbox.py", line 75, in Consumer
    return Consumer(
           ^^^^^^^^^
  File "D:\RECOVER_AGENT\.venv\Lib\site-packages\kombu\messaging.py", line 414, in __init__
    self.revive(self.channel)
  File "D:\RECOVER_AGENT\.venv\Lib\site-packages\kombu\messaging.py", line 436, in revive
    self.declare()
  File "D:\RECOVER_AGENT\.venv\Lib\site-packages\kombu\messaging.py", line 450, in declare
    queue.declare()
  File "D:\RECOVER_AGENT\.venv\Lib\site-packages\kombu\entity.py", line 617, in declare
    self._create_queue(nowait=nowait, channel=channel)
  File "D:\RECOVER_AGENT\.venv\Lib\site-packages\kombu\entity.py", line 626, in _create_queue
    self.queue_declare(nowait=nowait, passive=False, channel=channel)
  File "D:\RECOVER_AGENT\.venv\Lib\site-packages\kombu\entity.py", line 655, in queue_declare
    ret = channel.queue_declare(
          ^^^^^^^^^^^^^^^^^^^^^^
  File "D:\RECOVER_AGENT\.venv\Lib\site-packages\kombu\transport\virtual\base.py", line 538, in queue_declare
    return queue_declare_ok_t(queue, self._size(queue), 0)
                                     ^^^^^^^^^^^^^^^^^
  File "D:\RECOVER_AGENT\.venv\Lib\site-packages\kombu\transport\redis.py", line 1020, in _size
    sizes = pipe.execute()
            ^^^^^^^^^^^^^^
  File "D:\RECOVER_AGENT\.venv\Lib\site-packages\redis\client.py", line 2214, in execute
    conn = self.connection_pool.get_connection()
           ^^^^^^^^^^^^^^^^^^^^^^^^^^^^^^^^^^^^^
  File "D:\RECOVER_AGENT\.venv\Lib\site-packages\redis\utils.py", line 258, in wrapper
    return func(*args, **kwargs)
           ^^^^^^^^^^^^^^^^^^^^^
  File "D:\RECOVER_AGENT\.venv\Lib\site-packages\redis\connection.py", line 3273, in get_connection
    connection.connect()
  File "D:\RECOVER_AGENT\.venv\Lib\site-packages\redis\connection.py", line 1028, in connect
    self.retry.call_with_retry(
  File "D:\RECOVER_AGENT\.venv\Lib\site-packages\redis\retry.py", line 132, in call_with_retry
    raise error
  File "D:\RECOVER_AGENT\.venv\Lib\site-packages\redis\retry.py", line 120, in call_with_retry
    return do()
           ^^^^
  File "D:\RECOVER_AGENT\.venv\Lib\site-packages\redis\connection.py", line 1029, in <lambda>
    lambda: self.connect_check_health(
            ^^^^^^^^^^^^^^^^^^^^^^^^^^
  File "D:\RECOVER_AGENT\.venv\Lib\site-packages\redis\connection.py", line 1083, in connect_check_health
    self.on_connect_check_health(check_health=check_health)
  File "D:\RECOVER_AGENT\.venv\Lib\site-packages\redis\connection.py", line 1155, in on_connect_check_health
    self.handshake_metadata = self.read_response()
                              ^^^^^^^^^^^^^^^^^^^^
  File "D:\RECOVER_AGENT\.venv\Lib\site-packages\redis\connection.py", line 1407, in read_response
    response = self._parser.read_response(
               ^^^^^^^^^^^^^^^^^^^^^^^^^^^
  File "D:\RECOVER_AGENT\.venv\Lib\site-packages\redis\_parsers\resp3.py", line 40, in read_response
    result = self._read_response(
             ^^^^^^^^^^^^^^^^^^^^
  File "D:\RECOVER_AGENT\.venv\Lib\site-packages\redis\_parsers\resp3.py", line 80, in _read_response
    raise error
redis.exceptions.ConnectionError: max number of clients reached
[2026-10-03 20:05:09,080: WARNING/MainProcess] D:\RECOVER_AGENT\.venv\Lib\site-packages\celery\worker\consumer\consumer.py:397: CPendingDeprecationWarning: 
In Celery 5.1 we introduced an optional breaking change which
on connection loss cancels all currently executed tasks with late acknowledgement enabled.
These tasks cannot be acknowledged as the connection is gone, and the tasks are automatically redelivered
back to the queue. You can enable this behavior using the worker_cancel_long_running_tasks_on_connection_loss
setting. In Celery 5.1 it is set to False by default. The setting will be set to True by default in Celery 6.0.

  warnings.warn(CANCEL_TASKS_BY_DEFAULT, CPendingDeprecationWarning)

[2026-10-03 20:05:10,564: INFO/MainProcess] Connected to redis://default:**@whistle-agreement-immune-83193.db.redis.io:15296//
[2026-10-03 20:05:12,010: INFO/MainProcess] mingle: searching for neighbors
[2026-10-03 20:05:16,379: INFO/MainProcess] mingle: all alone
[2026-10-03 20:05:22,392: WARNING/MainProcess] consumer: Connection to broker lost. Trying to re-establish the connection...
Traceback (most recent call last):
  File "D:\RECOVER_AGENT\.venv\Lib\site-packages\celery\worker\consumer\consumer.py", line 346, in start
    blueprint.start(self)
  File "D:\RECOVER_AGENT\.venv\Lib\site-packages\celery\bootsteps.py", line 116, in start
    step.start(parent)
  File "D:\RECOVER_AGENT\.venv\Lib\site-packages\celery\worker\pidbox.py", line 53, in start
    self.consumer = self.node.listen(callback=self.on_message)
                    ^^^^^^^^^^^^^^^^^^^^^^^^^^^^^^^^^^^^^^^^^^
  File "D:\RECOVER_AGENT\.venv\Lib\site-packages\kombu\pidbox.py", line 89, in listen
    consumer = self.Consumer(channel=channel,
               ^^^^^^^^^^^^^^^^^^^^^^^^^^^^^^
  File "D:\RECOVER_AGENT\.venv\Lib\site-packages\kombu\pidbox.py", line 75, in Consumer
    return Consumer(
           ^^^^^^^^^
  File "D:\RECOVER_AGENT\.venv\Lib\site-packages\kombu\messaging.py", line 414, in __init__
    self.revive(self.channel)
  File "D:\RECOVER_AGENT\.venv\Lib\site-packages\kombu\messaging.py", line 436, in revive
    self.declare()
  File "D:\RECOVER_AGENT\.venv\Lib\site-packages\kombu\messaging.py", line 450, in declare
    queue.declare()
  File "D:\RECOVER_AGENT\.venv\Lib\site-packages\kombu\entity.py", line 617, in declare
    self._create_queue(nowait=nowait, channel=channel)
  File "D:\RECOVER_AGENT\.venv\Lib\site-packages\kombu\entity.py", line 626, in _create_queue
    self.queue_declare(nowait=nowait, passive=False, channel=channel)
  File "D:\RECOVER_AGENT\.venv\Lib\site-packages\kombu\entity.py", line 655, in queue_declare
    ret = channel.queue_declare(
          ^^^^^^^^^^^^^^^^^^^^^^
  File "D:\RECOVER_AGENT\.venv\Lib\site-packages\kombu\transport\virtual\base.py", line 538, in queue_declare
    return queue_declare_ok_t(queue, self._size(queue), 0)
                                     ^^^^^^^^^^^^^^^^^
  File "D:\RECOVER_AGENT\.venv\Lib\site-packages\kombu\transport\redis.py", line 1020, in _size
    sizes = pipe.execute()
            ^^^^^^^^^^^^^^
  File "D:\RECOVER_AGENT\.venv\Lib\site-packages\redis\client.py", line 2214, in execute
    conn = self.connection_pool.get_connection()
           ^^^^^^^^^^^^^^^^^^^^^^^^^^^^^^^^^^^^^
  File "D:\RECOVER_AGENT\.venv\Lib\site-packages\redis\utils.py", line 258, in wrapper
    return func(*args, **kwargs)
           ^^^^^^^^^^^^^^^^^^^^^
  File "D:\RECOVER_AGENT\.venv\Lib\site-packages\redis\connection.py", line 3273, in get_connection
    connection.connect()
  File "D:\RECOVER_AGENT\.venv\Lib\site-packages\redis\connection.py", line 1028, in connect
    self.retry.call_with_retry(
  File "D:\RECOVER_AGENT\.venv\Lib\site-packages\redis\retry.py", line 132, in call_with_retry
    raise error
  File "D:\RECOVER_AGENT\.venv\Lib\site-packages\redis\retry.py", line 120, in call_with_retry
    return do()
           ^^^^
  File "D:\RECOVER_AGENT\.venv\Lib\site-packages\redis\connection.py", line 1029, in <lambda>
    lambda: self.connect_check_health(
            ^^^^^^^^^^^^^^^^^^^^^^^^^^
  File "D:\RECOVER_AGENT\.venv\Lib\site-packages\redis\connection.py", line 1083, in connect_check_health
    self.on_connect_check_health(check_health=check_health)
  File "D:\RECOVER_AGENT\.venv\Lib\site-packages\redis\connection.py", line 1155, in on_connect_check_health
    self.handshake_metadata = self.read_response()
                              ^^^^^^^^^^^^^^^^^^^^
  File "D:\RECOVER_AGENT\.venv\Lib\site-packages\redis\connection.py", line 1407, in read_response
    response = self._parser.read_response(
               ^^^^^^^^^^^^^^^^^^^^^^^^^^^
  File "D:\RECOVER_AGENT\.venv\Lib\site-packages\redis\_parsers\resp3.py", line 40, in read_response
    result = self._read_response(
             ^^^^^^^^^^^^^^^^^^^^
  File "D:\RECOVER_AGENT\.venv\Lib\site-packages\redis\_parsers\resp3.py", line 80, in _read_response
    raise error
redis.exceptions.ConnectionError: max number of clients reached
[2026-10-03 20:05:22,959: WARNING/MainProcess] D:\RECOVER_AGENT\.venv\Lib\site-packages\celery\worker\consumer\consumer.py:397: CPendingDeprecationWarning: 
In Celery 5.1 we introduced an optional breaking change which
on connection loss cancels all currently executed tasks with late acknowledgement enabled.
These tasks cannot be acknowledged as the connection is gone, and the tasks are automatically redelivered
back to the queue. You can enable this behavior using the worker_cancel_long_running_tasks_on_connection_loss
setting. In Celery 5.1 it is set to False by default. The setting will be set to True by default in Celery 6.0.

  warnings.warn(CANCEL_TASKS_BY_DEFAULT, CPendingDeprecationWarning)

[2026-10-03 20:05:24,399: INFO/MainProcess] Connected to redis://default:**@whistle-agreement-immune-83193.db.redis.io:15296//
[2026-10-03 20:05:25,847: INFO/MainProcess] mingle: searching for neighbors
[2026-10-03 20:05:31,052: INFO/MainProcess] mingle: all alone
[2026-10-03 20:05:37,723: WARNING/MainProcess] consumer: Connection to broker lost. Trying to re-establish the connection...
Traceback (most recent call last):
  File "D:\RECOVER_AGENT\.venv\Lib\site-packages\celery\worker\consumer\consumer.py", line 346, in start
    blueprint.start(self)
  File "D:\RECOVER_AGENT\.venv\Lib\site-packages\celery\bootsteps.py", line 116, in start
    step.start(parent)
  File "D:\RECOVER_AGENT\.venv\Lib\site-packages\celery\worker\pidbox.py", line 53, in start
    self.consumer = self.node.listen(callback=self.on_message)
                    ^^^^^^^^^^^^^^^^^^^^^^^^^^^^^^^^^^^^^^^^^^
  File "D:\RECOVER_AGENT\.venv\Lib\site-packages\kombu\pidbox.py", line 89, in listen
    consumer = self.Consumer(channel=channel,
               ^^^^^^^^^^^^^^^^^^^^^^^^^^^^^^
  File "D:\RECOVER_AGENT\.venv\Lib\site-packages\kombu\pidbox.py", line 75, in Consumer
    return Consumer(
           ^^^^^^^^^
  File "D:\RECOVER_AGENT\.venv\Lib\site-packages\kombu\messaging.py", line 414, in __init__
    self.revive(self.channel)
  File "D:\RECOVER_AGENT\.venv\Lib\site-packages\kombu\messaging.py", line 436, in revive
    self.declare()
  File "D:\RECOVER_AGENT\.venv\Lib\site-packages\kombu\messaging.py", line 450, in declare
    queue.declare()
  File "D:\RECOVER_AGENT\.venv\Lib\site-packages\kombu\entity.py", line 617, in declare
    self._create_queue(nowait=nowait, channel=channel)
  File "D:\RECOVER_AGENT\.venv\Lib\site-packages\kombu\entity.py", line 626, in _create_queue
    self.queue_declare(nowait=nowait, passive=False, channel=channel)
  File "D:\RECOVER_AGENT\.venv\Lib\site-packages\kombu\entity.py", line 655, in queue_declare
    ret = channel.queue_declare(
          ^^^^^^^^^^^^^^^^^^^^^^
  File "D:\RECOVER_AGENT\.venv\Lib\site-packages\kombu\transport\virtual\base.py", line 538, in queue_declare
    return queue_declare_ok_t(queue, self._size(queue), 0)
                                     ^^^^^^^^^^^^^^^^^
  File "D:\RECOVER_AGENT\.venv\Lib\site-packages\kombu\transport\redis.py", line 1020, in _size
    sizes = pipe.execute()
            ^^^^^^^^^^^^^^
  File "D:\RECOVER_AGENT\.venv\Lib\site-packages\redis\client.py", line 2214, in execute
    conn = self.connection_pool.get_connection()
           ^^^^^^^^^^^^^^^^^^^^^^^^^^^^^^^^^^^^^
  File "D:\RECOVER_AGENT\.venv\Lib\site-packages\redis\utils.py", line 258, in wrapper
    return func(*args, **kwargs)
           ^^^^^^^^^^^^^^^^^^^^^
  File "D:\RECOVER_AGENT\.venv\Lib\site-packages\redis\connection.py", line 3273, in get_connection
    connection.connect()
  File "D:\RECOVER_AGENT\.venv\Lib\site-packages\redis\connection.py", line 1028, in connect
    self.retry.call_with_retry(
  File "D:\RECOVER_AGENT\.venv\Lib\site-packages\redis\retry.py", line 132, in call_with_retry
    raise error
  File "D:\RECOVER_AGENT\.venv\Lib\site-packages\redis\retry.py", line 120, in call_with_retry
    return do()
           ^^^^
  File "D:\RECOVER_AGENT\.venv\Lib\site-packages\redis\connection.py", line 1029, in <lambda>
    lambda: self.connect_check_health(
            ^^^^^^^^^^^^^^^^^^^^^^^^^^
  File "D:\RECOVER_AGENT\.venv\Lib\site-packages\redis\connection.py", line 1083, in connect_check_health
    self.on_connect_check_health(check_health=check_health)
  File "D:\RECOVER_AGENT\.venv\Lib\site-packages\redis\connection.py", line 1155, in on_connect_check_health
    self.handshake_metadata = self.read_response()
                              ^^^^^^^^^^^^^^^^^^^^
  File "D:\RECOVER_AGENT\.venv\Lib\site-packages\redis\connection.py", line 1407, in read_response
    response = self._parser.read_response(
               ^^^^^^^^^^^^^^^^^^^^^^^^^^^
  File "D:\RECOVER_AGENT\.venv\Lib\site-packages\redis\_parsers\resp3.py", line 40, in read_response
    result = self._read_response(
             ^^^^^^^^^^^^^^^^^^^^
  File "D:\RECOVER_AGENT\.venv\Lib\site-packages\redis\_parsers\resp3.py", line 80, in _read_response
    raise error
redis.exceptions.ConnectionError: max number of clients reached
[2026-10-03 20:05:38,325: WARNING/MainProcess] D:\RECOVER_AGENT\.venv\Lib\site-packages\celery\worker\consumer\consumer.py:397: CPendingDeprecationWarning: 
In Celery 5.1 we introduced an optional breaking change which
on connection loss cancels all currently executed tasks with late acknowledgement enabled.
These tasks cannot be acknowledged as the connection is gone, and the tasks are automatically redelivered
back to the queue. You can enable this behavior using the worker_cancel_long_running_tasks_on_connection_loss
setting. In Celery 5.1 it is set to False by default. The setting will be set to True by default in Celery 6.0.

  warnings.warn(CANCEL_TASKS_BY_DEFAULT, CPendingDeprecationWarning)

[2026-10-03 20:05:39,775: INFO/MainProcess] Connected to redis://default:**@whistle-agreement-immune-83193.db.redis.io:15296//
[2026-10-03 20:05:41,533: INFO/MainProcess] mingle: searching for neighbors
[2026-10-03 20:05:46,631: INFO/MainProcess] mingle: all alone
[2026-10-03 20:05:52,943: WARNING/MainProcess] consumer: Connection to broker lost. Trying to re-establish the connection...
Traceback (most recent call last):
  File "D:\RECOVER_AGENT\.venv\Lib\site-packages\celery\worker\consumer\consumer.py", line 346, in start
    blueprint.start(self)
  File "D:\RECOVER_AGENT\.venv\Lib\site-packages\celery\bootsteps.py", line 116, in start
    step.start(parent)
  File "D:\RECOVER_AGENT\.venv\Lib\site-packages\celery\worker\pidbox.py", line 53, in start
    self.consumer = self.node.listen(callback=self.on_message)
                    ^^^^^^^^^^^^^^^^^^^^^^^^^^^^^^^^^^^^^^^^^^
  File "D:\RECOVER_AGENT\.venv\Lib\site-packages\kombu\pidbox.py", line 89, in listen
    consumer = self.Consumer(channel=channel,
               ^^^^^^^^^^^^^^^^^^^^^^^^^^^^^^
  File "D:\RECOVER_AGENT\.venv\Lib\site-packages\kombu\pidbox.py", line 75, in Consumer
    return Consumer(
           ^^^^^^^^^
  File "D:\RECOVER_AGENT\.venv\Lib\site-packages\kombu\messaging.py", line 414, in __init__
    self.revive(self.channel)
  File "D:\RECOVER_AGENT\.venv\Lib\site-packages\kombu\messaging.py", line 436, in revive
    self.declare()
  File "D:\RECOVER_AGENT\.venv\Lib\site-packages\kombu\messaging.py", line 450, in declare
    queue.declare()
  File "D:\RECOVER_AGENT\.venv\Lib\site-packages\kombu\entity.py", line 617, in declare
    self._create_queue(nowait=nowait, channel=channel)
  File "D:\RECOVER_AGENT\.venv\Lib\site-packages\kombu\entity.py", line 626, in _create_queue
    self.queue_declare(nowait=nowait, passive=False, channel=channel)
  File "D:\RECOVER_AGENT\.venv\Lib\site-packages\kombu\entity.py", line 655, in queue_declare
    ret = channel.queue_declare(
          ^^^^^^^^^^^^^^^^^^^^^^
  File "D:\RECOVER_AGENT\.venv\Lib\site-packages\kombu\transport\virtual\base.py", line 538, in queue_declare
    return queue_declare_ok_t(queue, self._size(queue), 0)
                                     ^^^^^^^^^^^^^^^^^
  File "D:\RECOVER_AGENT\.venv\Lib\site-packages\kombu\transport\redis.py", line 1020, in _size
    sizes = pipe.execute()
            ^^^^^^^^^^^^^^
  File "D:\RECOVER_AGENT\.venv\Lib\site-packages\redis\client.py", line 2214, in execute
    conn = self.connection_pool.get_connection()
           ^^^^^^^^^^^^^^^^^^^^^^^^^^^^^^^^^^^^^
  File "D:\RECOVER_AGENT\.venv\Lib\site-packages\redis\utils.py", line 258, in wrapper
    return func(*args, **kwargs)
           ^^^^^^^^^^^^^^^^^^^^^
  File "D:\RECOVER_AGENT\.venv\Lib\site-packages\redis\connection.py", line 3273, in get_connection
    connection.connect()
  File "D:\RECOVER_AGENT\.venv\Lib\site-packages\redis\connection.py", line 1028, in connect
    self.retry.call_with_retry(
  File "D:\RECOVER_AGENT\.venv\Lib\site-packages\redis\retry.py", line 132, in call_with_retry
    raise error
  File "D:\RECOVER_AGENT\.venv\Lib\site-packages\redis\retry.py", line 120, in call_with_retry
    return do()
           ^^^^
  File "D:\RECOVER_AGENT\.venv\Lib\site-packages\redis\connection.py", line 1029, in <lambda>
    lambda: self.connect_check_health(
            ^^^^^^^^^^^^^^^^^^^^^^^^^^
  File "D:\RECOVER_AGENT\.venv\Lib\site-packages\redis\connection.py", line 1083, in connect_check_health
    self.on_connect_check_health(check_health=check_health)
  File "D:\RECOVER_AGENT\.venv\Lib\site-packages\redis\connection.py", line 1155, in on_connect_check_health
    self.handshake_metadata = self.read_response()
                              ^^^^^^^^^^^^^^^^^^^^
  File "D:\RECOVER_AGENT\.venv\Lib\site-packages\redis\connection.py", line 1407, in read_response
    response = self._parser.read_response(
               ^^^^^^^^^^^^^^^^^^^^^^^^^^^
  File "D:\RECOVER_AGENT\.venv\Lib\site-packages\redis\_parsers\resp3.py", line 40, in read_response
    result = self._read_response(
             ^^^^^^^^^^^^^^^^^^^^
  File "D:\RECOVER_AGENT\.venv\Lib\site-packages\redis\_parsers\resp3.py", line 80, in _read_response
    raise error
redis.exceptions.ConnectionError: max number of clients reached
[2026-10-03 20:05:53,539: WARNING/MainProcess] D:\RECOVER_AGENT\.venv\Lib\site-packages\celery\worker\consumer\consumer.py:397: CPendingDeprecationWarning: 
In Celery 5.1 we introduced an optional breaking change which
on connection loss cancels all currently executed tasks with late acknowledgement enabled.
These tasks cannot be acknowledged as the connection is gone, and the tasks are automatically redelivered
back to the queue. You can enable this behavior using the worker_cancel_long_running_tasks_on_connection_loss
setting. In Celery 5.1 it is set to False by default. The setting will be set to True by default in Celery 6.0.

  warnings.warn(CANCEL_TASKS_BY_DEFAULT, CPendingDeprecationWarning)

[2026-10-03 20:05:54,940: INFO/MainProcess] Connected to redis://default:**@whistle-agreement-immune-83193.db.redis.io:15296//
[2026-10-03 20:05:56,346: INFO/MainProcess] mingle: searching for neighbors
[2026-10-03 20:06:01,603: INFO/MainProcess] mingle: all alone
[2026-10-03 20:06:07,427: WARNING/MainProcess] consumer: Connection to broker lost. Trying to re-establish the connection...
Traceback (most recent call last):
  File "D:\RECOVER_AGENT\.venv\Lib\site-packages\celery\worker\consumer\consumer.py", line 346, in start
    blueprint.start(self)
  File "D:\RECOVER_AGENT\.venv\Lib\site-packages\celery\bootsteps.py", line 116, in start
    step.start(parent)
  File "D:\RECOVER_AGENT\.venv\Lib\site-packages\celery\worker\pidbox.py", line 53, in start
    self.consumer = self.node.listen(callback=self.on_message)
                    ^^^^^^^^^^^^^^^^^^^^^^^^^^^^^^^^^^^^^^^^^^
  File "D:\RECOVER_AGENT\.venv\Lib\site-packages\kombu\pidbox.py", line 89, in listen
    consumer = self.Consumer(channel=channel,
               ^^^^^^^^^^^^^^^^^^^^^^^^^^^^^^
  File "D:\RECOVER_AGENT\.venv\Lib\site-packages\kombu\pidbox.py", line 75, in Consumer
    return Consumer(
           ^^^^^^^^^
  File "D:\RECOVER_AGENT\.venv\Lib\site-packages\kombu\messaging.py", line 414, in __init__
    self.revive(self.channel)
  File "D:\RECOVER_AGENT\.venv\Lib\site-packages\kombu\messaging.py", line 436, in revive
    self.declare()
  File "D:\RECOVER_AGENT\.venv\Lib\site-packages\kombu\messaging.py", line 450, in declare
    queue.declare()
  File "D:\RECOVER_AGENT\.venv\Lib\site-packages\kombu\entity.py", line 617, in declare
    self._create_queue(nowait=nowait, channel=channel)
  File "D:\RECOVER_AGENT\.venv\Lib\site-packages\kombu\entity.py", line 626, in _create_queue
    self.queue_declare(nowait=nowait, passive=False, channel=channel)
  File "D:\RECOVER_AGENT\.venv\Lib\site-packages\kombu\entity.py", line 655, in queue_declare
    ret = channel.queue_declare(
          ^^^^^^^^^^^^^^^^^^^^^^
  File "D:\RECOVER_AGENT\.venv\Lib\site-packages\kombu\transport\virtual\base.py", line 538, in queue_declare
    return queue_declare_ok_t(queue, self._size(queue), 0)
                                     ^^^^^^^^^^^^^^^^^
  File "D:\RECOVER_AGENT\.venv\Lib\site-packages\kombu\transport\redis.py", line 1020, in _size
    sizes = pipe.execute()
            ^^^^^^^^^^^^^^
  File "D:\RECOVER_AGENT\.venv\Lib\site-packages\redis\client.py", line 2214, in execute
    conn = self.connection_pool.get_connection()
           ^^^^^^^^^^^^^^^^^^^^^^^^^^^^^^^^^^^^^
  File "D:\RECOVER_AGENT\.venv\Lib\site-packages\redis\utils.py", line 258, in wrapper
    return func(*args, **kwargs)
           ^^^^^^^^^^^^^^^^^^^^^
  File "D:\RECOVER_AGENT\.venv\Lib\site-packages\redis\connection.py", line 3273, in get_connection
    connection.connect()
  File "D:\RECOVER_AGENT\.venv\Lib\site-packages\redis\connection.py", line 1028, in connect
    self.retry.call_with_retry(
  File "D:\RECOVER_AGENT\.venv\Lib\site-packages\redis\retry.py", line 132, in call_with_retry
    raise error
  File "D:\RECOVER_AGENT\.venv\Lib\site-packages\redis\retry.py", line 120, in call_with_retry
    return do()
           ^^^^
  File "D:\RECOVER_AGENT\.venv\Lib\site-packages\redis\connection.py", line 1029, in <lambda>
    lambda: self.connect_check_health(
            ^^^^^^^^^^^^^^^^^^^^^^^^^^
  File "D:\RECOVER_AGENT\.venv\Lib\site-packages\redis\connection.py", line 1083, in connect_check_health
    self.on_connect_check_health(check_health=check_health)
  File "D:\RECOVER_AGENT\.venv\Lib\site-packages\redis\connection.py", line 1155, in on_connect_check_health
    self.handshake_metadata = self.read_response()
                              ^^^^^^^^^^^^^^^^^^^^
  File "D:\RECOVER_AGENT\.venv\Lib\site-packages\redis\connection.py", line 1407, in read_response
    response = self._parser.read_response(
               ^^^^^^^^^^^^^^^^^^^^^^^^^^^
  File "D:\RECOVER_AGENT\.venv\Lib\site-packages\redis\_parsers\resp3.py", line 40, in read_response
    result = self._read_response(
             ^^^^^^^^^^^^^^^^^^^^
  File "D:\RECOVER_AGENT\.venv\Lib\site-packages\redis\_parsers\resp3.py", line 80, in _read_response
    raise error
redis.exceptions.ConnectionError: max number of clients reached
[2026-10-03 20:06:07,979: WARNING/MainProcess] D:\RECOVER_AGENT\.venv\Lib\site-packages\celery\worker\consumer\consumer.py:397: CPendingDeprecationWarning: 
In Celery 5.1 we introduced an optional breaking change which
on connection loss cancels all currently executed tasks with late acknowledgement enabled.
These tasks cannot be acknowledged as the connection is gone, and the tasks are automatically redelivered
back to the queue. You can enable this behavior using the worker_cancel_long_running_tasks_on_connection_loss
setting. In Celery 5.1 it is set to False by default. The setting will be set to True by default in Celery 6.0.

  warnings.warn(CANCEL_TASKS_BY_DEFAULT, CPendingDeprecationWarning)

[2026-10-03 20:06:09,381: INFO/MainProcess] Connected to redis://default:**@whistle-agreement-immune-83193.db.redis.io:15296//
[2026-10-03 20:06:10,765: INFO/MainProcess] mingle: searching for neighbors
[2026-10-03 20:06:15,051: INFO/MainProcess] mingle: all alone
[2026-10-03 20:06:20,509: WARNING/MainProcess] consumer: Connection to broker lost. Trying to re-establish the connection...
Traceback (most recent call last):
  File "D:\RECOVER_AGENT\.venv\Lib\site-packages\celery\worker\consumer\consumer.py", line 346, in start
    blueprint.start(self)
  File "D:\RECOVER_AGENT\.venv\Lib\site-packages\celery\bootsteps.py", line 116, in start
    step.start(parent)
  File "D:\RECOVER_AGENT\.venv\Lib\site-packages\celery\worker\pidbox.py", line 53, in start
    self.consumer = self.node.listen(callback=self.on_message)
                    ^^^^^^^^^^^^^^^^^^^^^^^^^^^^^^^^^^^^^^^^^^
  File "D:\RECOVER_AGENT\.venv\Lib\site-packages\kombu\pidbox.py", line 89, in listen
    consumer = self.Consumer(channel=channel,
               ^^^^^^^^^^^^^^^^^^^^^^^^^^^^^^
  File "D:\RECOVER_AGENT\.venv\Lib\site-packages\kombu\pidbox.py", line 75, in Consumer
    return Consumer(
           ^^^^^^^^^
  File "D:\RECOVER_AGENT\.venv\Lib\site-packages\kombu\messaging.py", line 414, in __init__
    self.revive(self.channel)
  File "D:\RECOVER_AGENT\.venv\Lib\site-packages\kombu\messaging.py", line 436, in revive
    self.declare()
  File "D:\RECOVER_AGENT\.venv\Lib\site-packages\kombu\messaging.py", line 450, in declare
    queue.declare()
  File "D:\RECOVER_AGENT\.venv\Lib\site-packages\kombu\entity.py", line 617, in declare
    self._create_queue(nowait=nowait, channel=channel)
  File "D:\RECOVER_AGENT\.venv\Lib\site-packages\kombu\entity.py", line 626, in _create_queue
    self.queue_declare(nowait=nowait, passive=False, channel=channel)
  File "D:\RECOVER_AGENT\.venv\Lib\site-packages\kombu\entity.py", line 655, in queue_declare
    ret = channel.queue_declare(
          ^^^^^^^^^^^^^^^^^^^^^^
  File "D:\RECOVER_AGENT\.venv\Lib\site-packages\kombu\transport\virtual\base.py", line 538, in queue_declare
    return queue_declare_ok_t(queue, self._size(queue), 0)
                                     ^^^^^^^^^^^^^^^^^
  File "D:\RECOVER_AGENT\.venv\Lib\site-packages\kombu\transport\redis.py", line 1020, in _size
    sizes = pipe.execute()
            ^^^^^^^^^^^^^^
  File "D:\RECOVER_AGENT\.venv\Lib\site-packages\redis\client.py", line 2214, in execute
    conn = self.connection_pool.get_connection()
           ^^^^^^^^^^^^^^^^^^^^^^^^^^^^^^^^^^^^^
  File "D:\RECOVER_AGENT\.venv\Lib\site-packages\redis\utils.py", line 258, in wrapper
    return func(*args, **kwargs)
           ^^^^^^^^^^^^^^^^^^^^^
  File "D:\RECOVER_AGENT\.venv\Lib\site-packages\redis\connection.py", line 3273, in get_connection
    connection.connect()
  File "D:\RECOVER_AGENT\.venv\Lib\site-packages\redis\connection.py", line 1028, in connect
    self.retry.call_with_retry(
  File "D:\RECOVER_AGENT\.venv\Lib\site-packages\redis\retry.py", line 132, in call_with_retry
    raise error
  File "D:\RECOVER_AGENT\.venv\Lib\site-packages\redis\retry.py", line 120, in call_with_retry
    return do()
           ^^^^
  File "D:\RECOVER_AGENT\.venv\Lib\site-packages\redis\connection.py", line 1029, in <lambda>
    lambda: self.connect_check_health(
            ^^^^^^^^^^^^^^^^^^^^^^^^^^
  File "D:\RECOVER_AGENT\.venv\Lib\site-packages\redis\connection.py", line 1083, in connect_check_health
    self.on_connect_check_health(check_health=check_health)
  File "D:\RECOVER_AGENT\.venv\Lib\site-packages\redis\connection.py", line 1155, in on_connect_check_health
    self.handshake_metadata = self.read_response()
                              ^^^^^^^^^^^^^^^^^^^^
  File "D:\RECOVER_AGENT\.venv\Lib\site-packages\redis\connection.py", line 1407, in read_response
    response = self._parser.read_response(
               ^^^^^^^^^^^^^^^^^^^^^^^^^^^
  File "D:\RECOVER_AGENT\.venv\Lib\site-packages\redis\_parsers\resp3.py", line 40, in read_response
    result = self._read_response(
             ^^^^^^^^^^^^^^^^^^^^
  File "D:\RECOVER_AGENT\.venv\Lib\site-packages\redis\_parsers\resp3.py", line 80, in _read_response
    raise error
redis.exceptions.ConnectionError: max number of clients reached
[2026-10-03 20:06:20,999: WARNING/MainProcess] D:\RECOVER_AGENT\.venv\Lib\site-packages\celery\worker\consumer\consumer.py:397: CPendingDeprecationWarning: 
In Celery 5.1 we introduced an optional breaking change which
on connection loss cancels all currently executed tasks with late acknowledgement enabled.
These tasks cannot be acknowledged as the connection is gone, and the tasks are automatically redelivered
back to the queue. You can enable this behavior using the worker_cancel_long_running_tasks_on_connection_loss
setting. In Celery 5.1 it is set to False by default. The setting will be set to True by default in Celery 6.0.

  warnings.warn(CANCEL_TASKS_BY_DEFAULT, CPendingDeprecationWarning)

[2026-10-03 20:06:22,574: INFO/MainProcess] Connected to redis://default:**@whistle-agreement-immune-83193.db.redis.io:15296//
[2026-10-03 20:06:24,031: INFO/MainProcess] mingle: searching for neighbors
[2026-10-03 20:06:28,406: INFO/MainProcess] mingle: all alone
[2026-10-03 20:06:34,014: WARNING/MainProcess] consumer: Connection to broker lost. Trying to re-establish the connection...
Traceback (most recent call last):
  File "D:\RECOVER_AGENT\.venv\Lib\site-packages\celery\worker\consumer\consumer.py", line 346, in start
    blueprint.start(self)
  File "D:\RECOVER_AGENT\.venv\Lib\site-packages\celery\bootsteps.py", line 116, in start
    step.start(parent)
  File "D:\RECOVER_AGENT\.venv\Lib\site-packages\celery\worker\pidbox.py", line 53, in start
    self.consumer = self.node.listen(callback=self.on_message)
                    ^^^^^^^^^^^^^^^^^^^^^^^^^^^^^^^^^^^^^^^^^^
  File "D:\RECOVER_AGENT\.venv\Lib\site-packages\kombu\pidbox.py", line 89, in listen
    consumer = self.Consumer(channel=channel,
               ^^^^^^^^^^^^^^^^^^^^^^^^^^^^^^
  File "D:\RECOVER_AGENT\.venv\Lib\site-packages\kombu\pidbox.py", line 75, in Consumer
    return Consumer(
           ^^^^^^^^^
  File "D:\RECOVER_AGENT\.venv\Lib\site-packages\kombu\messaging.py", line 414, in __init__
    self.revive(self.channel)
  File "D:\RECOVER_AGENT\.venv\Lib\site-packages\kombu\messaging.py", line 436, in revive
    self.declare()
  File "D:\RECOVER_AGENT\.venv\Lib\site-packages\kombu\messaging.py", line 450, in declare
    queue.declare()
  File "D:\RECOVER_AGENT\.venv\Lib\site-packages\kombu\entity.py", line 617, in declare
    self._create_queue(nowait=nowait, channel=channel)
  File "D:\RECOVER_AGENT\.venv\Lib\site-packages\kombu\entity.py", line 626, in _create_queue
    self.queue_declare(nowait=nowait, passive=False, channel=channel)
  File "D:\RECOVER_AGENT\.venv\Lib\site-packages\kombu\entity.py", line 655, in queue_declare
    ret = channel.queue_declare(
          ^^^^^^^^^^^^^^^^^^^^^^
  File "D:\RECOVER_AGENT\.venv\Lib\site-packages\kombu\transport\virtual\base.py", line 538, in queue_declare
    return queue_declare_ok_t(queue, self._size(queue), 0)
                                     ^^^^^^^^^^^^^^^^^
  File "D:\RECOVER_AGENT\.venv\Lib\site-packages\kombu\transport\redis.py", line 1020, in _size
    sizes = pipe.execute()
            ^^^^^^^^^^^^^^
  File "D:\RECOVER_AGENT\.venv\Lib\site-packages\redis\client.py", line 2214, in execute
    conn = self.connection_pool.get_connection()
           ^^^^^^^^^^^^^^^^^^^^^^^^^^^^^^^^^^^^^
  File "D:\RECOVER_AGENT\.venv\Lib\site-packages\redis\utils.py", line 258, in wrapper
    return func(*args, **kwargs)
           ^^^^^^^^^^^^^^^^^^^^^
  File "D:\RECOVER_AGENT\.venv\Lib\site-packages\redis\connection.py", line 3273, in get_connection
    connection.connect()
  File "D:\RECOVER_AGENT\.venv\Lib\site-packages\redis\connection.py", line 1028, in connect
    self.retry.call_with_retry(
  File "D:\RECOVER_AGENT\.venv\Lib\site-packages\redis\retry.py", line 132, in call_with_retry
    raise error
  File "D:\RECOVER_AGENT\.venv\Lib\site-packages\redis\retry.py", line 120, in call_with_retry
    return do()
           ^^^^
  File "D:\RECOVER_AGENT\.venv\Lib\site-packages\redis\connection.py", line 1029, in <lambda>
    lambda: self.connect_check_health(
            ^^^^^^^^^^^^^^^^^^^^^^^^^^
  File "D:\RECOVER_AGENT\.venv\Lib\site-packages\redis\connection.py", line 1083, in connect_check_health
    self.on_connect_check_health(check_health=check_health)
  File "D:\RECOVER_AGENT\.venv\Lib\site-packages\redis\connection.py", line 1155, in on_connect_check_health
    self.handshake_metadata = self.read_response()
                              ^^^^^^^^^^^^^^^^^^^^
  File "D:\RECOVER_AGENT\.venv\Lib\site-packages\redis\connection.py", line 1407, in read_response
    response = self._parser.read_response(
               ^^^^^^^^^^^^^^^^^^^^^^^^^^^
  File "D:\RECOVER_AGENT\.venv\Lib\site-packages\redis\_parsers\resp3.py", line 40, in read_response
    result = self._read_response(
             ^^^^^^^^^^^^^^^^^^^^
  File "D:\RECOVER_AGENT\.venv\Lib\site-packages\redis\_parsers\resp3.py", line 80, in _read_response
    raise error
redis.exceptions.ConnectionError: max number of clients reached
[2026-10-03 20:06:34,019: WARNING/MainProcess] Requeuing undeliverable message for queue 'b1614efc-3dfb-3bdb-983d-ccc539128e89.reply.celery.pidbox': No consumers.
[2026-10-03 20:06:35,290: CRITICAL/MainProcess] Could not restore message: {'body': 'eyJjZWxlcnlATEFQVE9QLTM2TkpDMU9RIjogbnVsbH0=', 'content-encoding': 'utf-8', 'content-type': 'application/json', 'headers': {'ticket': '36449b8a-6130-45ac-b7ca-1ab988ccc515', 'clock': 179, 'redelivered': True}, 'properties': {'delivery_mode': 1, 'delivery_info': {'exchange': 'reply.celery.pidbox', 'routing_key': 'b1614efc-3dfb-3bdb-983d-ccc539128e89', 'redelivered': True}, 'priority': 0, 'body_encoding': 'base64', 'delivery_tag': '1916fa57-6ded-4397-a78e-969239c34b34'}}
Traceback (most recent call last):
  File "D:\RECOVER_AGENT\.venv\Lib\site-packages\celery\worker\consumer\consumer.py", line 346, in start
    blueprint.start(self)
  File "D:\RECOVER_AGENT\.venv\Lib\site-packages\celery\bootsteps.py", line 116, in start
    step.start(parent)
  File "D:\RECOVER_AGENT\.venv\Lib\site-packages\celery\worker\pidbox.py", line 53, in start
    self.consumer = self.node.listen(callback=self.on_message)
                    ^^^^^^^^^^^^^^^^^^^^^^^^^^^^^^^^^^^^^^^^^^
  File "D:\RECOVER_AGENT\.venv\Lib\site-packages\kombu\pidbox.py", line 89, in listen
    consumer = self.Consumer(channel=channel,
               ^^^^^^^^^^^^^^^^^^^^^^^^^^^^^^
  File "D:\RECOVER_AGENT\.venv\Lib\site-packages\kombu\pidbox.py", line 75, in Consumer
    return Consumer(
           ^^^^^^^^^
  File "D:\RECOVER_AGENT\.venv\Lib\site-packages\kombu\messaging.py", line 414, in __init__
    self.revive(self.channel)
  File "D:\RECOVER_AGENT\.venv\Lib\site-packages\kombu\messaging.py", line 436, in revive
    self.declare()
  File "D:\RECOVER_AGENT\.venv\Lib\site-packages\kombu\messaging.py", line 450, in declare
    queue.declare()
  File "D:\RECOVER_AGENT\.venv\Lib\site-packages\kombu\entity.py", line 617, in declare
    self._create_queue(nowait=nowait, channel=channel)
  File "D:\RECOVER_AGENT\.venv\Lib\site-packages\kombu\entity.py", line 626, in _create_queue
    self.queue_declare(nowait=nowait, passive=False, channel=channel)
  File "D:\RECOVER_AGENT\.venv\Lib\site-packages\kombu\entity.py", line 655, in queue_declare
    ret = channel.queue_declare(
          ^^^^^^^^^^^^^^^^^^^^^^
  File "D:\RECOVER_AGENT\.venv\Lib\site-packages\kombu\transport\virtual\base.py", line 538, in queue_declare
    return queue_declare_ok_t(queue, self._size(queue), 0)
                                     ^^^^^^^^^^^^^^^^^
  File "D:\RECOVER_AGENT\.venv\Lib\site-packages\kombu\transport\redis.py", line 1020, in _size
    sizes = pipe.execute()
            ^^^^^^^^^^^^^^
  File "D:\RECOVER_AGENT\.venv\Lib\site-packages\redis\client.py", line 2214, in execute
    conn = self.connection_pool.get_connection()
           ^^^^^^^^^^^^^^^^^^^^^^^^^^^^^^^^^^^^^
  File "D:\RECOVER_AGENT\.venv\Lib\site-packages\redis\utils.py", line 258, in wrapper
    return func(*args, **kwargs)
           ^^^^^^^^^^^^^^^^^^^^^
  File "D:\RECOVER_AGENT\.venv\Lib\site-packages\redis\connection.py", line 3273, in get_connection
    connection.connect()
  File "D:\RECOVER_AGENT\.venv\Lib\site-packages\redis\connection.py", line 1028, in connect
    self.retry.call_with_retry(
  File "D:\RECOVER_AGENT\.venv\Lib\site-packages\redis\retry.py", line 132, in call_with_retry
    raise error
  File "D:\RECOVER_AGENT\.venv\Lib\site-packages\redis\retry.py", line 120, in call_with_retry
    return do()
           ^^^^
  File "D:\RECOVER_AGENT\.venv\Lib\site-packages\redis\connection.py", line 1029, in <lambda>
    lambda: self.connect_check_health(
            ^^^^^^^^^^^^^^^^^^^^^^^^^^
  File "D:\RECOVER_AGENT\.venv\Lib\site-packages\redis\connection.py", line 1083, in connect_check_health
    self.on_connect_check_health(check_health=check_health)
  File "D:\RECOVER_AGENT\.venv\Lib\site-packages\redis\connection.py", line 1155, in on_connect_check_health
    self.handshake_metadata = self.read_response()
                              ^^^^^^^^^^^^^^^^^^^^
  File "D:\RECOVER_AGENT\.venv\Lib\site-packages\redis\connection.py", line 1407, in read_response
    response = self._parser.read_response(
               ^^^^^^^^^^^^^^^^^^^^^^^^^^^
  File "D:\RECOVER_AGENT\.venv\Lib\site-packages\redis\_parsers\resp3.py", line 40, in read_response
    result = self._read_response(
             ^^^^^^^^^^^^^^^^^^^^
  File "D:\RECOVER_AGENT\.venv\Lib\site-packages\redis\_parsers\resp3.py", line 80, in _read_response
    raise error
redis.exceptions.ConnectionError: max number of clients reached

During handling of the above exception, another exception occurred:

Traceback (most recent call last):
  File "D:\RECOVER_AGENT\.venv\Lib\site-packages\kombu\connection.py", line 381, in collect
    gc_transport = self._transport._collect
                   ^^^^^^^^^^^^^^^^^^^^^^^^
AttributeError: 'Transport' object has no attribute '_collect'

During handling of the above exception, another exception occurred:

Traceback (most recent call last):
  File "D:\RECOVER_AGENT\.venv\Lib\site-packages\kombu\transport\virtual\base.py", line 1012, in _deliver
    callback = self._callbacks[queue]
               ~~~~~~~~~~~~~~~^^^^^^^
KeyError: 'b1614efc-3dfb-3bdb-983d-ccc539128e89.reply.celery.pidbox'

During handling of the above exception, another exception occurred:

Traceback (most recent call last):
  File "D:\RECOVER_AGENT\.venv\Lib\site-packages\kombu\transport\redis.py", line 804, in _do_restore_message
    for queue in self._lookup(exchange, routing_key):
                 ^^^^^^^^^^^^^^^^^^^^^^^^^^^^^^^^^^^
  File "D:\RECOVER_AGENT\.venv\Lib\site-packages\kombu\transport\virtual\base.py", line 722, in _lookup
    self.get_table(exchange),
    ^^^^^^^^^^^^^^^^^^^^^^^^
  File "D:\RECOVER_AGENT\.venv\Lib\site-packages\kombu\transport\redis.py", line 1087, in get_table
    values = client.smembers(key)
             ^^^^^^^^^^^^^^^^^^^^
  File "D:\RECOVER_AGENT\.venv\Lib\site-packages\redis\commands\core.py", line 6672, in smembers
    return self.execute_command("SMEMBERS", name, keys=[name])
           ^^^^^^^^^^^^^^^^^^^^^^^^^^^^^^^^^^^^^^^^^^^^^^^^^^^
  File "D:\RECOVER_AGENT\.venv\Lib\site-packages\redis\client.py", line 867, in execute_command
    return self._execute_command(*args, **options)
           ^^^^^^^^^^^^^^^^^^^^^^^^^^^^^^^^^^^^^^^
  File "D:\RECOVER_AGENT\.venv\Lib\site-packages\redis\client.py", line 873, in _execute_command
    conn = self.connection or pool.get_connection()
                              ^^^^^^^^^^^^^^^^^^^^^
  File "D:\RECOVER_AGENT\.venv\Lib\site-packages\redis\utils.py", line 258, in wrapper
    return func(*args, **kwargs)
           ^^^^^^^^^^^^^^^^^^^^^
  File "D:\RECOVER_AGENT\.venv\Lib\site-packages\redis\connection.py", line 3273, in get_connection
    connection.connect()
  File "D:\RECOVER_AGENT\.venv\Lib\site-packages\redis\connection.py", line 1028, in connect
    self.retry.call_with_retry(
  File "D:\RECOVER_AGENT\.venv\Lib\site-packages\redis\retry.py", line 132, in call_with_retry
    raise error
  File "D:\RECOVER_AGENT\.venv\Lib\site-packages\redis\retry.py", line 120, in call_with_retry
    return do()
           ^^^^
  File "D:\RECOVER_AGENT\.venv\Lib\site-packages\redis\connection.py", line 1029, in <lambda>
    lambda: self.connect_check_health(
            ^^^^^^^^^^^^^^^^^^^^^^^^^^
  File "D:\RECOVER_AGENT\.venv\Lib\site-packages\redis\connection.py", line 1083, in connect_check_health
    self.on_connect_check_health(check_health=check_health)
  File "D:\RECOVER_AGENT\.venv\Lib\site-packages\redis\connection.py", line 1155, in on_connect_check_health
    self.handshake_metadata = self.read_response()
                              ^^^^^^^^^^^^^^^^^^^^
  File "D:\RECOVER_AGENT\.venv\Lib\site-packages\redis\connection.py", line 1407, in read_response
    response = self._parser.read_response(
               ^^^^^^^^^^^^^^^^^^^^^^^^^^^
  File "D:\RECOVER_AGENT\.venv\Lib\site-packages\redis\_parsers\resp3.py", line 40, in read_response
    result = self._read_response(
             ^^^^^^^^^^^^^^^^^^^^
  File "D:\RECOVER_AGENT\.venv\Lib\site-packages\redis\_parsers\resp3.py", line 80, in _read_response
    raise error
redis.exceptions.ConnectionError: max number of clients reached
[2026-10-03 20:06:36,593: CRITICAL/MainProcess] Could not restore message: {'body': 'eyJjZWxlcnlATEFQVE9QLTM2TkpDMU9RIjogbnVsbH0=', 'content-encoding': 'utf-8', 'content-type': 'application/json', 'headers': {'ticket': '36449b8a-6130-45ac-b7ca-1ab988ccc515', 'clock': 179, 'redelivered': True}, 'properties': {'delivery_mode': 1, 'delivery_info': {'exchange': 'reply.celery.pidbox', 'routing_key': 'b1614efc-3dfb-3bdb-983d-ccc539128e89', 'redelivered': True}, 'priority': 0, 'body_encoding': 'base64', 'delivery_tag': '1916fa57-6ded-4397-a78e-969239c34b34'}}
Traceback (most recent call last):
  File "D:\RECOVER_AGENT\.venv\Lib\site-packages\celery\worker\consumer\consumer.py", line 346, in start
    blueprint.start(self)
  File "D:\RECOVER_AGENT\.venv\Lib\site-packages\celery\bootsteps.py", line 116, in start
    step.start(parent)
  File "D:\RECOVER_AGENT\.venv\Lib\site-packages\celery\worker\pidbox.py", line 53, in start
    self.consumer = self.node.listen(callback=self.on_message)
                    ^^^^^^^^^^^^^^^^^^^^^^^^^^^^^^^^^^^^^^^^^^
  File "D:\RECOVER_AGENT\.venv\Lib\site-packages\kombu\pidbox.py", line 89, in listen
    consumer = self.Consumer(channel=channel,
               ^^^^^^^^^^^^^^^^^^^^^^^^^^^^^^
  File "D:\RECOVER_AGENT\.venv\Lib\site-packages\kombu\pidbox.py", line 75, in Consumer
    return Consumer(
           ^^^^^^^^^
  File "D:\RECOVER_AGENT\.venv\Lib\site-packages\kombu\messaging.py", line 414, in __init__
    self.revive(self.channel)
  File "D:\RECOVER_AGENT\.venv\Lib\site-packages\kombu\messaging.py", line 436, in revive
    self.declare()
  File "D:\RECOVER_AGENT\.venv\Lib\site-packages\kombu\messaging.py", line 450, in declare
    queue.declare()
  File "D:\RECOVER_AGENT\.venv\Lib\site-packages\kombu\entity.py", line 617, in declare
    self._create_queue(nowait=nowait, channel=channel)
  File "D:\RECOVER_AGENT\.venv\Lib\site-packages\kombu\entity.py", line 626, in _create_queue
    self.queue_declare(nowait=nowait, passive=False, channel=channel)
  File "D:\RECOVER_AGENT\.venv\Lib\site-packages\kombu\entity.py", line 655, in queue_declare
    ret = channel.queue_declare(
          ^^^^^^^^^^^^^^^^^^^^^^
  File "D:\RECOVER_AGENT\.venv\Lib\site-packages\kombu\transport\virtual\base.py", line 538, in queue_declare
    return queue_declare_ok_t(queue, self._size(queue), 0)
                                     ^^^^^^^^^^^^^^^^^
  File "D:\RECOVER_AGENT\.venv\Lib\site-packages\kombu\transport\redis.py", line 1020, in _size
    sizes = pipe.execute()
            ^^^^^^^^^^^^^^
  File "D:\RECOVER_AGENT\.venv\Lib\site-packages\redis\client.py", line 2214, in execute
    conn = self.connection_pool.get_connection()
           ^^^^^^^^^^^^^^^^^^^^^^^^^^^^^^^^^^^^^
  File "D:\RECOVER_AGENT\.venv\Lib\site-packages\redis\utils.py", line 258, in wrapper
    return func(*args, **kwargs)
           ^^^^^^^^^^^^^^^^^^^^^
  File "D:\RECOVER_AGENT\.venv\Lib\site-packages\redis\connection.py", line 3273, in get_connection
    connection.connect()
  File "D:\RECOVER_AGENT\.venv\Lib\site-packages\redis\connection.py", line 1028, in connect
    self.retry.call_with_retry(
  File "D:\RECOVER_AGENT\.venv\Lib\site-packages\redis\retry.py", line 132, in call_with_retry
    raise error
  File "D:\RECOVER_AGENT\.venv\Lib\site-packages\redis\retry.py", line 120, in call_with_retry
    return do()
           ^^^^
  File "D:\RECOVER_AGENT\.venv\Lib\site-packages\redis\connection.py", line 1029, in <lambda>
    lambda: self.connect_check_health(
            ^^^^^^^^^^^^^^^^^^^^^^^^^^
  File "D:\RECOVER_AGENT\.venv\Lib\site-packages\redis\connection.py", line 1083, in connect_check_health
    self.on_connect_check_health(check_health=check_health)
  File "D:\RECOVER_AGENT\.venv\Lib\site-packages\redis\connection.py", line 1155, in on_connect_check_health
    self.handshake_metadata = self.read_response()
                              ^^^^^^^^^^^^^^^^^^^^
  File "D:\RECOVER_AGENT\.venv\Lib\site-packages\redis\connection.py", line 1407, in read_response
    response = self._parser.read_response(
               ^^^^^^^^^^^^^^^^^^^^^^^^^^^
  File "D:\RECOVER_AGENT\.venv\Lib\site-packages\redis\_parsers\resp3.py", line 40, in read_response
    result = self._read_response(
             ^^^^^^^^^^^^^^^^^^^^
  File "D:\RECOVER_AGENT\.venv\Lib\site-packages\redis\_parsers\resp3.py", line 80, in _read_response
    raise error
redis.exceptions.ConnectionError: max number of clients reached

During handling of the above exception, another exception occurred:

Traceback (most recent call last):
  File "D:\RECOVER_AGENT\.venv\Lib\site-packages\kombu\connection.py", line 381, in collect
    gc_transport = self._transport._collect
                   ^^^^^^^^^^^^^^^^^^^^^^^^
AttributeError: 'Transport' object has no attribute '_collect'

During handling of the above exception, another exception occurred:

Traceback (most recent call last):
  File "D:\RECOVER_AGENT\.venv\Lib\site-packages\kombu\transport\virtual\base.py", line 1012, in _deliver
    callback = self._callbacks[queue]
               ~~~~~~~~~~~~~~~^^^^^^^
KeyError: 'b1614efc-3dfb-3bdb-983d-ccc539128e89.reply.celery.pidbox'

During handling of the above exception, another exception occurred:

Traceback (most recent call last):
  File "D:\RECOVER_AGENT\.venv\Lib\site-packages\kombu\transport\redis.py", line 804, in _do_restore_message
    for queue in self._lookup(exchange, routing_key):
                 ^^^^^^^^^^^^^^^^^^^^^^^^^^^^^^^^^^^
  File "D:\RECOVER_AGENT\.venv\Lib\site-packages\kombu\transport\virtual\base.py", line 722, in _lookup
    self.get_table(exchange),
    ^^^^^^^^^^^^^^^^^^^^^^^^
  File "D:\RECOVER_AGENT\.venv\Lib\site-packages\kombu\transport\redis.py", line 1087, in get_table
    values = client.smembers(key)
             ^^^^^^^^^^^^^^^^^^^^
  File "D:\RECOVER_AGENT\.venv\Lib\site-packages\redis\commands\core.py", line 6672, in smembers
    return self.execute_command("SMEMBERS", name, keys=[name])
           ^^^^^^^^^^^^^^^^^^^^^^^^^^^^^^^^^^^^^^^^^^^^^^^^^^^
  File "D:\RECOVER_AGENT\.venv\Lib\site-packages\redis\client.py", line 867, in execute_command
    return self._execute_command(*args, **options)
           ^^^^^^^^^^^^^^^^^^^^^^^^^^^^^^^^^^^^^^^
  File "D:\RECOVER_AGENT\.venv\Lib\site-packages\redis\client.py", line 873, in _execute_command
    conn = self.connection or pool.get_connection()
                              ^^^^^^^^^^^^^^^^^^^^^
  File "D:\RECOVER_AGENT\.venv\Lib\site-packages\redis\utils.py", line 258, in wrapper
    return func(*args, **kwargs)
           ^^^^^^^^^^^^^^^^^^^^^
  File "D:\RECOVER_AGENT\.venv\Lib\site-packages\redis\connection.py", line 3273, in get_connection
    connection.connect()
  File "D:\RECOVER_AGENT\.venv\Lib\site-packages\redis\connection.py", line 1028, in connect
    self.retry.call_with_retry(
  File "D:\RECOVER_AGENT\.venv\Lib\site-packages\redis\retry.py", line 132, in call_with_retry
    raise error
  File "D:\RECOVER_AGENT\.venv\Lib\site-packages\redis\retry.py", line 120, in call_with_retry
    return do()
           ^^^^
  File "D:\RECOVER_AGENT\.venv\Lib\site-packages\redis\connection.py", line 1029, in <lambda>
    lambda: self.connect_check_health(
            ^^^^^^^^^^^^^^^^^^^^^^^^^^
  File "D:\RECOVER_AGENT\.venv\Lib\site-packages\redis\connection.py", line 1083, in connect_check_health
    self.on_connect_check_health(check_health=check_health)
  File "D:\RECOVER_AGENT\.venv\Lib\site-packages\redis\connection.py", line 1155, in on_connect_check_health
    self.handshake_metadata = self.read_response()
                              ^^^^^^^^^^^^^^^^^^^^
  File "D:\RECOVER_AGENT\.venv\Lib\site-packages\redis\connection.py", line 1407, in read_response
    response = self._parser.read_response(
               ^^^^^^^^^^^^^^^^^^^^^^^^^^^
  File "D:\RECOVER_AGENT\.venv\Lib\site-packages\redis\_parsers\resp3.py", line 40, in read_response
    result = self._read_response(
             ^^^^^^^^^^^^^^^^^^^^
  File "D:\RECOVER_AGENT\.venv\Lib\site-packages\redis\_parsers\resp3.py", line 80, in _read_response
    raise error
redis.exceptions.ConnectionError: max number of clients reached
[2026-10-03 20:06:37,326: WARNING/MainProcess] D:\RECOVER_AGENT\.venv\Lib\site-packages\celery\worker\consumer\consumer.py:397: CPendingDeprecationWarning: 
In Celery 5.1 we introduced an optional breaking change which
on connection loss cancels all currently executed tasks with late acknowledgement enabled.
These tasks cannot be acknowledged as the connection is gone, and the tasks are automatically redelivered
back to the queue. You can enable this behavior using the worker_cancel_long_running_tasks_on_connection_loss
setting. In Celery 5.1 it is set to False by default. The setting will be set to True by default in Celery 6.0.

  warnings.warn(CANCEL_TASKS_BY_DEFAULT, CPendingDeprecationWarning)

[2026-10-03 20:06:39,007: INFO/MainProcess] Connected to redis://default:**@whistle-agreement-immune-83193.db.redis.io:15296//
[2026-10-03 20:06:40,472: INFO/MainProcess] mingle: searching for neighbors
[2026-10-03 20:06:45,058: INFO/MainProcess] mingle: all alone
[2026-10-03 20:06:51,103: WARNING/MainProcess] consumer: Connection to broker lost. Trying to re-establish the connection...
Traceback (most recent call last):
  File "D:\RECOVER_AGENT\.venv\Lib\site-packages\celery\worker\consumer\consumer.py", line 346, in start
    blueprint.start(self)
  File "D:\RECOVER_AGENT\.venv\Lib\site-packages\celery\bootsteps.py", line 116, in start
    step.start(parent)
  File "D:\RECOVER_AGENT\.venv\Lib\site-packages\celery\worker\pidbox.py", line 53, in start
    self.consumer = self.node.listen(callback=self.on_message)
                    ^^^^^^^^^^^^^^^^^^^^^^^^^^^^^^^^^^^^^^^^^^
  File "D:\RECOVER_AGENT\.venv\Lib\site-packages\kombu\pidbox.py", line 89, in listen
    consumer = self.Consumer(channel=channel,
               ^^^^^^^^^^^^^^^^^^^^^^^^^^^^^^
  File "D:\RECOVER_AGENT\.venv\Lib\site-packages\kombu\pidbox.py", line 75, in Consumer
    return Consumer(
           ^^^^^^^^^
  File "D:\RECOVER_AGENT\.venv\Lib\site-packages\kombu\messaging.py", line 414, in __init__
    self.revive(self.channel)
  File "D:\RECOVER_AGENT\.venv\Lib\site-packages\kombu\messaging.py", line 436, in revive
    self.declare()
  File "D:\RECOVER_AGENT\.venv\Lib\site-packages\kombu\messaging.py", line 450, in declare
    queue.declare()
  File "D:\RECOVER_AGENT\.venv\Lib\site-packages\kombu\entity.py", line 617, in declare
    self._create_queue(nowait=nowait, channel=channel)
  File "D:\RECOVER_AGENT\.venv\Lib\site-packages\kombu\entity.py", line 626, in _create_queue
    self.queue_declare(nowait=nowait, passive=False, channel=channel)
  File "D:\RECOVER_AGENT\.venv\Lib\site-packages\kombu\entity.py", line 655, in queue_declare
    ret = channel.queue_declare(
          ^^^^^^^^^^^^^^^^^^^^^^
  File "D:\RECOVER_AGENT\.venv\Lib\site-packages\kombu\transport\virtual\base.py", line 538, in queue_declare
    return queue_declare_ok_t(queue, self._size(queue), 0)
                                     ^^^^^^^^^^^^^^^^^
  File "D:\RECOVER_AGENT\.venv\Lib\site-packages\kombu\transport\redis.py", line 1020, in _size
    sizes = pipe.execute()
            ^^^^^^^^^^^^^^
  File "D:\RECOVER_AGENT\.venv\Lib\site-packages\redis\client.py", line 2214, in execute
    conn = self.connection_pool.get_connection()
           ^^^^^^^^^^^^^^^^^^^^^^^^^^^^^^^^^^^^^
  File "D:\RECOVER_AGENT\.venv\Lib\site-packages\redis\utils.py", line 258, in wrapper
    return func(*args, **kwargs)
           ^^^^^^^^^^^^^^^^^^^^^
  File "D:\RECOVER_AGENT\.venv\Lib\site-packages\redis\connection.py", line 3273, in get_connection
    connection.connect()
  File "D:\RECOVER_AGENT\.venv\Lib\site-packages\redis\connection.py", line 1028, in connect
    self.retry.call_with_retry(
  File "D:\RECOVER_AGENT\.venv\Lib\site-packages\redis\retry.py", line 132, in call_with_retry
    raise error
  File "D:\RECOVER_AGENT\.venv\Lib\site-packages\redis\retry.py", line 120, in call_with_retry
    return do()
           ^^^^
  File "D:\RECOVER_AGENT\.venv\Lib\site-packages\redis\connection.py", line 1029, in <lambda>
    lambda: self.connect_check_health(
            ^^^^^^^^^^^^^^^^^^^^^^^^^^
  File "D:\RECOVER_AGENT\.venv\Lib\site-packages\redis\connection.py", line 1083, in connect_check_health
    self.on_connect_check_health(check_health=check_health)
  File "D:\RECOVER_AGENT\.venv\Lib\site-packages\redis\connection.py", line 1155, in on_connect_check_health
    self.handshake_metadata = self.read_response()
                              ^^^^^^^^^^^^^^^^^^^^
  File "D:\RECOVER_AGENT\.venv\Lib\site-packages\redis\connection.py", line 1407, in read_response
    response = self._parser.read_response(
               ^^^^^^^^^^^^^^^^^^^^^^^^^^^
  File "D:\RECOVER_AGENT\.venv\Lib\site-packages\redis\_parsers\resp3.py", line 40, in read_response
    result = self._read_response(
             ^^^^^^^^^^^^^^^^^^^^
  File "D:\RECOVER_AGENT\.venv\Lib\site-packages\redis\_parsers\resp3.py", line 80, in _read_response
    raise error
redis.exceptions.ConnectionError: max number of clients reached
[2026-10-03 20:06:51,567: WARNING/MainProcess] D:\RECOVER_AGENT\.venv\Lib\site-packages\celery\worker\consumer\consumer.py:397: CPendingDeprecationWarning: 
In Celery 5.1 we introduced an optional breaking change which
on connection loss cancels all currently executed tasks with late acknowledgement enabled.
These tasks cannot be acknowledged as the connection is gone, and the tasks are automatically redelivered
back to the queue. You can enable this behavior using the worker_cancel_long_running_tasks_on_connection_loss
setting. In Celery 5.1 it is set to False by default. The setting will be set to True by default in Celery 6.0.

  warnings.warn(CANCEL_TASKS_BY_DEFAULT, CPendingDeprecationWarning)

[2026-10-03 20:06:52,948: INFO/MainProcess] Connected to redis://default:**@whistle-agreement-immune-83193.db.redis.io:15296//
[2026-10-03 20:06:54,339: INFO/MainProcess] mingle: searching for neighbors
[2026-10-03 20:06:59,472: INFO/MainProcess] mingle: all alone
[2026-10-03 20:07:05,826: WARNING/MainProcess] consumer: Connection to broker lost. Trying to re-establish the connection...
Traceback (most recent call last):
  File "D:\RECOVER_AGENT\.venv\Lib\site-packages\celery\worker\consumer\consumer.py", line 346, in start
    blueprint.start(self)
  File "D:\RECOVER_AGENT\.venv\Lib\site-packages\celery\bootsteps.py", line 116, in start
    step.start(parent)
  File "D:\RECOVER_AGENT\.venv\Lib\site-packages\celery\worker\pidbox.py", line 53, in start
    self.consumer = self.node.listen(callback=self.on_message)
                    ^^^^^^^^^^^^^^^^^^^^^^^^^^^^^^^^^^^^^^^^^^
  File "D:\RECOVER_AGENT\.venv\Lib\site-packages\kombu\pidbox.py", line 89, in listen
    consumer = self.Consumer(channel=channel,
               ^^^^^^^^^^^^^^^^^^^^^^^^^^^^^^
  File "D:\RECOVER_AGENT\.venv\Lib\site-packages\kombu\pidbox.py", line 75, in Consumer
    return Consumer(
           ^^^^^^^^^
  File "D:\RECOVER_AGENT\.venv\Lib\site-packages\kombu\messaging.py", line 414, in __init__
    self.revive(self.channel)
  File "D:\RECOVER_AGENT\.venv\Lib\site-packages\kombu\messaging.py", line 436, in revive
    self.declare()
  File "D:\RECOVER_AGENT\.venv\Lib\site-packages\kombu\messaging.py", line 450, in declare
    queue.declare()
  File "D:\RECOVER_AGENT\.venv\Lib\site-packages\kombu\entity.py", line 617, in declare
    self._create_queue(nowait=nowait, channel=channel)
  File "D:\RECOVER_AGENT\.venv\Lib\site-packages\kombu\entity.py", line 626, in _create_queue
    self.queue_declare(nowait=nowait, passive=False, channel=channel)
  File "D:\RECOVER_AGENT\.venv\Lib\site-packages\kombu\entity.py", line 655, in queue_declare
    ret = channel.queue_declare(
          ^^^^^^^^^^^^^^^^^^^^^^
  File "D:\RECOVER_AGENT\.venv\Lib\site-packages\kombu\transport\virtual\base.py", line 538, in queue_declare
    return queue_declare_ok_t(queue, self._size(queue), 0)
                                     ^^^^^^^^^^^^^^^^^
  File "D:\RECOVER_AGENT\.venv\Lib\site-packages\kombu\transport\redis.py", line 1020, in _size
    sizes = pipe.execute()
            ^^^^^^^^^^^^^^
  File "D:\RECOVER_AGENT\.venv\Lib\site-packages\redis\client.py", line 2214, in execute
    conn = self.connection_pool.get_connection()
           ^^^^^^^^^^^^^^^^^^^^^^^^^^^^^^^^^^^^^
  File "D:\RECOVER_AGENT\.venv\Lib\site-packages\redis\utils.py", line 258, in wrapper
    return func(*args, **kwargs)
           ^^^^^^^^^^^^^^^^^^^^^
  File "D:\RECOVER_AGENT\.venv\Lib\site-packages\redis\connection.py", line 3273, in get_connection
    connection.connect()
  File "D:\RECOVER_AGENT\.venv\Lib\site-packages\redis\connection.py", line 1028, in connect
    self.retry.call_with_retry(
  File "D:\RECOVER_AGENT\.venv\Lib\site-packages\redis\retry.py", line 132, in call_with_retry
    raise error
  File "D:\RECOVER_AGENT\.venv\Lib\site-packages\redis\retry.py", line 120, in call_with_retry
    return do()
           ^^^^
  File "D:\RECOVER_AGENT\.venv\Lib\site-packages\redis\connection.py", line 1029, in <lambda>
    lambda: self.connect_check_health(
            ^^^^^^^^^^^^^^^^^^^^^^^^^^
  File "D:\RECOVER_AGENT\.venv\Lib\site-packages\redis\connection.py", line 1083, in connect_check_health
    self.on_connect_check_health(check_health=check_health)
  File "D:\RECOVER_AGENT\.venv\Lib\site-packages\redis\connection.py", line 1155, in on_connect_check_health
    self.handshake_metadata = self.read_response()
                              ^^^^^^^^^^^^^^^^^^^^
  File "D:\RECOVER_AGENT\.venv\Lib\site-packages\redis\connection.py", line 1407, in read_response
    response = self._parser.read_response(
               ^^^^^^^^^^^^^^^^^^^^^^^^^^^
  File "D:\RECOVER_AGENT\.venv\Lib\site-packages\redis\_parsers\resp3.py", line 40, in read_response
    result = self._read_response(
             ^^^^^^^^^^^^^^^^^^^^
  File "D:\RECOVER_AGENT\.venv\Lib\site-packages\redis\_parsers\resp3.py", line 80, in _read_response
    raise error
redis.exceptions.ConnectionError: max number of clients reached
[2026-10-03 20:07:06,378: WARNING/MainProcess] D:\RECOVER_AGENT\.venv\Lib\site-packages\celery\worker\consumer\consumer.py:397: CPendingDeprecationWarning: 
In Celery 5.1 we introduced an optional breaking change which
on connection loss cancels all currently executed tasks with late acknowledgement enabled.
These tasks cannot be acknowledged as the connection is gone, and the tasks are automatically redelivered
back to the queue. You can enable this behavior using the worker_cancel_long_running_tasks_on_connection_loss
setting. In Celery 5.1 it is set to False by default. The setting will be set to True by default in Celery 6.0.

  warnings.warn(CANCEL_TASKS_BY_DEFAULT, CPendingDeprecationWarning)

[2026-10-03 20:07:07,766: INFO/MainProcess] Connected to redis://default:**@whistle-agreement-immune-83193.db.redis.io:15296//
[2026-10-03 20:07:09,181: INFO/MainProcess] mingle: searching for neighbors
[2026-10-03 20:07:14,338: INFO/MainProcess] mingle: all alone
[2026-10-03 20:07:20,558: WARNING/MainProcess] consumer: Connection to broker lost. Trying to re-establish the connection...
Traceback (most recent call last):
  File "D:\RECOVER_AGENT\.venv\Lib\site-packages\celery\worker\consumer\consumer.py", line 346, in start
    blueprint.start(self)
  File "D:\RECOVER_AGENT\.venv\Lib\site-packages\celery\bootsteps.py", line 116, in start
    step.start(parent)
  File "D:\RECOVER_AGENT\.venv\Lib\site-packages\celery\worker\pidbox.py", line 53, in start
    self.consumer = self.node.listen(callback=self.on_message)
                    ^^^^^^^^^^^^^^^^^^^^^^^^^^^^^^^^^^^^^^^^^^
  File "D:\RECOVER_AGENT\.venv\Lib\site-packages\kombu\pidbox.py", line 89, in listen
    consumer = self.Consumer(channel=channel,
               ^^^^^^^^^^^^^^^^^^^^^^^^^^^^^^
  File "D:\RECOVER_AGENT\.venv\Lib\site-packages\kombu\pidbox.py", line 75, in Consumer
    return Consumer(
           ^^^^^^^^^
  File "D:\RECOVER_AGENT\.venv\Lib\site-packages\kombu\messaging.py", line 414, in __init__
    self.revive(self.channel)
  File "D:\RECOVER_AGENT\.venv\Lib\site-packages\kombu\messaging.py", line 436, in revive
    self.declare()
  File "D:\RECOVER_AGENT\.venv\Lib\site-packages\kombu\messaging.py", line 450, in declare
    queue.declare()
  File "D:\RECOVER_AGENT\.venv\Lib\site-packages\kombu\entity.py", line 617, in declare
    self._create_queue(nowait=nowait, channel=channel)
  File "D:\RECOVER_AGENT\.venv\Lib\site-packages\kombu\entity.py", line 626, in _create_queue
    self.queue_declare(nowait=nowait, passive=False, channel=channel)
  File "D:\RECOVER_AGENT\.venv\Lib\site-packages\kombu\entity.py", line 655, in queue_declare
    ret = channel.queue_declare(
          ^^^^^^^^^^^^^^^^^^^^^^
  File "D:\RECOVER_AGENT\.venv\Lib\site-packages\kombu\transport\virtual\base.py", line 538, in queue_declare
    return queue_declare_ok_t(queue, self._size(queue), 0)
                                     ^^^^^^^^^^^^^^^^^
  File "D:\RECOVER_AGENT\.venv\Lib\site-packages\kombu\transport\redis.py", line 1020, in _size
    sizes = pipe.execute()
            ^^^^^^^^^^^^^^
  File "D:\RECOVER_AGENT\.venv\Lib\site-packages\redis\client.py", line 2214, in execute
    conn = self.connection_pool.get_connection()
           ^^^^^^^^^^^^^^^^^^^^^^^^^^^^^^^^^^^^^
  File "D:\RECOVER_AGENT\.venv\Lib\site-packages\redis\utils.py", line 258, in wrapper
    return func(*args, **kwargs)
           ^^^^^^^^^^^^^^^^^^^^^
  File "D:\RECOVER_AGENT\.venv\Lib\site-packages\redis\connection.py", line 3273, in get_connection
    connection.connect()
  File "D:\RECOVER_AGENT\.venv\Lib\site-packages\redis\connection.py", line 1028, in connect
    self.retry.call_with_retry(
  File "D:\RECOVER_AGENT\.venv\Lib\site-packages\redis\retry.py", line 132, in call_with_retry
    raise error
  File "D:\RECOVER_AGENT\.venv\Lib\site-packages\redis\retry.py", line 120, in call_with_retry
    return do()
           ^^^^
  File "D:\RECOVER_AGENT\.venv\Lib\site-packages\redis\connection.py", line 1029, in <lambda>
    lambda: self.connect_check_health(
            ^^^^^^^^^^^^^^^^^^^^^^^^^^
  File "D:\RECOVER_AGENT\.venv\Lib\site-packages\redis\connection.py", line 1083, in connect_check_health
    self.on_connect_check_health(check_health=check_health)
  File "D:\RECOVER_AGENT\.venv\Lib\site-packages\redis\connection.py", line 1155, in on_connect_check_health
    self.handshake_metadata = self.read_response()
                              ^^^^^^^^^^^^^^^^^^^^
  File "D:\RECOVER_AGENT\.venv\Lib\site-packages\redis\connection.py", line 1407, in read_response
    response = self._parser.read_response(
               ^^^^^^^^^^^^^^^^^^^^^^^^^^^
  File "D:\RECOVER_AGENT\.venv\Lib\site-packages\redis\_parsers\resp3.py", line 40, in read_response
    result = self._read_response(
             ^^^^^^^^^^^^^^^^^^^^
  File "D:\RECOVER_AGENT\.venv\Lib\site-packages\redis\_parsers\resp3.py", line 80, in _read_response
    raise error
redis.exceptions.ConnectionError: max number of clients reached
[2026-10-03 20:07:21,123: WARNING/MainProcess] D:\RECOVER_AGENT\.venv\Lib\site-packages\celery\worker\consumer\consumer.py:397: CPendingDeprecationWarning: 
In Celery 5.1 we introduced an optional breaking change which
on connection loss cancels all currently executed tasks with late acknowledgement enabled.
These tasks cannot be acknowledged as the connection is gone, and the tasks are automatically redelivered
back to the queue. You can enable this behavior using the worker_cancel_long_running_tasks_on_connection_loss
setting. In Celery 5.1 it is set to False by default. The setting will be set to True by default in Celery 6.0.

  warnings.warn(CANCEL_TASKS_BY_DEFAULT, CPendingDeprecationWarning)

[2026-10-03 20:07:22,897: INFO/MainProcess] Connected to redis://default:**@whistle-agreement-immune-83193.db.redis.io:15296//
[2026-10-03 20:07:24,592: INFO/MainProcess] mingle: searching for neighbors
[2026-10-03 20:07:29,568: INFO/MainProcess] mingle: all alone
[2026-10-03 20:07:35,807: WARNING/MainProcess] consumer: Connection to broker lost. Trying to re-establish the connection...
Traceback (most recent call last):
  File "D:\RECOVER_AGENT\.venv\Lib\site-packages\celery\worker\consumer\consumer.py", line 346, in start
    blueprint.start(self)
  File "D:\RECOVER_AGENT\.venv\Lib\site-packages\celery\bootsteps.py", line 116, in start
    step.start(parent)
  File "D:\RECOVER_AGENT\.venv\Lib\site-packages\celery\worker\pidbox.py", line 53, in start
    self.consumer = self.node.listen(callback=self.on_message)
                    ^^^^^^^^^^^^^^^^^^^^^^^^^^^^^^^^^^^^^^^^^^
  File "D:\RECOVER_AGENT\.venv\Lib\site-packages\kombu\pidbox.py", line 89, in listen
    consumer = self.Consumer(channel=channel,
               ^^^^^^^^^^^^^^^^^^^^^^^^^^^^^^
  File "D:\RECOVER_AGENT\.venv\Lib\site-packages\kombu\pidbox.py", line 75, in Consumer
    return Consumer(
           ^^^^^^^^^
  File "D:\RECOVER_AGENT\.venv\Lib\site-packages\kombu\messaging.py", line 414, in __init__
    self.revive(self.channel)
  File "D:\RECOVER_AGENT\.venv\Lib\site-packages\kombu\messaging.py", line 436, in revive
    self.declare()
  File "D:\RECOVER_AGENT\.venv\Lib\site-packages\kombu\messaging.py", line 450, in declare
    queue.declare()
  File "D:\RECOVER_AGENT\.venv\Lib\site-packages\kombu\entity.py", line 617, in declare
    self._create_queue(nowait=nowait, channel=channel)
  File "D:\RECOVER_AGENT\.venv\Lib\site-packages\kombu\entity.py", line 626, in _create_queue
    self.queue_declare(nowait=nowait, passive=False, channel=channel)
  File "D:\RECOVER_AGENT\.venv\Lib\site-packages\kombu\entity.py", line 655, in queue_declare
    ret = channel.queue_declare(
          ^^^^^^^^^^^^^^^^^^^^^^
  File "D:\RECOVER_AGENT\.venv\Lib\site-packages\kombu\transport\virtual\base.py", line 538, in queue_declare
    return queue_declare_ok_t(queue, self._size(queue), 0)
                                     ^^^^^^^^^^^^^^^^^
  File "D:\RECOVER_AGENT\.venv\Lib\site-packages\kombu\transport\redis.py", line 1020, in _size
    sizes = pipe.execute()
            ^^^^^^^^^^^^^^
  File "D:\RECOVER_AGENT\.venv\Lib\site-packages\redis\client.py", line 2214, in execute
    conn = self.connection_pool.get_connection()
           ^^^^^^^^^^^^^^^^^^^^^^^^^^^^^^^^^^^^^
  File "D:\RECOVER_AGENT\.venv\Lib\site-packages\redis\utils.py", line 258, in wrapper
    return func(*args, **kwargs)
           ^^^^^^^^^^^^^^^^^^^^^
  File "D:\RECOVER_AGENT\.venv\Lib\site-packages\redis\connection.py", line 3273, in get_connection
    connection.connect()
  File "D:\RECOVER_AGENT\.venv\Lib\site-packages\redis\connection.py", line 1028, in connect
    self.retry.call_with_retry(
  File "D:\RECOVER_AGENT\.venv\Lib\site-packages\redis\retry.py", line 132, in call_with_retry
    raise error
  File "D:\RECOVER_AGENT\.venv\Lib\site-packages\redis\retry.py", line 120, in call_with_retry
    return do()
           ^^^^
  File "D:\RECOVER_AGENT\.venv\Lib\site-packages\redis\connection.py", line 1029, in <lambda>
    lambda: self.connect_check_health(
            ^^^^^^^^^^^^^^^^^^^^^^^^^^
  File "D:\RECOVER_AGENT\.venv\Lib\site-packages\redis\connection.py", line 1083, in connect_check_health
    self.on_connect_check_health(check_health=check_health)
  File "D:\RECOVER_AGENT\.venv\Lib\site-packages\redis\connection.py", line 1155, in on_connect_check_health
    self.handshake_metadata = self.read_response()
                              ^^^^^^^^^^^^^^^^^^^^
  File "D:\RECOVER_AGENT\.venv\Lib\site-packages\redis\connection.py", line 1407, in read_response
    response = self._parser.read_response(
               ^^^^^^^^^^^^^^^^^^^^^^^^^^^
  File "D:\RECOVER_AGENT\.venv\Lib\site-packages\redis\_parsers\resp3.py", line 40, in read_response
    result = self._read_response(
             ^^^^^^^^^^^^^^^^^^^^
  File "D:\RECOVER_AGENT\.venv\Lib\site-packages\redis\_parsers\resp3.py", line 80, in _read_response
    raise error
redis.exceptions.ConnectionError: max number of clients reached
[2026-10-03 20:07:36,280: WARNING/MainProcess] D:\RECOVER_AGENT\.venv\Lib\site-packages\celery\worker\consumer\consumer.py:397: CPendingDeprecationWarning: 
In Celery 5.1 we introduced an optional breaking change which
on connection loss cancels all currently executed tasks with late acknowledgement enabled.
These tasks cannot be acknowledged as the connection is gone, and the tasks are automatically redelivered
back to the queue. You can enable this behavior using the worker_cancel_long_running_tasks_on_connection_loss
setting. In Celery 5.1 it is set to False by default. The setting will be set to True by default in Celery 6.0.

  warnings.warn(CANCEL_TASKS_BY_DEFAULT, CPendingDeprecationWarning)

[2026-10-03 20:07:37,661: INFO/MainProcess] Connected to redis://default:**@whistle-agreement-immune-83193.db.redis.io:15296//
[2026-10-03 20:07:39,347: INFO/MainProcess] mingle: searching for neighbors
[2026-10-03 20:07:43,944: INFO/MainProcess] mingle: all alone
[2026-10-03 20:07:49,897: WARNING/MainProcess] consumer: Connection to broker lost. Trying to re-establish the connection...
Traceback (most recent call last):
  File "D:\RECOVER_AGENT\.venv\Lib\site-packages\celery\worker\consumer\consumer.py", line 346, in start
    blueprint.start(self)
  File "D:\RECOVER_AGENT\.venv\Lib\site-packages\celery\bootsteps.py", line 116, in start
    step.start(parent)
  File "D:\RECOVER_AGENT\.venv\Lib\site-packages\celery\worker\pidbox.py", line 53, in start
    self.consumer = self.node.listen(callback=self.on_message)
                    ^^^^^^^^^^^^^^^^^^^^^^^^^^^^^^^^^^^^^^^^^^
  File "D:\RECOVER_AGENT\.venv\Lib\site-packages\kombu\pidbox.py", line 89, in listen
    consumer = self.Consumer(channel=channel,
               ^^^^^^^^^^^^^^^^^^^^^^^^^^^^^^
  File "D:\RECOVER_AGENT\.venv\Lib\site-packages\kombu\pidbox.py", line 75, in Consumer
    return Consumer(
           ^^^^^^^^^
  File "D:\RECOVER_AGENT\.venv\Lib\site-packages\kombu\messaging.py", line 414, in __init__
    self.revive(self.channel)
  File "D:\RECOVER_AGENT\.venv\Lib\site-packages\kombu\messaging.py", line 436, in revive
    self.declare()
  File "D:\RECOVER_AGENT\.venv\Lib\site-packages\kombu\messaging.py", line 450, in declare
    queue.declare()
  File "D:\RECOVER_AGENT\.venv\Lib\site-packages\kombu\entity.py", line 617, in declare
    self._create_queue(nowait=nowait, channel=channel)
  File "D:\RECOVER_AGENT\.venv\Lib\site-packages\kombu\entity.py", line 626, in _create_queue
    self.queue_declare(nowait=nowait, passive=False, channel=channel)
  File "D:\RECOVER_AGENT\.venv\Lib\site-packages\kombu\entity.py", line 655, in queue_declare
    ret = channel.queue_declare(
          ^^^^^^^^^^^^^^^^^^^^^^
  File "D:\RECOVER_AGENT\.venv\Lib\site-packages\kombu\transport\virtual\base.py", line 538, in queue_declare
    return queue_declare_ok_t(queue, self._size(queue), 0)
                                     ^^^^^^^^^^^^^^^^^
  File "D:\RECOVER_AGENT\.venv\Lib\site-packages\kombu\transport\redis.py", line 1020, in _size
    sizes = pipe.execute()
            ^^^^^^^^^^^^^^
  File "D:\RECOVER_AGENT\.venv\Lib\site-packages\redis\client.py", line 2214, in execute
    conn = self.connection_pool.get_connection()
           ^^^^^^^^^^^^^^^^^^^^^^^^^^^^^^^^^^^^^
  File "D:\RECOVER_AGENT\.venv\Lib\site-packages\redis\utils.py", line 258, in wrapper
    return func(*args, **kwargs)
           ^^^^^^^^^^^^^^^^^^^^^
  File "D:\RECOVER_AGENT\.venv\Lib\site-packages\redis\connection.py", line 3273, in get_connection
    connection.connect()
  File "D:\RECOVER_AGENT\.venv\Lib\site-packages\redis\connection.py", line 1028, in connect
    self.retry.call_with_retry(
  File "D:\RECOVER_AGENT\.venv\Lib\site-packages\redis\retry.py", line 132, in call_with_retry
    raise error
  File "D:\RECOVER_AGENT\.venv\Lib\site-packages\redis\retry.py", line 120, in call_with_retry
    return do()
           ^^^^
  File "D:\RECOVER_AGENT\.venv\Lib\site-packages\redis\connection.py", line 1029, in <lambda>
    lambda: self.connect_check_health(
            ^^^^^^^^^^^^^^^^^^^^^^^^^^
  File "D:\RECOVER_AGENT\.venv\Lib\site-packages\redis\connection.py", line 1083, in connect_check_health
    self.on_connect_check_health(check_health=check_health)
  File "D:\RECOVER_AGENT\.venv\Lib\site-packages\redis\connection.py", line 1155, in on_connect_check_health
    self.handshake_metadata = self.read_response()
                              ^^^^^^^^^^^^^^^^^^^^
  File "D:\RECOVER_AGENT\.venv\Lib\site-packages\redis\connection.py", line 1407, in read_response
    response = self._parser.read_response(
               ^^^^^^^^^^^^^^^^^^^^^^^^^^^
  File "D:\RECOVER_AGENT\.venv\Lib\site-packages\redis\_parsers\resp3.py", line 40, in read_response
    result = self._read_response(
             ^^^^^^^^^^^^^^^^^^^^
  File "D:\RECOVER_AGENT\.venv\Lib\site-packages\redis\_parsers\resp3.py", line 80, in _read_response
    raise error
redis.exceptions.ConnectionError: max number of clients reached
[2026-10-03 20:07:50,376: WARNING/MainProcess] D:\RECOVER_AGENT\.venv\Lib\site-packages\celery\worker\consumer\consumer.py:397: CPendingDeprecationWarning: 
In Celery 5.1 we introduced an optional breaking change which
on connection loss cancels all currently executed tasks with late acknowledgement enabled.
These tasks cannot be acknowledged as the connection is gone, and the tasks are automatically redelivered
back to the queue. You can enable this behavior using the worker_cancel_long_running_tasks_on_connection_loss
setting. In Celery 5.1 it is set to False by default. The setting will be set to True by default in Celery 6.0.

  warnings.warn(CANCEL_TASKS_BY_DEFAULT, CPendingDeprecationWarning)

[2026-10-03 20:07:51,765: INFO/MainProcess] Connected to redis://default:**@whistle-agreement-immune-83193.db.redis.io:15296//
[2026-10-03 20:07:53,224: INFO/MainProcess] mingle: searching for neighbors
[2026-10-03 20:07:57,782: INFO/MainProcess] mingle: all alone
[2026-10-03 20:08:03,428: WARNING/MainProcess] consumer: Connection to broker lost. Trying to re-establish the connection...
Traceback (most recent call last):
  File "D:\RECOVER_AGENT\.venv\Lib\site-packages\celery\worker\consumer\consumer.py", line 346, in start
    blueprint.start(self)
  File "D:\RECOVER_AGENT\.venv\Lib\site-packages\celery\bootsteps.py", line 116, in start
    step.start(parent)
  File "D:\RECOVER_AGENT\.venv\Lib\site-packages\celery\worker\pidbox.py", line 53, in start
    self.consumer = self.node.listen(callback=self.on_message)
                    ^^^^^^^^^^^^^^^^^^^^^^^^^^^^^^^^^^^^^^^^^^
  File "D:\RECOVER_AGENT\.venv\Lib\site-packages\kombu\pidbox.py", line 89, in listen
    consumer = self.Consumer(channel=channel,
               ^^^^^^^^^^^^^^^^^^^^^^^^^^^^^^
  File "D:\RECOVER_AGENT\.venv\Lib\site-packages\kombu\pidbox.py", line 75, in Consumer
    return Consumer(
           ^^^^^^^^^
  File "D:\RECOVER_AGENT\.venv\Lib\site-packages\kombu\messaging.py", line 414, in __init__
    self.revive(self.channel)
  File "D:\RECOVER_AGENT\.venv\Lib\site-packages\kombu\messaging.py", line 436, in revive
    self.declare()
  File "D:\RECOVER_AGENT\.venv\Lib\site-packages\kombu\messaging.py", line 450, in declare
    queue.declare()
  File "D:\RECOVER_AGENT\.venv\Lib\site-packages\kombu\entity.py", line 617, in declare
    self._create_queue(nowait=nowait, channel=channel)
  File "D:\RECOVER_AGENT\.venv\Lib\site-packages\kombu\entity.py", line 626, in _create_queue
    self.queue_declare(nowait=nowait, passive=False, channel=channel)
  File "D:\RECOVER_AGENT\.venv\Lib\site-packages\kombu\entity.py", line 655, in queue_declare
    ret = channel.queue_declare(
          ^^^^^^^^^^^^^^^^^^^^^^
  File "D:\RECOVER_AGENT\.venv\Lib\site-packages\kombu\transport\virtual\base.py", line 538, in queue_declare
    return queue_declare_ok_t(queue, self._size(queue), 0)
                                     ^^^^^^^^^^^^^^^^^
  File "D:\RECOVER_AGENT\.venv\Lib\site-packages\kombu\transport\redis.py", line 1020, in _size
    sizes = pipe.execute()
            ^^^^^^^^^^^^^^
  File "D:\RECOVER_AGENT\.venv\Lib\site-packages\redis\client.py", line 2214, in execute
    conn = self.connection_pool.get_connection()
           ^^^^^^^^^^^^^^^^^^^^^^^^^^^^^^^^^^^^^
  File "D:\RECOVER_AGENT\.venv\Lib\site-packages\redis\utils.py", line 258, in wrapper
    return func(*args, **kwargs)
           ^^^^^^^^^^^^^^^^^^^^^
  File "D:\RECOVER_AGENT\.venv\Lib\site-packages\redis\connection.py", line 3273, in get_connection
    connection.connect()
  File "D:\RECOVER_AGENT\.venv\Lib\site-packages\redis\connection.py", line 1028, in connect
    self.retry.call_with_retry(
  File "D:\RECOVER_AGENT\.venv\Lib\site-packages\redis\retry.py", line 132, in call_with_retry
    raise error
  File "D:\RECOVER_AGENT\.venv\Lib\site-packages\redis\retry.py", line 120, in call_with_retry
    return do()
           ^^^^
  File "D:\RECOVER_AGENT\.venv\Lib\site-packages\redis\connection.py", line 1029, in <lambda>
    lambda: self.connect_check_health(
            ^^^^^^^^^^^^^^^^^^^^^^^^^^
  File "D:\RECOVER_AGENT\.venv\Lib\site-packages\redis\connection.py", line 1083, in connect_check_health
    self.on_connect_check_health(check_health=check_health)
  File "D:\RECOVER_AGENT\.venv\Lib\site-packages\redis\connection.py", line 1155, in on_connect_check_health
    self.handshake_metadata = self.read_response()
                              ^^^^^^^^^^^^^^^^^^^^
  File "D:\RECOVER_AGENT\.venv\Lib\site-packages\redis\connection.py", line 1407, in read_response
    response = self._parser.read_response(
               ^^^^^^^^^^^^^^^^^^^^^^^^^^^
  File "D:\RECOVER_AGENT\.venv\Lib\site-packages\redis\_parsers\resp3.py", line 40, in read_response
    result = self._read_response(
             ^^^^^^^^^^^^^^^^^^^^
  File "D:\RECOVER_AGENT\.venv\Lib\site-packages\redis\_parsers\resp3.py", line 80, in _read_response
    raise error
redis.exceptions.ConnectionError: max number of clients reached
[2026-10-03 20:08:03,898: WARNING/MainProcess] D:\RECOVER_AGENT\.venv\Lib\site-packages\celery\worker\consumer\consumer.py:397: CPendingDeprecationWarning: 
In Celery 5.1 we introduced an optional breaking change which
on connection loss cancels all currently executed tasks with late acknowledgement enabled.
These tasks cannot be acknowledged as the connection is gone, and the tasks are automatically redelivered
back to the queue. You can enable this behavior using the worker_cancel_long_running_tasks_on_connection_loss
setting. In Celery 5.1 it is set to False by default. The setting will be set to True by default in Celery 6.0.

  warnings.warn(CANCEL_TASKS_BY_DEFAULT, CPendingDeprecationWarning)

[2026-10-03 20:08:05,640: INFO/MainProcess] Connected to redis://default:**@whistle-agreement-immune-83193.db.redis.io:15296//
[2026-10-03 20:08:07,281: INFO/MainProcess] mingle: searching for neighbors
[2026-10-03 20:08:11,965: INFO/MainProcess] mingle: all alone
[2026-10-03 20:08:17,675: WARNING/MainProcess] consumer: Connection to broker lost. Trying to re-establish the connection...
Traceback (most recent call last):
  File "D:\RECOVER_AGENT\.venv\Lib\site-packages\celery\worker\consumer\consumer.py", line 346, in start
    blueprint.start(self)
  File "D:\RECOVER_AGENT\.venv\Lib\site-packages\celery\bootsteps.py", line 116, in start
    step.start(parent)
  File "D:\RECOVER_AGENT\.venv\Lib\site-packages\celery\worker\pidbox.py", line 53, in start
    self.consumer = self.node.listen(callback=self.on_message)
                    ^^^^^^^^^^^^^^^^^^^^^^^^^^^^^^^^^^^^^^^^^^
  File "D:\RECOVER_AGENT\.venv\Lib\site-packages\kombu\pidbox.py", line 89, in listen
    consumer = self.Consumer(channel=channel,
               ^^^^^^^^^^^^^^^^^^^^^^^^^^^^^^
  File "D:\RECOVER_AGENT\.venv\Lib\site-packages\kombu\pidbox.py", line 75, in Consumer
    return Consumer(
           ^^^^^^^^^
  File "D:\RECOVER_AGENT\.venv\Lib\site-packages\kombu\messaging.py", line 414, in __init__
    self.revive(self.channel)
  File "D:\RECOVER_AGENT\.venv\Lib\site-packages\kombu\messaging.py", line 436, in revive
    self.declare()
  File "D:\RECOVER_AGENT\.venv\Lib\site-packages\kombu\messaging.py", line 450, in declare
    queue.declare()
  File "D:\RECOVER_AGENT\.venv\Lib\site-packages\kombu\entity.py", line 617, in declare
    self._create_queue(nowait=nowait, channel=channel)
  File "D:\RECOVER_AGENT\.venv\Lib\site-packages\kombu\entity.py", line 626, in _create_queue
    self.queue_declare(nowait=nowait, passive=False, channel=channel)
  File "D:\RECOVER_AGENT\.venv\Lib\site-packages\kombu\entity.py", line 655, in queue_declare
    ret = channel.queue_declare(
          ^^^^^^^^^^^^^^^^^^^^^^
  File "D:\RECOVER_AGENT\.venv\Lib\site-packages\kombu\transport\virtual\base.py", line 538, in queue_declare
    return queue_declare_ok_t(queue, self._size(queue), 0)
                                     ^^^^^^^^^^^^^^^^^
  File "D:\RECOVER_AGENT\.venv\Lib\site-packages\kombu\transport\redis.py", line 1020, in _size
    sizes = pipe.execute()
            ^^^^^^^^^^^^^^
  File "D:\RECOVER_AGENT\.venv\Lib\site-packages\redis\client.py", line 2214, in execute
    conn = self.connection_pool.get_connection()
           ^^^^^^^^^^^^^^^^^^^^^^^^^^^^^^^^^^^^^
  File "D:\RECOVER_AGENT\.venv\Lib\site-packages\redis\utils.py", line 258, in wrapper
    return func(*args, **kwargs)
           ^^^^^^^^^^^^^^^^^^^^^
  File "D:\RECOVER_AGENT\.venv\Lib\site-packages\redis\connection.py", line 3273, in get_connection
    connection.connect()
  File "D:\RECOVER_AGENT\.venv\Lib\site-packages\redis\connection.py", line 1028, in connect
    self.retry.call_with_retry(
  File "D:\RECOVER_AGENT\.venv\Lib\site-packages\redis\retry.py", line 132, in call_with_retry
    raise error
  File "D:\RECOVER_AGENT\.venv\Lib\site-packages\redis\retry.py", line 120, in call_with_retry
    return do()
           ^^^^
  File "D:\RECOVER_AGENT\.venv\Lib\site-packages\redis\connection.py", line 1029, in <lambda>
    lambda: self.connect_check_health(
            ^^^^^^^^^^^^^^^^^^^^^^^^^^
  File "D:\RECOVER_AGENT\.venv\Lib\site-packages\redis\connection.py", line 1083, in connect_check_health
    self.on_connect_check_health(check_health=check_health)
  File "D:\RECOVER_AGENT\.venv\Lib\site-packages\redis\connection.py", line 1155, in on_connect_check_health
    self.handshake_metadata = self.read_response()
                              ^^^^^^^^^^^^^^^^^^^^
  File "D:\RECOVER_AGENT\.venv\Lib\site-packages\redis\connection.py", line 1407, in read_response
    response = self._parser.read_response(
               ^^^^^^^^^^^^^^^^^^^^^^^^^^^
  File "D:\RECOVER_AGENT\.venv\Lib\site-packages\redis\_parsers\resp3.py", line 40, in read_response
    result = self._read_response(
             ^^^^^^^^^^^^^^^^^^^^
  File "D:\RECOVER_AGENT\.venv\Lib\site-packages\redis\_parsers\resp3.py", line 80, in _read_response
    raise error
redis.exceptions.ConnectionError: max number of clients reached
[2026-10-03 20:08:18,149: WARNING/MainProcess] D:\RECOVER_AGENT\.venv\Lib\site-packages\celery\worker\consumer\consumer.py:397: CPendingDeprecationWarning: 
In Celery 5.1 we introduced an optional breaking change which
on connection loss cancels all currently executed tasks with late acknowledgement enabled.
These tasks cannot be acknowledged as the connection is gone, and the tasks are automatically redelivered
back to the queue. You can enable this behavior using the worker_cancel_long_running_tasks_on_connection_loss
setting. In Celery 5.1 it is set to False by default. The setting will be set to True by default in Celery 6.0.

  warnings.warn(CANCEL_TASKS_BY_DEFAULT, CPendingDeprecationWarning)

[2026-10-03 20:08:19,607: INFO/MainProcess] Connected to redis://default:**@whistle-agreement-immune-83193.db.redis.io:15296//
[2026-10-03 20:08:21,043: INFO/MainProcess] mingle: searching for neighbors
[2026-10-03 20:08:25,665: INFO/MainProcess] mingle: all alone
[2026-10-03 20:08:31,958: WARNING/MainProcess] consumer: Connection to broker lost. Trying to re-establish the connection...
Traceback (most recent call last):
  File "D:\RECOVER_AGENT\.venv\Lib\site-packages\celery\worker\consumer\consumer.py", line 346, in start
    blueprint.start(self)
  File "D:\RECOVER_AGENT\.venv\Lib\site-packages\celery\bootsteps.py", line 116, in start
    step.start(parent)
  File "D:\RECOVER_AGENT\.venv\Lib\site-packages\celery\worker\pidbox.py", line 53, in start
    self.consumer = self.node.listen(callback=self.on_message)
                    ^^^^^^^^^^^^^^^^^^^^^^^^^^^^^^^^^^^^^^^^^^
  File "D:\RECOVER_AGENT\.venv\Lib\site-packages\kombu\pidbox.py", line 89, in listen
    consumer = self.Consumer(channel=channel,
               ^^^^^^^^^^^^^^^^^^^^^^^^^^^^^^
  File "D:\RECOVER_AGENT\.venv\Lib\site-packages\kombu\pidbox.py", line 75, in Consumer
    return Consumer(
           ^^^^^^^^^
  File "D:\RECOVER_AGENT\.venv\Lib\site-packages\kombu\messaging.py", line 414, in __init__
    self.revive(self.channel)
  File "D:\RECOVER_AGENT\.venv\Lib\site-packages\kombu\messaging.py", line 436, in revive
    self.declare()
  File "D:\RECOVER_AGENT\.venv\Lib\site-packages\kombu\messaging.py", line 450, in declare
    queue.declare()
  File "D:\RECOVER_AGENT\.venv\Lib\site-packages\kombu\entity.py", line 617, in declare
    self._create_queue(nowait=nowait, channel=channel)
  File "D:\RECOVER_AGENT\.venv\Lib\site-packages\kombu\entity.py", line 626, in _create_queue
    self.queue_declare(nowait=nowait, passive=False, channel=channel)
  File "D:\RECOVER_AGENT\.venv\Lib\site-packages\kombu\entity.py", line 655, in queue_declare
    ret = channel.queue_declare(
          ^^^^^^^^^^^^^^^^^^^^^^
  File "D:\RECOVER_AGENT\.venv\Lib\site-packages\kombu\transport\virtual\base.py", line 538, in queue_declare
    return queue_declare_ok_t(queue, self._size(queue), 0)
                                     ^^^^^^^^^^^^^^^^^
  File "D:\RECOVER_AGENT\.venv\Lib\site-packages\kombu\transport\redis.py", line 1020, in _size
    sizes = pipe.execute()
            ^^^^^^^^^^^^^^
  File "D:\RECOVER_AGENT\.venv\Lib\site-packages\redis\client.py", line 2214, in execute
    conn = self.connection_pool.get_connection()
           ^^^^^^^^^^^^^^^^^^^^^^^^^^^^^^^^^^^^^
  File "D:\RECOVER_AGENT\.venv\Lib\site-packages\redis\utils.py", line 258, in wrapper
    return func(*args, **kwargs)
           ^^^^^^^^^^^^^^^^^^^^^
  File "D:\RECOVER_AGENT\.venv\Lib\site-packages\redis\connection.py", line 3273, in get_connection
    connection.connect()
  File "D:\RECOVER_AGENT\.venv\Lib\site-packages\redis\connection.py", line 1028, in connect
    self.retry.call_with_retry(
  File "D:\RECOVER_AGENT\.venv\Lib\site-packages\redis\retry.py", line 132, in call_with_retry
    raise error
  File "D:\RECOVER_AGENT\.venv\Lib\site-packages\redis\retry.py", line 120, in call_with_retry
    return do()
           ^^^^
  File "D:\RECOVER_AGENT\.venv\Lib\site-packages\redis\connection.py", line 1029, in <lambda>
    lambda: self.connect_check_health(
            ^^^^^^^^^^^^^^^^^^^^^^^^^^
  File "D:\RECOVER_AGENT\.venv\Lib\site-packages\redis\connection.py", line 1083, in connect_check_health
    self.on_connect_check_health(check_health=check_health)
  File "D:\RECOVER_AGENT\.venv\Lib\site-packages\redis\connection.py", line 1155, in on_connect_check_health
    self.handshake_metadata = self.read_response()
                              ^^^^^^^^^^^^^^^^^^^^
  File "D:\RECOVER_AGENT\.venv\Lib\site-packages\redis\connection.py", line 1407, in read_response
    response = self._parser.read_response(
               ^^^^^^^^^^^^^^^^^^^^^^^^^^^
  File "D:\RECOVER_AGENT\.venv\Lib\site-packages\redis\_parsers\resp3.py", line 40, in read_response
    result = self._read_response(
             ^^^^^^^^^^^^^^^^^^^^
  File "D:\RECOVER_AGENT\.venv\Lib\site-packages\redis\_parsers\resp3.py", line 80, in _read_response
    raise error
redis.exceptions.ConnectionError: max number of clients reached
[2026-10-03 20:08:32,547: WARNING/MainProcess] D:\RECOVER_AGENT\.venv\Lib\site-packages\celery\worker\consumer\consumer.py:397: CPendingDeprecationWarning: 
In Celery 5.1 we introduced an optional breaking change which
on connection loss cancels all currently executed tasks with late acknowledgement enabled.
These tasks cannot be acknowledged as the connection is gone, and the tasks are automatically redelivered
back to the queue. You can enable this behavior using the worker_cancel_long_running_tasks_on_connection_loss
setting. In Celery 5.1 it is set to False by default. The setting will be set to True by default in Celery 6.0.

  warnings.warn(CANCEL_TASKS_BY_DEFAULT, CPendingDeprecationWarning)

[2026-10-03 20:08:34,242: INFO/MainProcess] Connected to redis://default:**@whistle-agreement-immune-83193.db.redis.io:15296//
[2026-10-03 20:08:35,971: INFO/MainProcess] mingle: searching for neighbors
[2026-10-03 20:08:40,907: INFO/MainProcess] mingle: all alone
[2026-10-03 20:08:46,946: WARNING/MainProcess] consumer: Connection to broker lost. Trying to re-establish the connection...
Traceback (most recent call last):
  File "D:\RECOVER_AGENT\.venv\Lib\site-packages\celery\worker\consumer\consumer.py", line 346, in start
    blueprint.start(self)
  File "D:\RECOVER_AGENT\.venv\Lib\site-packages\celery\bootsteps.py", line 116, in start
    step.start(parent)
  File "D:\RECOVER_AGENT\.venv\Lib\site-packages\celery\worker\pidbox.py", line 53, in start
    self.consumer = self.node.listen(callback=self.on_message)
                    ^^^^^^^^^^^^^^^^^^^^^^^^^^^^^^^^^^^^^^^^^^
  File "D:\RECOVER_AGENT\.venv\Lib\site-packages\kombu\pidbox.py", line 89, in listen
    consumer = self.Consumer(channel=channel,
               ^^^^^^^^^^^^^^^^^^^^^^^^^^^^^^
  File "D:\RECOVER_AGENT\.venv\Lib\site-packages\kombu\pidbox.py", line 75, in Consumer
    return Consumer(
           ^^^^^^^^^
  File "D:\RECOVER_AGENT\.venv\Lib\site-packages\kombu\messaging.py", line 414, in __init__
    self.revive(self.channel)
  File "D:\RECOVER_AGENT\.venv\Lib\site-packages\kombu\messaging.py", line 436, in revive
    self.declare()
  File "D:\RECOVER_AGENT\.venv\Lib\site-packages\kombu\messaging.py", line 450, in declare
    queue.declare()
  File "D:\RECOVER_AGENT\.venv\Lib\site-packages\kombu\entity.py", line 617, in declare
    self._create_queue(nowait=nowait, channel=channel)
  File "D:\RECOVER_AGENT\.venv\Lib\site-packages\kombu\entity.py", line 626, in _create_queue
    self.queue_declare(nowait=nowait, passive=False, channel=channel)
  File "D:\RECOVER_AGENT\.venv\Lib\site-packages\kombu\entity.py", line 655, in queue_declare
    ret = channel.queue_declare(
          ^^^^^^^^^^^^^^^^^^^^^^
  File "D:\RECOVER_AGENT\.venv\Lib\site-packages\kombu\transport\virtual\base.py", line 538, in queue_declare
    return queue_declare_ok_t(queue, self._size(queue), 0)
                                     ^^^^^^^^^^^^^^^^^
  File "D:\RECOVER_AGENT\.venv\Lib\site-packages\kombu\transport\redis.py", line 1020, in _size
    sizes = pipe.execute()
            ^^^^^^^^^^^^^^
  File "D:\RECOVER_AGENT\.venv\Lib\site-packages\redis\client.py", line 2214, in execute
    conn = self.connection_pool.get_connection()
           ^^^^^^^^^^^^^^^^^^^^^^^^^^^^^^^^^^^^^
  File "D:\RECOVER_AGENT\.venv\Lib\site-packages\redis\utils.py", line 258, in wrapper
    return func(*args, **kwargs)
           ^^^^^^^^^^^^^^^^^^^^^
  File "D:\RECOVER_AGENT\.venv\Lib\site-packages\redis\connection.py", line 3273, in get_connection
    connection.connect()
  File "D:\RECOVER_AGENT\.venv\Lib\site-packages\redis\connection.py", line 1028, in connect
    self.retry.call_with_retry(
  File "D:\RECOVER_AGENT\.venv\Lib\site-packages\redis\retry.py", line 132, in call_with_retry
    raise error
  File "D:\RECOVER_AGENT\.venv\Lib\site-packages\redis\retry.py", line 120, in call_with_retry
    return do()
           ^^^^
  File "D:\RECOVER_AGENT\.venv\Lib\site-packages\redis\connection.py", line 1029, in <lambda>
    lambda: self.connect_check_health(
            ^^^^^^^^^^^^^^^^^^^^^^^^^^
  File "D:\RECOVER_AGENT\.venv\Lib\site-packages\redis\connection.py", line 1083, in connect_check_health
    self.on_connect_check_health(check_health=check_health)
  File "D:\RECOVER_AGENT\.venv\Lib\site-packages\redis\connection.py", line 1155, in on_connect_check_health
    self.handshake_metadata = self.read_response()
                              ^^^^^^^^^^^^^^^^^^^^
  File "D:\RECOVER_AGENT\.venv\Lib\site-packages\redis\connection.py", line 1407, in read_response
    response = self._parser.read_response(
               ^^^^^^^^^^^^^^^^^^^^^^^^^^^
  File "D:\RECOVER_AGENT\.venv\Lib\site-packages\redis\_parsers\resp3.py", line 40, in read_response
    result = self._read_response(
             ^^^^^^^^^^^^^^^^^^^^
  File "D:\RECOVER_AGENT\.venv\Lib\site-packages\redis\_parsers\resp3.py", line 80, in _read_response
    raise error
redis.exceptions.ConnectionError: max number of clients reached
[2026-10-03 20:08:47,511: WARNING/MainProcess] D:\RECOVER_AGENT\.venv\Lib\site-packages\celery\worker\consumer\consumer.py:397: CPendingDeprecationWarning: 
In Celery 5.1 we introduced an optional breaking change which
on connection loss cancels all currently executed tasks with late acknowledgement enabled.
These tasks cannot be acknowledged as the connection is gone, and the tasks are automatically redelivered
back to the queue. You can enable this behavior using the worker_cancel_long_running_tasks_on_connection_loss
setting. In Celery 5.1 it is set to False by default. The setting will be set to True by default in Celery 6.0.

  warnings.warn(CANCEL_TASKS_BY_DEFAULT, CPendingDeprecationWarning)

[2026-10-03 20:08:48,967: INFO/MainProcess] Connected to redis://default:**@whistle-agreement-immune-83193.db.redis.io:15296//
[2026-10-03 20:08:50,410: INFO/MainProcess] mingle: searching for neighbors
[2026-10-03 20:08:55,255: INFO/MainProcess] mingle: all alone
[2026-10-03 20:09:01,633: WARNING/MainProcess] consumer: Connection to broker lost. Trying to re-establish the connection...
Traceback (most recent call last):
  File "D:\RECOVER_AGENT\.venv\Lib\site-packages\celery\worker\consumer\consumer.py", line 346, in start
    blueprint.start(self)
  File "D:\RECOVER_AGENT\.venv\Lib\site-packages\celery\bootsteps.py", line 116, in start
    step.start(parent)
  File "D:\RECOVER_AGENT\.venv\Lib\site-packages\celery\worker\pidbox.py", line 53, in start
    self.consumer = self.node.listen(callback=self.on_message)
                    ^^^^^^^^^^^^^^^^^^^^^^^^^^^^^^^^^^^^^^^^^^
  File "D:\RECOVER_AGENT\.venv\Lib\site-packages\kombu\pidbox.py", line 89, in listen
    consumer = self.Consumer(channel=channel,
               ^^^^^^^^^^^^^^^^^^^^^^^^^^^^^^
  File "D:\RECOVER_AGENT\.venv\Lib\site-packages\kombu\pidbox.py", line 75, in Consumer
    return Consumer(
           ^^^^^^^^^
  File "D:\RECOVER_AGENT\.venv\Lib\site-packages\kombu\messaging.py", line 414, in __init__
    self.revive(self.channel)
  File "D:\RECOVER_AGENT\.venv\Lib\site-packages\kombu\messaging.py", line 436, in revive
    self.declare()
  File "D:\RECOVER_AGENT\.venv\Lib\site-packages\kombu\messaging.py", line 450, in declare
    queue.declare()
  File "D:\RECOVER_AGENT\.venv\Lib\site-packages\kombu\entity.py", line 617, in declare
    self._create_queue(nowait=nowait, channel=channel)
  File "D:\RECOVER_AGENT\.venv\Lib\site-packages\kombu\entity.py", line 626, in _create_queue
    self.queue_declare(nowait=nowait, passive=False, channel=channel)
  File "D:\RECOVER_AGENT\.venv\Lib\site-packages\kombu\entity.py", line 655, in queue_declare
    ret = channel.queue_declare(
          ^^^^^^^^^^^^^^^^^^^^^^
  File "D:\RECOVER_AGENT\.venv\Lib\site-packages\kombu\transport\virtual\base.py", line 538, in queue_declare
    return queue_declare_ok_t(queue, self._size(queue), 0)
                                     ^^^^^^^^^^^^^^^^^
  File "D:\RECOVER_AGENT\.venv\Lib\site-packages\kombu\transport\redis.py", line 1020, in _size
    sizes = pipe.execute()
            ^^^^^^^^^^^^^^
  File "D:\RECOVER_AGENT\.venv\Lib\site-packages\redis\client.py", line 2214, in execute
    conn = self.connection_pool.get_connection()
           ^^^^^^^^^^^^^^^^^^^^^^^^^^^^^^^^^^^^^
  File "D:\RECOVER_AGENT\.venv\Lib\site-packages\redis\utils.py", line 258, in wrapper
    return func(*args, **kwargs)
           ^^^^^^^^^^^^^^^^^^^^^
  File "D:\RECOVER_AGENT\.venv\Lib\site-packages\redis\connection.py", line 3273, in get_connection
    connection.connect()
  File "D:\RECOVER_AGENT\.venv\Lib\site-packages\redis\connection.py", line 1028, in connect
    self.retry.call_with_retry(
  File "D:\RECOVER_AGENT\.venv\Lib\site-packages\redis\retry.py", line 132, in call_with_retry
    raise error
  File "D:\RECOVER_AGENT\.venv\Lib\site-packages\redis\retry.py", line 120, in call_with_retry
    return do()
           ^^^^
  File "D:\RECOVER_AGENT\.venv\Lib\site-packages\redis\connection.py", line 1029, in <lambda>
    lambda: self.connect_check_health(
            ^^^^^^^^^^^^^^^^^^^^^^^^^^
  File "D:\RECOVER_AGENT\.venv\Lib\site-packages\redis\connection.py", line 1083, in connect_check_health
    self.on_connect_check_health(check_health=check_health)
  File "D:\RECOVER_AGENT\.venv\Lib\site-packages\redis\connection.py", line 1155, in on_connect_check_health
    self.handshake_metadata = self.read_response()
                              ^^^^^^^^^^^^^^^^^^^^
  File "D:\RECOVER_AGENT\.venv\Lib\site-packages\redis\connection.py", line 1407, in read_response
    response = self._parser.read_response(
               ^^^^^^^^^^^^^^^^^^^^^^^^^^^
  File "D:\RECOVER_AGENT\.venv\Lib\site-packages\redis\_parsers\resp3.py", line 40, in read_response
    result = self._read_response(
             ^^^^^^^^^^^^^^^^^^^^
  File "D:\RECOVER_AGENT\.venv\Lib\site-packages\redis\_parsers\resp3.py", line 80, in _read_response
    raise error
redis.exceptions.ConnectionError: max number of clients reached
[2026-10-03 20:09:02,206: WARNING/MainProcess] D:\RECOVER_AGENT\.venv\Lib\site-packages\celery\worker\consumer\consumer.py:397: CPendingDeprecationWarning: 
In Celery 5.1 we introduced an optional breaking change which
on connection loss cancels all currently executed tasks with late acknowledgement enabled.
These tasks cannot be acknowledged as the connection is gone, and the tasks are automatically redelivered
back to the queue. You can enable this behavior using the worker_cancel_long_running_tasks_on_connection_loss
setting. In Celery 5.1 it is set to False by default. The setting will be set to True by default in Celery 6.0.

  warnings.warn(CANCEL_TASKS_BY_DEFAULT, CPendingDeprecationWarning)

[2026-10-03 20:09:03,891: INFO/MainProcess] Connected to redis://default:**@whistle-agreement-immune-83193.db.redis.io:15296//
[2026-10-03 20:09:05,697: INFO/MainProcess] mingle: searching for neighbors
[2026-10-03 20:09:10,826: INFO/MainProcess] mingle: all alone
[2026-10-03 20:09:17,294: WARNING/MainProcess] consumer: Connection to broker lost. Trying to re-establish the connection...
Traceback (most recent call last):
  File "D:\RECOVER_AGENT\.venv\Lib\site-packages\celery\worker\consumer\consumer.py", line 346, in start
    blueprint.start(self)
  File "D:\RECOVER_AGENT\.venv\Lib\site-packages\celery\bootsteps.py", line 116, in start
    step.start(parent)
  File "D:\RECOVER_AGENT\.venv\Lib\site-packages\celery\worker\pidbox.py", line 53, in start
    self.consumer = self.node.listen(callback=self.on_message)
                    ^^^^^^^^^^^^^^^^^^^^^^^^^^^^^^^^^^^^^^^^^^
  File "D:\RECOVER_AGENT\.venv\Lib\site-packages\kombu\pidbox.py", line 89, in listen
    consumer = self.Consumer(channel=channel,
               ^^^^^^^^^^^^^^^^^^^^^^^^^^^^^^
  File "D:\RECOVER_AGENT\.venv\Lib\site-packages\kombu\pidbox.py", line 75, in Consumer
    return Consumer(
           ^^^^^^^^^
  File "D:\RECOVER_AGENT\.venv\Lib\site-packages\kombu\messaging.py", line 414, in __init__
    self.revive(self.channel)
  File "D:\RECOVER_AGENT\.venv\Lib\site-packages\kombu\messaging.py", line 436, in revive
    self.declare()
  File "D:\RECOVER_AGENT\.venv\Lib\site-packages\kombu\messaging.py", line 450, in declare
    queue.declare()
  File "D:\RECOVER_AGENT\.venv\Lib\site-packages\kombu\entity.py", line 617, in declare
    self._create_queue(nowait=nowait, channel=channel)
  File "D:\RECOVER_AGENT\.venv\Lib\site-packages\kombu\entity.py", line 626, in _create_queue
    self.queue_declare(nowait=nowait, passive=False, channel=channel)
  File "D:\RECOVER_AGENT\.venv\Lib\site-packages\kombu\entity.py", line 655, in queue_declare
    ret = channel.queue_declare(
          ^^^^^^^^^^^^^^^^^^^^^^
  File "D:\RECOVER_AGENT\.venv\Lib\site-packages\kombu\transport\virtual\base.py", line 538, in queue_declare
    return queue_declare_ok_t(queue, self._size(queue), 0)
                                     ^^^^^^^^^^^^^^^^^
  File "D:\RECOVER_AGENT\.venv\Lib\site-packages\kombu\transport\redis.py", line 1020, in _size
    sizes = pipe.execute()
            ^^^^^^^^^^^^^^
  File "D:\RECOVER_AGENT\.venv\Lib\site-packages\redis\client.py", line 2214, in execute
    conn = self.connection_pool.get_connection()
           ^^^^^^^^^^^^^^^^^^^^^^^^^^^^^^^^^^^^^
  File "D:\RECOVER_AGENT\.venv\Lib\site-packages\redis\utils.py", line 258, in wrapper
    return func(*args, **kwargs)
           ^^^^^^^^^^^^^^^^^^^^^
  File "D:\RECOVER_AGENT\.venv\Lib\site-packages\redis\connection.py", line 3273, in get_connection
    connection.connect()
  File "D:\RECOVER_AGENT\.venv\Lib\site-packages\redis\connection.py", line 1028, in connect
    self.retry.call_with_retry(
  File "D:\RECOVER_AGENT\.venv\Lib\site-packages\redis\retry.py", line 132, in call_with_retry
    raise error
  File "D:\RECOVER_AGENT\.venv\Lib\site-packages\redis\retry.py", line 120, in call_with_retry
    return do()
           ^^^^
  File "D:\RECOVER_AGENT\.venv\Lib\site-packages\redis\connection.py", line 1029, in <lambda>
    lambda: self.connect_check_health(
            ^^^^^^^^^^^^^^^^^^^^^^^^^^
  File "D:\RECOVER_AGENT\.venv\Lib\site-packages\redis\connection.py", line 1083, in connect_check_health
    self.on_connect_check_health(check_health=check_health)
  File "D:\RECOVER_AGENT\.venv\Lib\site-packages\redis\connection.py", line 1155, in on_connect_check_health
    self.handshake_metadata = self.read_response()
                              ^^^^^^^^^^^^^^^^^^^^
  File "D:\RECOVER_AGENT\.venv\Lib\site-packages\redis\connection.py", line 1407, in read_response
    response = self._parser.read_response(
               ^^^^^^^^^^^^^^^^^^^^^^^^^^^
  File "D:\RECOVER_AGENT\.venv\Lib\site-packages\redis\_parsers\resp3.py", line 40, in read_response
    result = self._read_response(
             ^^^^^^^^^^^^^^^^^^^^
  File "D:\RECOVER_AGENT\.venv\Lib\site-packages\redis\_parsers\resp3.py", line 80, in _read_response
    raise error
redis.exceptions.ConnectionError: max number of clients reached
[2026-10-03 20:09:17,856: WARNING/MainProcess] D:\RECOVER_AGENT\.venv\Lib\site-packages\celery\worker\consumer\consumer.py:397: CPendingDeprecationWarning: 
In Celery 5.1 we introduced an optional breaking change which
on connection loss cancels all currently executed tasks with late acknowledgement enabled.
These tasks cannot be acknowledged as the connection is gone, and the tasks are automatically redelivered
back to the queue. You can enable this behavior using the worker_cancel_long_running_tasks_on_connection_loss
setting. In Celery 5.1 it is set to False by default. The setting will be set to True by default in Celery 6.0.

  warnings.warn(CANCEL_TASKS_BY_DEFAULT, CPendingDeprecationWarning)

[2026-10-03 20:09:19,509: INFO/MainProcess] Connected to redis://default:**@whistle-agreement-immune-83193.db.redis.io:15296//
[2026-10-03 20:09:20,946: INFO/MainProcess] mingle: searching for neighbors
